user,day,iso_forest_flag,iso_forest_score,is_insider_day,reason
AAF0535,2010-08-05,1,0.0118417070465988,1,"Flagged due to: high USB device usage (extremely above normal, z=6.57); unusual email activity (extremely below normal, z=-6.17)"
AAF0535,2010-08-10,1,0.0199117019701425,1,"Flagged due to: unusual file access activity (extremely above normal, z=4.73); high USB device usage (extremely above normal, z=3.31)"
AAM0658,2010-10-21,1,0.1348793092870965,0,"Flagged due to: high USB device usage (extremely above normal, z=13.97); unusual number of logins (extremely above normal, z=10.39)"
AAM0658,2010-10-23,1,0.1173110473341797,1,"Flagged due to: after-hours login activity (extremely above normal, z=10.39); unusual email activity (extremely below normal, z=-10.17)"
AAM0658,2010-10-27,1,0.1282354289815095,1,"Flagged due to: unusual number of logins (extremely above normal, z=10.39); after-hours login activity (extremely above normal, z=10.39)"
AAM0658,2010-10-29,1,0.0766790707283682,1,"Flagged due to: unusual number of logins (extremely above normal, z=10.39); after-hours login activity (extremely above normal, z=10.39)"
AAM0658,2010-11-02,1,0.1395782701573256,0,"Flagged due to: unusual number of logins (extremely above normal, z=10.39); after-hours login activity (extremely above normal, z=10.39)"
ABC0174,2010-01-19,1,0.0202433538379467,0,"Flagged due to: unusual email activity (significantly below normal, z=-2.89); unusual number of logins (somewhat below normal, z=-1.99)"
ABC0174,2010-01-23,1,0.0153606543022751,0,"Flagged due to: unusual email activity (extremely below normal, z=-3.69); unusual number of logins (somewhat below normal, z=-1.99)"
ABC0174,2010-06-17,1,0.0012778032885905,0,"Flagged due to: unusual email activity (extremely below normal, z=-5.68); emails sent to external addresses (significantly below normal, z=-2.07)"
ABC0174,2010-06-22,1,0.012374603996807,0,"Flagged due to: unusual email activity (extremely below normal, z=-5.68); emails sent to external addresses (significantly below normal, z=-2.07)"
ABC0174,2010-12-01,1,0.0057028214541203,1,"Flagged due to: high USB device usage (extremely above normal, z=4.17); unusual file access activity (significantly above normal, z=2.73)"
ABC0174,2010-12-10,1,0.0689383189914591,1,"Flagged due to: unusual file access activity (extremely above normal, z=4.87); unusual email activity (extremely below normal, z=-3.69)"
ABC0174,2010-12-21,1,0.0062256324658144,1,"Flagged due to: unusual file access activity (extremely above normal, z=5.41); high USB device usage (extremely above normal, z=5.23)"
ABM0845,2010-02-05,1,0.0716733789413952,0,"Flagged due to: unusual email activity (extremely below normal, z=-7.52); logins from unusual number of PCs (extremely above normal, z=3.74)"
ABM0845,2010-09-07,1,0.0016798959865879,0,"Flagged due to: after-hours login activity (extremely above normal, z=18.55); logins from unusual number of PCs (extremely above normal, z=3.74)"
ABM0845,2011-01-17,1,0.0180848301122248,0,"Flagged due to: unusual email activity (extremely below normal, z=-7.52); logins from unusual number of PCs (extremely above normal, z=3.74)"
ACC0042,2010-01-19,1,0.0574324375684575,0,"Flagged due to: unusual email activity (extremely below normal, z=-7.67); emails sent to external addresses (somewhat below normal, z=-1.74)"
ACC0042,2010-07-08,1,0.0025791909563146,0,"Flagged due to: unusual email activity (extremely below normal, z=-6.23); emails sent to external addresses (somewhat below normal, z=-1.4)"
ACC0042,2011-02-25,1,0.0483227602179867,0,"Flagged due to: unusual email activity (extremely below normal, z=-6.95); emails sent to external addresses (somewhat below normal, z=-1.74)"
ACC0042,2011-03-03,1,0.0096398669214683,0,"Flagged due to: unusual email activity (extremely below normal, z=-5.51); unusual number of logins (somewhat below normal, z=-1.41)"
ACV0812,2010-03-13,1,0.0208263605579209,0,"Flagged due to: unusual email activity (extremely below normal, z=-6.04); unusual number of logins (somewhat below normal, z=-1.98)"
ACV0812,2010-07-03,1,0.0208263605579209,0,"Flagged due to: unusual email activity (extremely below normal, z=-6.04); unusual number of logins (somewhat below normal, z=-1.98)"
ACV0812,2010-09-28,1,0.0388805411891912,0,"Flagged due to: after-hours login activity (extremely above normal, z=3.01); unusual number of logins (extremely above normal, z=3.0)"
ACV0812,2010-10-02,1,0.0208263605579209,0,"Flagged due to: unusual email activity (extremely below normal, z=-6.04); unusual number of logins (somewhat below normal, z=-1.98)"
ACV0812,2011-01-08,1,0.0208263605579209,0,"Flagged due to: unusual email activity (extremely below normal, z=-6.04); unusual number of logins (somewhat below normal, z=-1.98)"
ACV0812,2011-04-26,1,0.0176890168902207,0,"Flagged due to: unusual email activity (extremely below normal, z=-6.04); logins from unusual number of PCs (somewhat above normal, z=1.65)"
ACV0812,2011-05-14,1,0.0208263605579209,0,"Flagged due to: unusual email activity (extremely below normal, z=-6.04); unusual number of logins (somewhat below normal, z=-1.98)"
AHD0848,2010-01-26,1,0.0098242205555498,0,"Flagged due to: after-hours login activity (extremely above normal, z=7.91); logins from unusual number of PCs (significantly above normal, z=2.34)"
AHD0848,2010-01-28,1,0.0992484692091236,0,"Flagged due to: after-hours login activity (extremely above normal, z=7.91); high USB device usage (significantly above normal, z=2.37)"
AHD0848,2010-02-03,1,0.0714379082526863,0,"Flagged due to: after-hours login activity (extremely above normal, z=7.91); logins from unusual number of PCs (significantly above normal, z=2.34)"
AHD0848,2010-03-15,1,0.0504358588115972,0,"Flagged due to: logins from unusual number of PCs (extremely above normal, z=5.03); unusual number of logins (extremely above normal, z=4.2)"
AHD0848,2010-04-27,1,0.0168121469506186,0,"Flagged due to: logins from unusual number of PCs (significantly above normal, z=2.34); unusual number of logins (significantly above normal, z=2.19)"
AHD0848,2010-06-07,1,0.0609956945344138,0,"Flagged due to: after-hours login activity (extremely above normal, z=7.91); logins from unusual number of PCs (extremely above normal, z=5.03)"
AHD0848,2010-07-27,1,0.017103802662053,0,"Flagged due to: high USB device usage (significantly above normal, z=2.37); logins from unusual number of PCs (significantly above normal, z=2.34)"
AHD0848,2010-10-05,1,0.0304728517407744,0,"Flagged due to: unusual email activity (extremely below normal, z=-4.54); logins from unusual number of PCs (significantly above normal, z=2.34)"
AHD0848,2010-12-07,1,0.0171891635135243,0,"Flagged due to: logins from unusual number of PCs (significantly above normal, z=2.34); unusual number of logins (significantly above normal, z=2.19)"
AHD0848,2010-12-14,1,0.1226916396535372,0,"Flagged due to: after-hours login activity (extremely above normal, z=7.91); logins from unusual number of PCs (extremely above normal, z=5.03)"
AHD0848,2011-01-19,1,0.1083348260804446,0,"Flagged due to: after-hours login activity (extremely above normal, z=7.91); unusual file access activity (significantly above normal, z=2.48)"
AHD0848,2011-01-24,1,0.0304728517407744,0,"Flagged due to: unusual email activity (extremely below normal, z=-4.54); logins from unusual number of PCs (significantly above normal, z=2.34)"
AHD0848,2011-02-20,1,0.0426057014297867,0,"Flagged due to: unusual file access activity (significantly above normal, z=2.48); high USB device usage (significantly above normal, z=2.37)"
AHD0848,2011-03-31,1,0.0403203793642984,0,"Flagged due to: logins from unusual number of PCs (extremely above normal, z=5.03); unusual number of logins (extremely above normal, z=4.2)"
AHD0848,2011-04-21,1,0.040087567314372,0,"Flagged due to: logins from unusual number of PCs (extremely above normal, z=5.03); unusual email activity (extremely above normal, z=4.69)"
AHD0848,2011-04-26,1,0.0747382517649282,0,"Flagged due to: unusual file access activity (significantly above normal, z=2.48); high USB device usage (significantly above normal, z=2.37)"
AHD0848,2011-04-27,1,0.0304728517407744,0,"Flagged due to: unusual email activity (extremely below normal, z=-4.54); logins from unusual number of PCs (significantly above normal, z=2.34)"
AHD0848,2011-05-04,1,0.0171891635135243,0,"Flagged due to: logins from unusual number of PCs (significantly above normal, z=2.34); unusual number of logins (significantly above normal, z=2.19)"
AHM0410,2010-01-25,1,0.0184248595425975,0,"Flagged due to: unusual number of logins (significantly above normal, z=2.22); high USB device usage (significantly above normal, z=2.1)"
AHM0410,2010-02-19,1,0.0126715332775579,0,"Flagged due to: unusual number of logins (significantly above normal, z=2.22); logins from unusual number of PCs (somewhat above normal, z=1.53)"
AHM0410,2010-08-18,1,0.0056358444283698,0,"Flagged due to: unusual number of logins (significantly above normal, z=2.22); high USB device usage (significantly above normal, z=2.1)"
AHM0410,2010-10-11,1,0.0364086503358151,0,"Flagged due to: unusual email activity (extremely below normal, z=-7.82); emails sent to external addresses (somewhat below normal, z=-1.41)"
AHM0410,2010-11-30,1,0.0434795236515289,0,"Flagged due to: unusual email activity (extremely below normal, z=-4.22); unusual number of logins (significantly above normal, z=2.22)"
AHM0410,2010-12-10,1,0.0076436508981608,0,"Flagged due to: unusual email activity (extremely below normal, z=-6.02); unusual file access activity (somewhat below normal, z=-1.34)"
AHM0410,2011-01-31,1,0.0068540350825668,0,"Flagged due to: unusual number of logins (significantly above normal, z=2.22); high USB device usage (significantly above normal, z=2.1)"
AHM0410,2011-04-29,1,0.0802274458079503,0,"Flagged due to: unusual email activity (extremely below normal, z=-7.82); unusual number of logins (significantly above normal, z=2.22)"
AHM0410,2011-05-03,1,0.0145719196158269,0,"Flagged due to: unusual number of logins (significantly above normal, z=2.22); logins from unusual number of PCs (somewhat above normal, z=1.53)"
AIB0948,2010-01-22,1,0.039502592116278,0,"Flagged due to: unusual email activity (extremely below normal, z=-4.26); high USB device usage (significantly below normal, z=-2.64)"
AIB0948,2010-10-18,1,0.031588241172899,0,"Flagged due to: unusual number of logins (extremely above normal, z=3.6); logins from unusual number of PCs (significantly above normal, z=2.92)"
AIB0948,2010-10-19,1,0.0012302732581821,0,"Flagged due to: logins from unusual number of PCs (significantly above normal, z=2.92); high USB device usage (significantly above normal, z=2.18)"
AIB0948,2010-12-06,1,0.0088930544808305,0,"Flagged due to: high USB device usage (significantly below normal, z=-2.64); unusual file access activity (significantly above normal, z=2.1)"
AIB0948,2011-01-14,1,0.0086881023267397,0,"Flagged due to: unusual number of logins (extremely above normal, z=3.6); logins from unusual number of PCs (significantly above normal, z=2.92)"
AIB0948,2011-03-15,1,0.010296267662603,0,"Flagged due to: unusual email activity (extremely below normal, z=-4.26); unusual number of logins (somewhat above normal, z=1.66)"
AIB0948,2011-03-29,1,0.0555190885505316,0,"Flagged due to: unusual email activity (extremely below normal, z=-4.26); logins from unusual number of PCs (significantly above normal, z=2.92)"
AIB0948,2011-05-13,1,0.0414372369942792,0,"Flagged due to: unusual number of logins (extremely above normal, z=3.6); logins from unusual number of PCs (significantly above normal, z=2.92)"
AIP0394,2010-05-01,1,0.0549314000713628,0,"Flagged due to: unusual email activity (extremely below normal, z=-7.16); after-hours login activity (significantly above normal, z=2.78)"
AIP0394,2010-05-08,1,0.0549314000713628,0,"Flagged due to: unusual email activity (extremely below normal, z=-7.16); after-hours login activity (significantly above normal, z=2.78)"
AIP0394,2011-03-19,1,0.0549314000713628,0,"Flagged due to: unusual email activity (extremely below normal, z=-7.16); after-hours login activity (significantly above normal, z=2.78)"
AIP0982,2010-03-04,1,0.0269482268726959,0,"Flagged due to: logins from unusual number of PCs (extremely above normal, z=4.26); unusual number of logins (significantly above normal, z=2.68)"
AIP0982,2010-04-27,1,0.0288458772228881,0,"Flagged due to: logins from unusual number of PCs (extremely above normal, z=4.26); unusual number of logins (significantly above normal, z=2.68)"
AIP0982,2010-04-30,1,0.0658838897765786,0,"Flagged due to: unusual email activity (extremely below normal, z=-6.44); unusual number of logins (somewhat below normal, z=-1.93)"
AIP0982,2010-08-24,1,0.0431689924209084,0,"Flagged due to: unusual email activity (extremely below normal, z=-6.44); emails sent to external addresses (somewhat below normal, z=-1.69)"
AIP0982,2010-09-13,1,0.0180252319635615,0,"Flagged due to: unusual email activity (extremely below normal, z=-5.1); emails sent to external addresses (somewhat below normal, z=-1.69)"
AIP0982,2010-10-01,1,0.0628156620834176,0,"Flagged due to: logins from unusual number of PCs (extremely above normal, z=4.26); unusual number of logins (significantly above normal, z=2.68)"
AIP0982,2010-12-21,1,0.0245871143485704,0,"Flagged due to: logins from unusual number of PCs (extremely above normal, z=4.26); unusual number of logins (significantly above normal, z=2.68)"
AIP0982,2011-01-13,1,0.0068669236276729,0,"Flagged due to: logins from unusual number of PCs (extremely above normal, z=4.26); unusual file access activity (somewhat below normal, z=-1.49)"
AIP0982,2011-01-26,1,0.0217515290032477,0,"Flagged due to: logins from unusual number of PCs (extremely above normal, z=4.26); unusual number of logins (significantly above normal, z=2.68)"
AIP0982,2011-03-23,1,0.0050736874814362,0,"Flagged due to: unusual email activity (extremely below normal, z=-5.77); unusual file access activity (somewhat below normal, z=-1.49)"
AJD0074,2010-01-19,1,0.0409887216563397,0,"Flagged due to: unusual file access activity (extremely above normal, z=3.03); high USB device usage (significantly above normal, z=2.45)"
AJD0074,2010-01-25,1,0.0170241541831828,0,"Flagged due to: unusual file access activity (significantly above normal, z=2.63); unusual number of logins (significantly below normal, z=-2.19)"
AJD0074,2010-02-06,1,0.0276620963895039,0,"Flagged due to: unusual number of logins (significantly above normal, z=2.48); logins from unusual number of PCs (significantly above normal, z=2.24)"
AJD0074,2010-03-04,1,0.0402238479662427,0,"Flagged due to: unusual email activity (extremely below normal, z=-7.04); emails sent to external addresses (somewhat below normal, z=-1.95)"
AJD0074,2010-03-10,1,0.0169700961510447,0,"Flagged due to: unusual number of logins (significantly above normal, z=2.48); logins from unusual number of PCs (significantly above normal, z=2.24)"
AJD0074,2010-03-24,1,0.0088688951682699,0,"Flagged due to: unusual email activity (significantly below normal, z=-2.88); unusual file access activity (somewhat above normal, z=1.45)"
AJD0074,2010-04-20,1,0.0064359058526839,0,"Flagged due to: unusual number of logins (significantly above normal, z=2.48); logins from unusual number of PCs (significantly above normal, z=2.24)"
AJD0074,2010-05-13,1,0.0714915745119492,0,"Flagged due to: high USB device usage (extremely above normal, z=3.96); unusual file access activity (significantly above normal, z=2.63)"
AJD0074,2010-05-19,1,0.0390526992604917,0,"Flagged due to: high USB device usage (extremely above normal, z=3.96); unusual file access activity (extremely above normal, z=3.03)"
AJD0074,2010-05-27,1,0.0662092256828799,0,"Flagged due to: after-hours login activity (significantly above normal, z=2.86); unusual number of logins (significantly above normal, z=2.48)"
AJD0074,2010-06-03,1,0.0066958979198875,0,"Flagged due to: after-hours login activity (significantly above normal, z=2.86); unusual number of logins (significantly above normal, z=2.48)"
AJD0074,2010-06-07,1,0.0851972391615437,0,"Flagged due to: after-hours login activity (significantly above normal, z=2.86); unusual number of logins (significantly above normal, z=2.48)"
AJD0074,2010-06-14,1,0.0310796153361122,0,"Flagged due to: high USB device usage (significantly above normal, z=2.45); unusual file access activity (significantly above normal, z=2.24)"
AJD0074,2010-07-15,1,0.0381422928166327,0,"Flagged due to: unusual number of logins (significantly above normal, z=2.48); logins from unusual number of PCs (significantly above normal, z=2.24)"
AJD0074,2010-07-28,1,0.0420825156160156,0,"Flagged due to: unusual number of logins (significantly above normal, z=2.48); logins from unusual number of PCs (significantly above normal, z=2.24)"
AJD0074,2010-08-03,1,0.0413260043552149,0,"Flagged due to: unusual email activity (extremely below normal, z=-3.92); unusual file access activity (somewhat above normal, z=1.84)"
AJD0074,2010-08-16,1,0.03044032587852,0,"Flagged due to: after-hours login activity (significantly above normal, z=2.86); logins from unusual number of PCs (significantly above normal, z=2.24)"
AJD0074,2010-08-31,1,0.0405540234246185,0,"Flagged due to: high USB device usage (extremely above normal, z=3.96); unusual file access activity (extremely above normal, z=3.81)"
AJD0074,2010-09-21,1,0.0386206273668204,0,"Flagged due to: unusual number of logins (significantly above normal, z=2.48); logins from unusual number of PCs (significantly above normal, z=2.24)"
AJD0074,2010-09-22,1,0.0065984833687532,0,"Flagged due to: unusual file access activity (significantly above normal, z=2.63); high USB device usage (significantly above normal, z=2.45)"
AJD0074,2010-10-07,1,0.0374396722682436,0,"Flagged due to: unusual number of logins (significantly above normal, z=2.48); logins from unusual number of PCs (significantly above normal, z=2.24)"
AJD0074,2010-10-08,1,0.0321055802675183,0,"Flagged due to: unusual file access activity (extremely above normal, z=3.42); high USB device usage (significantly above normal, z=2.45)"
AJD0074,2010-11-12,1,0.0181590309532019,0,"Flagged due to: logins from unusual number of PCs (significantly above normal, z=2.24); unusual file access activity (significantly above normal, z=2.24)"
AJD0074,2010-11-15,1,0.0491268054762258,0,"Flagged due to: unusual number of logins (significantly above normal, z=2.48); high USB device usage (significantly above normal, z=2.45)"
AJD0074,2010-11-22,1,0.0485689422326619,0,"Flagged due to: unusual email activity (extremely below normal, z=-6.0); logins from unusual number of PCs (significantly above normal, z=2.24)"
AJD0074,2010-12-20,1,0.0705195743454443,0,"Flagged due to: high USB device usage (extremely above normal, z=3.96); logins from unusual number of PCs (significantly above normal, z=2.24)"
AJD0074,2011-01-06,1,0.0497471187074534,0,"Flagged due to: unusual email activity (extremely below normal, z=-4.96); high USB device usage (extremely above normal, z=3.96)"
AJD0074,2011-01-17,1,0.0241996077138241,0,"Flagged due to: unusual file access activity (extremely above normal, z=3.81); logins from unusual number of PCs (significantly above normal, z=2.24)"
AJD0074,2011-02-07,1,0.002030602924798,0,"Flagged due to: logins from unusual number of PCs (significantly above normal, z=2.24); unusual file access activity (somewhat above normal, z=1.84)"
AJD0074,2011-03-05,1,0.0076748404921096,0,"Flagged due to: after-hours login activity (significantly above normal, z=2.86); unusual number of logins (significantly above normal, z=2.48)"
AJD0074,2011-03-16,1,0.0598580446941834,0,"Flagged due to: unusual email activity (extremely below normal, z=-10.17); emails sent to external addresses (somewhat below normal, z=-1.95)"
AJD0074,2011-04-05,1,0.0552928352797246,0,"Flagged due to: unusual email activity (extremely below normal, z=-4.96); high USB device usage (significantly above normal, z=2.45)"
AJD0074,2011-04-18,1,0.0403696452547764,0,"Flagged due to: high USB device usage (significantly above normal, z=2.45); logins from unusual number of PCs (significantly above normal, z=2.24)"
AJD0074,2011-04-21,1,0.0172537298376074,0,"Flagged due to: high USB device usage (significantly above normal, z=2.45); unusual file access activity (somewhat above normal, z=1.84)"
AJD0074,2011-05-02,1,0.0219369619275116,0,"Flagged due to: unusual file access activity (extremely above normal, z=3.81); emails sent to external addresses (somewhat below normal, z=-1.18)"
AJD0074,2011-05-10,1,0.007711381727118,0,"Flagged due to: high USB device usage (significantly above normal, z=2.45); unusual file access activity (significantly above normal, z=2.24)"
AJF0370,2010-01-13,1,0.0565125757824922,0,"Flagged due to: unusual file access activity (significantly above normal, z=2.72); high USB device usage (somewhat above normal, z=1.69)"
AJF0370,2010-01-15,1,0.0031690777063945,0,"Flagged due to: unusual number of logins (somewhat below normal, z=-1.91); logins from unusual number of PCs (somewhat below normal, z=-1.44)"
AJF0370,2010-01-19,1,0.0038469357768354,0,"Flagged due to: emails sent to external addresses (somewhat below normal, z=-1.76); high USB device usage (somewhat below normal, z=-1.59)"
AJF0370,2010-01-29,1,0.0262097774241046,0,"Flagged due to: after-hours login activity (significantly above normal, z=2.12); high USB device usage (somewhat above normal, z=1.69)"
AJF0370,2010-02-03,1,0.0054343401446078,0,"Flagged due to: high USB device usage (somewhat above normal, z=1.69); unusual file access activity (somewhat above normal, z=1.65)"
AJF0370,2010-02-15,1,0.0005242397079762,0,"Flagged due to: after-hours login activity (somewhat below normal, z=-1.77); high USB device usage (somewhat below normal, z=-1.59)"
AJF0370,2010-02-18,1,0.0037427252556831,0,"Flagged due to: unusual number of logins (somewhat below normal, z=-1.91); unusual email activity (somewhat below normal, z=-1.69)"
AJF0370,2010-03-11,1,0.017323006365172,0,"Flagged due to: after-hours login activity (significantly above normal, z=2.12); high USB device usage (somewhat above normal, z=1.69)"
AJF0370,2010-03-31,1,0.0104656958031815,0,"Flagged due to: unusual file access activity (somewhat below normal, z=-1.95); unusual number of logins (somewhat above normal, z=1.54)"
AJF0370,2010-04-12,1,0.0900526447652871,0,"Flagged due to: unusual email activity (extremely below normal, z=-6.38); emails sent to external addresses (somewhat below normal, z=-1.76)"
AJF0370,2010-04-15,1,0.0108536171762926,0,"Flagged due to: unusual number of logins (somewhat below normal, z=-1.91); emails sent to external addresses (somewhat below normal, z=-1.76)"
AJF0370,2010-04-20,1,0.0127575045362757,0,"Flagged due to: unusual number of logins (somewhat below normal, z=-1.91); after-hours login activity (somewhat below normal, z=-1.77)"
AJF0370,2010-05-03,1,0.0222800175046293,0,"Flagged due to: high USB device usage (somewhat above normal, z=1.69); unusual file access activity (somewhat above normal, z=1.52)"
AJF0370,2010-05-08,1,0.002720927675152,0,"Flagged due to: unusual number of logins (somewhat below normal, z=-1.91); after-hours login activity (somewhat below normal, z=-1.77)"
AJF0370,2010-05-13,1,0.0034429664690254,0,"Flagged due to: high USB device usage (somewhat below normal, z=-1.59); logins from unusual number of PCs (somewhat below normal, z=-1.44)"
AJF0370,2010-05-18,1,0.0483880087665161,0,"Flagged due to: unusual number of logins (somewhat below normal, z=-1.91); high USB device usage (somewhat below normal, z=-1.59)"
AJF0370,2010-05-24,1,0.0106944665219066,0,"Flagged due to: after-hours login activity (significantly above normal, z=2.12); unusual number of logins (somewhat above normal, z=1.54)"
AJF0370,2010-05-30,1,0.0039471289624821,0,"Flagged due to: high USB device usage (significantly below normal, z=-2.24); after-hours login activity (somewhat below normal, z=-1.77)"
AJF0370,2010-06-02,1,0.0201787056002422,0,"Flagged due to: after-hours login activity (somewhat below normal, z=-1.77); emails sent to external addresses (somewhat below normal, z=-1.76)"
AJF0370,2010-06-15,1,0.0605894867189815,0,"Flagged due to: unusual file access activity (extremely above normal, z=3.25); emails sent to external addresses (somewhat below normal, z=-1.76)"
AJF0370,2010-06-17,1,0.0303971488903906,0,"Flagged due to: unusual email activity (extremely below normal, z=-3.7); after-hours login activity (somewhat below normal, z=-1.77)"
AJF0370,2010-07-01,1,0.0798296704113656,0,"Flagged due to: unusual email activity (extremely below normal, z=-4.37); after-hours login activity (somewhat below normal, z=-1.77)"
AJF0370,2010-07-02,1,0.0545117462134445,0,"Flagged due to: unusual file access activity (significantly above normal, z=2.19); high USB device usage (somewhat above normal, z=1.69)"
AJF0370,2010-07-06,1,0.029993115358793,0,"Flagged due to: unusual file access activity (significantly above normal, z=2.19); emails sent to external addresses (significantly below normal, z=-2.13)"
AJF0370,2010-07-07,1,0.0047726966440685,0,"Flagged due to: after-hours login activity (significantly above normal, z=2.12); unusual number of logins (somewhat above normal, z=1.54)"
AJF0370,2010-07-08,1,0.0292742877426841,0,"Flagged due to: emails sent to external addresses (somewhat below normal, z=-1.76); high USB device usage (somewhat above normal, z=1.69)"
AJF0370,2010-07-15,1,0.0382899767086772,0,"Flagged due to: unusual number of logins (somewhat below normal, z=-1.91); after-hours login activity (somewhat below normal, z=-1.77)"
AJF0370,2010-07-29,1,0.0363762656399884,0,"Flagged due to: unusual file access activity (significantly above normal, z=2.59); high USB device usage (somewhat above normal, z=1.69)"
AJF0370,2010-08-10,1,0.0086739379378288,0,"Flagged due to: after-hours login activity (somewhat below normal, z=-1.77); logins from unusual number of PCs (somewhat below normal, z=-1.44)"
AJF0370,2010-09-13,1,0.1321447883775141,0,"Flagged due to: unusual email activity (extremely below normal, z=-6.38); unusual file access activity (significantly above normal, z=2.59)"
AJF0370,2010-09-14,1,0.0012341892222229,0,"Flagged due to: after-hours login activity (significantly above normal, z=2.12); unusual number of logins (somewhat above normal, z=1.54)"
AJF0370,2010-09-20,1,0.0161963188002925,0,"Flagged due to: after-hours login activity (significantly above normal, z=2.12); logins from unusual number of PCs (somewhat above normal, z=1.45)"
AJF0370,2010-09-29,1,0.0212798662720796,0,"Flagged due to: unusual file access activity (significantly above normal, z=2.72); emails sent to external addresses (somewhat above normal, z=1.49)"
AJF0370,2010-11-03,1,0.0532271332408169,0,"Flagged due to: unusual email activity (extremely below normal, z=-5.04); unusual number of logins (somewhat below normal, z=-1.91)"
AJF0370,2010-11-08,1,0.0049430513022222,0,"Flagged due to: high USB device usage (somewhat below normal, z=-1.59); logins from unusual number of PCs (somewhat below normal, z=-1.44)"
AJF0370,2010-11-11,1,0.0656643505142491,0,"Flagged due to: unusual email activity (extremely below normal, z=-3.7); unusual file access activity (somewhat below normal, z=-1.82)"
AJF0370,2010-11-15,1,0.0875489459060823,0,"Flagged due to: unusual email activity (extremely below normal, z=-4.37); after-hours login activity (significantly above normal, z=2.12)"
AJF0370,2010-11-23,1,0.0092381552159771,0,"Flagged due to: high USB device usage (somewhat below normal, z=-1.59); logins from unusual number of PCs (somewhat below normal, z=-1.44)"
AJF0370,2010-11-30,1,0.0834068191636228,0,"Flagged due to: unusual email activity (extremely below normal, z=-4.37); emails sent to external addresses (significantly below normal, z=-2.13)"
AJF0370,2010-12-02,1,0.025492511642668,0,"Flagged due to: high USB device usage (significantly below normal, z=-2.24); logins from unusual number of PCs (somewhat below normal, z=-1.44)"
AJF0370,2010-12-03,1,0.0061377358795303,0,"Flagged due to: high USB device usage (significantly below normal, z=-2.24); logins from unusual number of PCs (somewhat below normal, z=-1.44)"
AJF0370,2010-12-08,1,0.0303900752644256,0,"Flagged due to: unusual file access activity (somewhat above normal, z=1.78); high USB device usage (somewhat above normal, z=1.69)"
AJF0370,2010-12-14,1,0.0678659610122442,0,"Flagged due to: high USB device usage (significantly below normal, z=-2.24); unusual file access activity (somewhat below normal, z=-1.95)"
AJF0370,2010-12-30,1,0.0273478079552532,0,"Flagged due to: high USB device usage (somewhat below normal, z=-1.59); emails sent to external addresses (somewhat above normal, z=1.49)"
AJF0370,2011-01-05,1,0.0867501160573924,0,"Flagged due to: unusual file access activity (significantly above normal, z=2.59); after-hours login activity (significantly above normal, z=2.12)"
AJF0370,2011-01-06,1,0.0100092026356419,0,"Flagged due to: high USB device usage (somewhat below normal, z=-1.59); logins from unusual number of PCs (somewhat below normal, z=-1.44)"
AJF0370,2011-01-07,1,0.054360123473622,0,"Flagged due to: unusual file access activity (significantly above normal, z=2.19); after-hours login activity (significantly above normal, z=2.12)"
AJF0370,2011-01-12,1,0.0205639338139589,0,"Flagged due to: unusual file access activity (somewhat below normal, z=-1.69); high USB device usage (somewhat below normal, z=-1.59)"
AJF0370,2011-01-31,1,0.0094118736488514,0,"Flagged due to: high USB device usage (somewhat below normal, z=-1.59); logins from unusual number of PCs (somewhat below normal, z=-1.44)"
AJF0370,2011-02-10,1,0.0198996351035537,0,"Flagged due to: unusual file access activity (extremely above normal, z=3.12); after-hours login activity (somewhat above normal, z=1.34)"
AJF0370,2011-02-11,1,0.0392313618551987,0,"Flagged due to: after-hours login activity (significantly above normal, z=2.12); high USB device usage (somewhat above normal, z=1.69)"
AJF0370,2011-02-18,1,0.0156572571638593,0,"Flagged due to: high USB device usage (significantly below normal, z=-2.24); emails sent to external addresses (somewhat below normal, z=-1.76)"
AJF0370,2011-02-21,1,0.017111197469856,0,"Flagged due to: unusual file access activity (significantly above normal, z=2.85); unusual number of logins (somewhat above normal, z=1.54)"
AJF0370,2011-03-01,1,0.0413750309699374,0,"Flagged due to: unusual email activity (extremely below normal, z=-3.03); after-hours login activity (significantly above normal, z=2.12)"
AJF0370,2011-03-04,1,0.0034454768897459,0,"Flagged due to: emails sent to external addresses (significantly below normal, z=-2.13); after-hours login activity (significantly above normal, z=2.12)"
AJF0370,2011-03-11,1,0.0661290655025234,0,"Flagged due to: unusual email activity (extremely below normal, z=-3.03); after-hours login activity (significantly above normal, z=2.12)"
AJF0370,2011-03-24,1,0.0059046772452718,0,"Flagged due to: after-hours login activity (significantly above normal, z=2.12); unusual number of logins (somewhat above normal, z=1.54)"
AJF0370,2011-04-06,1,0.0216448210782038,0,"Flagged due to: unusual file access activity (significantly above normal, z=2.72); high USB device usage (somewhat above normal, z=1.69)"
AJF0370,2011-04-11,1,0.0287760214120338,0,"Flagged due to: after-hours login activity (significantly above normal, z=2.12); high USB device usage (somewhat above normal, z=1.69)"
AJF0370,2011-04-19,1,0.029324333566014,0,"Flagged due to: high USB device usage (somewhat below normal, z=-1.59); emails sent to external addresses (somewhat above normal, z=1.49)"
AJF0370,2011-05-10,1,0.0362950900772668,0,"Flagged due to: unusual file access activity (significantly above normal, z=2.59); high USB device usage (somewhat above normal, z=1.69)"
AJF0370,2011-05-11,1,0.0241857475124687,0,"Flagged due to: high USB device usage (somewhat above normal, z=1.69); unusual number of logins (somewhat above normal, z=1.54)"
AJF0370,2011-05-16,1,0.046574248095439,0,"Flagged due to: unusual file access activity (significantly above normal, z=2.05); high USB device usage (somewhat above normal, z=1.69)"
AJH0175,2010-01-19,1,0.1174377554328344,0,"Flagged due to: unusual email activity (extremely below normal, z=-5.32); after-hours login activity (significantly above normal, z=2.4)"
AJH0175,2010-02-23,1,0.0177260251887839,0,"Flagged due to: high USB device usage (extremely above normal, z=3.6); unusual file access activity (significantly above normal, z=2.63)"
AJH0175,2010-04-29,1,0.0680557975687569,0,"Flagged due to: unusual email activity (extremely below normal, z=-4.39); unusual file access activity (extremely above normal, z=3.85)"
AJH0175,2010-06-03,1,0.0071513308919194,0,"Flagged due to: after-hours login activity (significantly above normal, z=2.4); unusual number of logins (significantly above normal, z=2.2)"
AJH0175,2010-06-23,1,0.0028894026857296,0,"Flagged due to: after-hours login activity (significantly above normal, z=2.4); unusual number of logins (significantly above normal, z=2.2)"
AJH0175,2010-08-13,1,0.0157946739735274,0,"Flagged due to: after-hours login activity (significantly above normal, z=2.4); unusual number of logins (significantly above normal, z=2.2)"
AJH0175,2010-09-27,1,0.0081189066660446,0,"Flagged due to: after-hours login activity (significantly above normal, z=2.4); unusual number of logins (significantly above normal, z=2.2)"
AJH0175,2010-10-19,1,0.009859082971811,0,"Flagged due to: unusual file access activity (extremely above normal, z=3.24); unusual number of logins (significantly above normal, z=2.2)"
AJH0175,2010-11-10,1,0.0112632279086052,0,"Flagged due to: after-hours login activity (significantly above normal, z=2.4); unusual number of logins (significantly above normal, z=2.2)"
AJH0175,2010-11-11,1,0.0072005438019906,0,"Flagged due to: high USB device usage (extremely above normal, z=3.6); unusual file access activity (extremely above normal, z=3.24)"
AJH0175,2011-01-04,1,0.0084050893168619,0,"Flagged due to: after-hours login activity (significantly above normal, z=2.4); unusual number of logins (significantly above normal, z=2.2)"
AJH0175,2011-01-11,1,0.0603317530864634,0,"Flagged due to: unusual email activity (extremely below normal, z=-4.85); unusual file access activity (significantly above normal, z=2.63)"
AJH0175,2011-01-13,1,0.0013335979374318,0,"Flagged due to: after-hours login activity (significantly above normal, z=2.4); unusual number of logins (significantly above normal, z=2.2)"
AJH0175,2011-02-01,1,0.0112762944783637,0,"Flagged due to: after-hours login activity (significantly above normal, z=2.4); unusual number of logins (significantly above normal, z=2.2)"
AJH0175,2011-03-09,1,0.0066965886677794,0,"Flagged due to: after-hours login activity (significantly above normal, z=2.4); unusual number of logins (significantly above normal, z=2.2)"
AJH0175,2011-03-10,1,0.0620840693713248,0,"Flagged due to: unusual email activity (extremely below normal, z=-6.73); unusual file access activity (significantly above normal, z=2.02)"
AJH0175,2011-03-14,1,0.0146603705909222,0,"Flagged due to: high USB device usage (extremely above normal, z=5.02); unusual file access activity (significantly above normal, z=2.02)"
AJH0175,2011-04-26,1,0.0103125112407432,0,"Flagged due to: unusual email activity (extremely below normal, z=-6.73); emails sent to external addresses (somewhat below normal, z=-1.86)"
AJL0462,2010-03-20,1,0.0200662712067892,0,"Flagged due to: unusual email activity (extremely below normal, z=-5.81); after-hours login activity (significantly above normal, z=2.99)"
AJL0462,2010-11-06,1,0.0200662712067892,0,"Flagged due to: unusual email activity (extremely below normal, z=-5.81); after-hours login activity (significantly above normal, z=2.99)"
AJL0462,2010-11-22,1,0.0379034105661674,0,"Flagged due to: unusual email activity (extremely below normal, z=-5.81); after-hours login activity (significantly above normal, z=2.99)"
AJN0607,2010-06-23,1,0.1011726081621773,0,"Flagged due to: unusual email activity (extremely below normal, z=-7.8); unusual file access activity (significantly above normal, z=2.75)"
AJN0607,2010-09-15,1,0.0011370794262109,0,"Flagged due to: unusual number of logins (somewhat above normal, z=1.92); logins from unusual number of PCs (somewhat above normal, z=1.46)"
AJN0607,2011-02-02,1,0.0730246211603256,0,"Flagged due to: unusual email activity (extremely below normal, z=-6.07); unusual file access activity (significantly above normal, z=2.33)"
AJR0932,2010-09-10,1,0.1028398449293073,1,"Flagged due to: unusual file access activity (extremely above normal, z=24.0); high USB device usage (extremely above normal, z=9.0)"
AJR0932,2010-09-16,1,0.0596813618421353,1,"Flagged due to: unusual file access activity (extremely above normal, z=23.0); high USB device usage (extremely above normal, z=9.0)"
AJR0932,2010-09-17,1,0.03680650714523,1,"Flagged due to: unusual email activity (extremely below normal, z=-13.19); emails sent to external addresses (somewhat below normal, z=-1.7)"
AKR0057,2010-03-04,1,0.0825863636694821,0,"Flagged due to: unusual email activity (extremely below normal, z=-7.65); logins from unusual number of PCs (extremely above normal, z=4.5)"
AKR0057,2010-03-19,1,0.0332991511589817,0,"Flagged due to: logins from unusual number of PCs (extremely above normal, z=4.5); unusual number of logins (significantly above normal, z=2.65)"
AKR0057,2010-05-18,1,0.0243296564302445,0,"Flagged due to: logins from unusual number of PCs (extremely above normal, z=4.5); unusual number of logins (significantly above normal, z=2.65)"
AKR0057,2010-07-29,1,0.0095971028922977,0,"Flagged due to: logins from unusual number of PCs (extremely above normal, z=4.5); unusual number of logins (significantly above normal, z=2.65)"
AKR0057,2010-09-29,1,0.0496282671301694,0,"Flagged due to: unusual email activity (extremely below normal, z=-6.21); high USB device usage (significantly above normal, z=2.23)"
AKR0057,2010-11-05,1,0.0306162806172979,1,"Flagged due to: logins from unusual number of PCs (extremely above normal, z=4.5); unusual number of logins (significantly above normal, z=2.65)"
AKR0057,2010-11-19,1,0.0033235247671321,1,"Flagged due to: unusual file access activity (extremely above normal, z=3.92); high USB device usage (extremely above normal, z=3.3)"
AMR0318,2010-01-11,1,0.0253880653173879,0,"Flagged due to: after-hours login activity (extremely above normal, z=3.94); high USB device usage (significantly above normal, z=2.49)"
AMR0318,2010-01-19,1,0.0299305074607203,0,"Flagged due to: after-hours login activity (extremely above normal, z=3.94); emails sent to external addresses (significantly above normal, z=2.76)"
AMR0318,2010-04-06,1,0.0102935842734322,0,"Flagged due to: after-hours login activity (extremely above normal, z=3.94); high USB device usage (significantly above normal, z=2.49)"
AMR0318,2010-08-17,1,0.0514966582917557,0,"Flagged due to: after-hours login activity (extremely above normal, z=3.94); unusual email activity (extremely below normal, z=-3.18)"
AMR0318,2010-09-03,1,0.0055246250509238,0,"Flagged due to: after-hours login activity (extremely above normal, z=3.94); unusual number of logins (significantly above normal, z=2.5)"
AMR0318,2010-11-13,1,0.0812543699384996,0,"Flagged due to: unusual email activity (extremely below normal, z=-6.24); after-hours login activity (extremely above normal, z=3.94)"
AMR0318,2011-02-23,1,0.0149732084109329,0,"Flagged due to: after-hours login activity (extremely above normal, z=8.11); unusual number of logins (extremely above normal, z=4.66)"
AMR0318,2011-03-02,1,0.0395137409474508,0,"Flagged due to: unusual email activity (extremely below normal, z=-5.8); unusual file access activity (significantly above normal, z=2.83)"
AMR0318,2011-03-11,1,0.0734755581804207,0,"Flagged due to: unusual file access activity (extremely above normal, z=4.13); after-hours login activity (extremely above normal, z=3.94)"
AMR0318,2011-03-17,1,0.0049914790657127,0,"Flagged due to: unusual file access activity (significantly above normal, z=2.83); high USB device usage (significantly above normal, z=2.49)"
AMR0318,2011-04-20,1,0.0591662746812778,0,"Flagged due to: unusual email activity (extremely below normal, z=-4.49); unusual file access activity (significantly above normal, z=2.83)"
AMR0318,2011-05-14,1,0.0812543699384996,0,"Flagged due to: unusual email activity (extremely below normal, z=-6.24); after-hours login activity (extremely above normal, z=3.94)"
AOK0844,2010-01-07,1,0.0052160102936077,0,"Flagged due to: high USB device usage (extremely above normal, z=3.37); logins from unusual number of PCs (significantly above normal, z=2.85)"
AOK0844,2010-01-27,1,0.0737317084034568,0,"Flagged due to: after-hours login activity (extremely above normal, z=3.78); logins from unusual number of PCs (significantly above normal, z=2.85)"
AOK0844,2010-02-15,1,0.0177739765866384,0,"Flagged due to: logins from unusual number of PCs (significantly above normal, z=2.85); unusual number of logins (significantly above normal, z=2.29)"
AOK0844,2010-02-17,1,0.0413593323467216,0,"Flagged due to: unusual email activity (extremely below normal, z=-5.33); unusual number of logins (significantly below normal, z=-2.06)"
AOK0844,2010-02-27,1,0.0248216034725421,0,"Flagged due to: logins from unusual number of PCs (significantly above normal, z=2.85); unusual number of logins (significantly above normal, z=2.29)"
AOK0844,2010-03-01,1,0.0310104582210305,0,"Flagged due to: after-hours login activity (extremely above normal, z=3.78); unusual number of logins (significantly above normal, z=2.29)"
AOK0844,2010-04-15,1,0.0121733692030663,0,"Flagged due to: unusual email activity (extremely below normal, z=-5.33); unusual number of logins (significantly below normal, z=-2.06)"
AOK0844,2010-04-17,1,0.0578661219471107,0,"Flagged due to: after-hours login activity (extremely above normal, z=3.78); logins from unusual number of PCs (significantly above normal, z=2.85)"
AOK0844,2010-05-18,1,0.0745566076694698,0,"Flagged due to: unusual email activity (extremely below normal, z=-5.33); after-hours login activity (extremely above normal, z=3.78)"
AOK0844,2010-05-20,1,0.0310104582210305,0,"Flagged due to: after-hours login activity (extremely above normal, z=3.78); unusual number of logins (significantly above normal, z=2.29)"
AOK0844,2010-05-23,1,0.0487213734150028,0,"Flagged due to: after-hours login activity (extremely above normal, z=3.78); logins from unusual number of PCs (significantly above normal, z=2.85)"
AOK0844,2010-06-07,1,0.0695980098255043,0,"Flagged due to: after-hours login activity (extremely above normal, z=3.78); logins from unusual number of PCs (significantly above normal, z=2.85)"
AOK0844,2010-06-25,1,0.0126027339814531,0,"Flagged due to: after-hours login activity (extremely above normal, z=3.78); unusual number of logins (significantly above normal, z=2.29)"
AOK0844,2010-07-13,1,0.0676408308683411,0,"Flagged due to: unusual file access activity (extremely above normal, z=3.37); logins from unusual number of PCs (significantly above normal, z=2.85)"
AOK0844,2010-07-26,1,0.0219392789925674,0,"Flagged due to: logins from unusual number of PCs (significantly above normal, z=2.85); unusual number of logins (significantly above normal, z=2.29)"
AOK0844,2010-07-31,1,0.0194535115431759,0,"Flagged due to: logins from unusual number of PCs (significantly above normal, z=2.85); unusual number of logins (significantly above normal, z=2.29)"
AOK0844,2010-08-12,1,0.0737317084034568,0,"Flagged due to: after-hours login activity (extremely above normal, z=3.78); logins from unusual number of PCs (significantly above normal, z=2.85)"
AOK0844,2010-09-28,1,0.0817070665903262,0,"Flagged due to: unusual number of logins (extremely above normal, z=4.46); after-hours login activity (extremely above normal, z=3.78)"
AOK0844,2010-09-30,1,0.0137650420318459,0,"Flagged due to: after-hours login activity (extremely above normal, z=3.78); unusual number of logins (significantly above normal, z=2.29)"
AOK0844,2010-10-07,1,0.004538022556048,0,"Flagged due to: unusual email activity (extremely below normal, z=-5.33); unusual number of logins (significantly below normal, z=-2.06)"
AOK0844,2010-10-21,1,0.0310104582210305,0,"Flagged due to: after-hours login activity (extremely above normal, z=3.78); unusual number of logins (significantly above normal, z=2.29)"
AOK0844,2010-10-23,1,0.0442242577588316,0,"Flagged due to: logins from unusual number of PCs (significantly above normal, z=2.85); unusual number of logins (significantly above normal, z=2.29)"
AOK0844,2010-11-16,1,0.0160898233872819,0,"Flagged due to: after-hours login activity (extremely above normal, z=7.8); logins from unusual number of PCs (significantly above normal, z=2.85)"
AOK0844,2011-01-04,1,0.039226861343555,0,"Flagged due to: logins from unusual number of PCs (extremely above normal, z=6.01); unusual number of logins (significantly above normal, z=2.29)"
AOS0987,2011-03-30,1,0.0285800993429377,0,"Flagged due to: unusual email activity (extremely below normal, z=-8.31); unusual number of logins (significantly below normal, z=-2.51)"
ARD0509,2010-08-04,1,0.0093402608074888,0,"Flagged due to: unusual number of logins (extremely above normal, z=4.53); logins from unusual number of PCs (extremely above normal, z=4.53)"
ATE0869,2010-01-06,1,0.0078550352655026,0,"Flagged due to: unusual email activity (extremely below normal, z=-5.09); unusual file access activity (somewhat above normal, z=1.83)"
ATE0869,2010-01-21,1,0.0128133493203844,0,"Flagged due to: after-hours login activity (extremely above normal, z=6.89); unusual number of logins (significantly above normal, z=2.48)"
ATE0869,2010-02-28,1,0.0077749260652771,0,"Flagged due to: after-hours login activity (extremely above normal, z=6.89); high USB device usage (significantly above normal, z=2.41)"
ATE0869,2010-03-23,1,0.004925362212575,0,"Flagged due to: logins from unusual number of PCs (extremely above normal, z=3.97); unusual number of logins (significantly above normal, z=2.48)"
ATE0869,2010-04-05,1,0.0010325907484723,0,"Flagged due to: unusual file access activity (extremely above normal, z=3.7); high USB device usage (significantly above normal, z=2.41)"
ATE0869,2010-04-07,1,0.0135797812746416,0,"Flagged due to: high USB device usage (significantly above normal, z=2.41); unusual file access activity (significantly above normal, z=2.3)"
ATE0869,2010-05-04,1,0.037429095104504,0,"Flagged due to: unusual email activity (extremely below normal, z=-6.86); emails sent to external addresses (significantly below normal, z=-2.04)"
ATE0869,2010-05-05,1,0.0054987780293802,0,"Flagged due to: high USB device usage (extremely above normal, z=3.95); unusual file access activity (significantly above normal, z=2.77)"
ATE0869,2010-06-02,1,0.0530836623773527,0,"Flagged due to: logins from unusual number of PCs (extremely above normal, z=3.97); unusual number of logins (significantly above normal, z=2.48)"
ATE0869,2010-08-12,1,0.0709399356453576,0,"Flagged due to: after-hours login activity (extremely above normal, z=6.89); unusual number of logins (extremely above normal, z=4.64)"
ATE0869,2010-08-15,1,0.1101963022978179,0,"Flagged due to: after-hours login activity (extremely above normal, z=6.89); unusual email activity (extremely below normal, z=-6.86)"
ATE0869,2010-08-18,1,0.0367244394422269,0,"Flagged due to: logins from unusual number of PCs (extremely above normal, z=3.97); unusual number of logins (significantly above normal, z=2.48)"
ATE0869,2010-09-05,1,0.0421417972240557,0,"Flagged due to: logins from unusual number of PCs (extremely above normal, z=3.97); high USB device usage (significantly above normal, z=2.41)"
ATE0869,2010-09-26,1,0.0378471760789699,0,"Flagged due to: logins from unusual number of PCs (extremely above normal, z=3.97); unusual email activity (significantly below normal, z=-2.87)"
ATE0869,2010-09-28,1,0.0933228090340205,0,"Flagged due to: after-hours login activity (extremely above normal, z=6.89); logins from unusual number of PCs (extremely above normal, z=3.97)"
ATE0869,2010-10-08,1,0.0241155223524874,0,"Flagged due to: unusual email activity (extremely below normal, z=-6.42); unusual number of logins (somewhat below normal, z=-1.86)"
ATE0869,2011-02-10,1,0.0082942105977786,0,"Flagged due to: unusual email activity (extremely below normal, z=-6.42); emails sent to external addresses (significantly below normal, z=-2.04)"
ATE0869,2011-02-28,1,0.0264933147903398,0,"Flagged due to: logins from unusual number of PCs (extremely above normal, z=3.97); high USB device usage (significantly above normal, z=2.41)"
ATE0869,2011-03-05,1,0.0311961140159431,0,"Flagged due to: after-hours login activity (extremely above normal, z=6.89); unusual number of logins (significantly above normal, z=2.48)"
ATE0869,2011-03-20,1,0.0222124649448874,0,"Flagged due to: after-hours login activity (extremely above normal, z=6.89); unusual number of logins (significantly above normal, z=2.48)"
ATE0869,2011-04-13,1,0.0207598220918934,0,"Flagged due to: logins from unusual number of PCs (extremely above normal, z=3.97); unusual number of logins (significantly above normal, z=2.48)"
ATP0662,2010-01-10,1,0.0523168110802546,0,"Flagged due to: unusual email activity (extremely below normal, z=-4.99); emails sent to external addresses (somewhat below normal, z=-1.94)"
ATP0662,2010-01-16,1,0.0523168110802546,0,"Flagged due to: unusual email activity (extremely below normal, z=-4.99); emails sent to external addresses (somewhat below normal, z=-1.94)"
ATP0662,2010-01-23,1,0.0859918085963354,0,"Flagged due to: unusual email activity (extremely below normal, z=-4.99); after-hours login activity (somewhat above normal, z=1.96)"
ATP0662,2010-03-10,1,0.0099938202298353,0,"Flagged due to: unusual file access activity (significantly above normal, z=2.48); after-hours login activity (somewhat above normal, z=1.96)"
ATP0662,2010-03-16,1,0.0436729687114642,0,"Flagged due to: logins from unusual number of PCs (extremely above normal, z=3.95); unusual number of logins (somewhat above normal, z=1.78)"
ATP0662,2010-04-06,1,0.0383561528074353,0,"Flagged due to: logins from unusual number of PCs (extremely above normal, z=3.95); unusual file access activity (extremely above normal, z=3.05)"
ATP0662,2010-06-28,1,0.0509052829439883,0,"Flagged due to: logins from unusual number of PCs (extremely above normal, z=3.95); high USB device usage (extremely above normal, z=3.24)"
ATP0662,2010-07-28,1,0.0396902296994293,0,"Flagged due to: logins from unusual number of PCs (extremely above normal, z=3.95); after-hours login activity (somewhat above normal, z=1.96)"
ATP0662,2010-08-28,1,0.0523168110802546,0,"Flagged due to: unusual email activity (extremely below normal, z=-4.99); emails sent to external addresses (somewhat below normal, z=-1.94)"
ATP0662,2010-09-08,1,0.009378799600066,0,"Flagged due to: logins from unusual number of PCs (extremely above normal, z=3.95); emails sent to external addresses (somewhat above normal, z=1.67)"
ATP0662,2010-09-23,1,0.0482373544765446,0,"Flagged due to: logins from unusual number of PCs (extremely above normal, z=3.95); after-hours login activity (somewhat above normal, z=1.96)"
ATP0662,2010-09-30,1,0.078077466887683,0,"Flagged due to: after-hours login activity (extremely above normal, z=4.4); logins from unusual number of PCs (extremely above normal, z=3.95)"
ATP0662,2010-10-02,1,0.0859918085963354,0,"Flagged due to: unusual email activity (extremely below normal, z=-4.99); after-hours login activity (somewhat above normal, z=1.96)"
ATP0662,2010-10-14,1,0.0116906265909589,0,"Flagged due to: logins from unusual number of PCs (extremely above normal, z=3.95); unusual number of logins (somewhat above normal, z=1.78)"
ATP0662,2010-10-15,1,0.0757742497579055,0,"Flagged due to: after-hours login activity (extremely above normal, z=4.4); logins from unusual number of PCs (extremely above normal, z=3.95)"
ATP0662,2010-10-23,1,0.0859918085963354,0,"Flagged due to: unusual email activity (extremely below normal, z=-4.99); after-hours login activity (somewhat above normal, z=1.96)"
ATP0662,2010-11-03,1,0.006232874378816,0,"Flagged due to: high USB device usage (significantly above normal, z=2.15); after-hours login activity (somewhat above normal, z=1.96)"
ATP0662,2010-11-15,1,0.0259156277026177,0,"Flagged due to: after-hours login activity (somewhat above normal, z=1.96); unusual number of logins (somewhat above normal, z=1.78)"
ATP0662,2010-12-31,1,0.0523168110802546,0,"Flagged due to: unusual email activity (extremely below normal, z=-4.99); emails sent to external addresses (somewhat below normal, z=-1.94)"
ATP0662,2011-01-04,1,0.0016196939205059,0,"Flagged due to: after-hours login activity (somewhat above normal, z=1.96); emails sent to external addresses (somewhat above normal, z=1.95)"
ATP0662,2011-01-08,1,0.0859918085963354,0,"Flagged due to: unusual email activity (extremely below normal, z=-4.99); after-hours login activity (somewhat above normal, z=1.96)"
ATP0662,2011-02-09,1,0.0134449436769528,0,"Flagged due to: after-hours login activity (somewhat above normal, z=1.96); unusual number of logins (somewhat above normal, z=1.78)"
ATP0662,2011-04-01,1,0.0370017785054181,0,"Flagged due to: unusual file access activity (significantly above normal, z=2.48); after-hours login activity (somewhat above normal, z=1.96)"
ATP0662,2011-04-16,1,0.0859918085963354,0,"Flagged due to: unusual email activity (extremely below normal, z=-4.99); after-hours login activity (somewhat above normal, z=1.96)"
ATP0662,2011-05-07,1,0.0859918085963354,0,"Flagged due to: unusual email activity (extremely below normal, z=-4.99); after-hours login activity (somewhat above normal, z=1.96)"
AVM0947,2010-02-17,1,0.0395550401037856,0,"Flagged due to: unusual number of logins (extremely above normal, z=3.3); logins from unusual number of PCs (extremely above normal, z=3.3)"
AVM0947,2010-04-15,1,0.008260532905204,0,"Flagged due to: unusual email activity (extremely below normal, z=-6.11); high USB device usage (significantly below normal, z=-2.58)"
AVM0947,2010-06-21,1,0.001014785896253,0,"Flagged due to: unusual number of logins (extremely above normal, z=3.3); logins from unusual number of PCs (extremely above normal, z=3.3)"
AVM0947,2010-07-02,1,0.0453691036355479,0,"Flagged due to: unusual number of logins (extremely above normal, z=3.3); logins from unusual number of PCs (extremely above normal, z=3.3)"
AVM0947,2010-07-22,1,0.0162506274747138,0,"Flagged due to: unusual number of logins (extremely above normal, z=3.3); logins from unusual number of PCs (extremely above normal, z=3.3)"
AVM0947,2010-08-23,1,0.0139846971746959,0,"Flagged due to: unusual number of logins (extremely above normal, z=3.3); logins from unusual number of PCs (extremely above normal, z=3.3)"
AVM0947,2010-09-07,1,0.0003306743390153,0,"Flagged due to: unusual email activity (extremely below normal, z=-6.11); unusual file access activity (extremely below normal, z=-3.39)"
AVM0947,2010-10-19,1,0.0019464530283481,0,"Flagged due to: unusual number of logins (extremely above normal, z=3.3); logins from unusual number of PCs (extremely above normal, z=3.3)"
AVM0947,2010-11-05,1,0.0162506274747138,0,"Flagged due to: unusual number of logins (extremely above normal, z=3.3); logins from unusual number of PCs (extremely above normal, z=3.3)"
AVM0947,2010-11-08,1,0.0137097406842712,0,"Flagged due to: unusual number of logins (extremely above normal, z=3.3); logins from unusual number of PCs (extremely above normal, z=3.3)"
AVM0947,2010-11-23,1,0.0333566499759189,0,"Flagged due to: unusual number of logins (extremely above normal, z=3.3); logins from unusual number of PCs (extremely above normal, z=3.3)"
AVM0947,2010-11-29,1,0.0137097406842712,0,"Flagged due to: unusual number of logins (extremely above normal, z=3.3); logins from unusual number of PCs (extremely above normal, z=3.3)"
AVM0947,2010-12-21,1,0.0090529212163915,0,"Flagged due to: unusual number of logins (extremely above normal, z=3.3); logins from unusual number of PCs (extremely above normal, z=3.3)"
AVM0947,2011-01-14,1,0.0137097406842712,0,"Flagged due to: unusual number of logins (extremely above normal, z=3.3); logins from unusual number of PCs (extremely above normal, z=3.3)"
AVM0947,2011-02-23,1,0.0139846971746959,0,"Flagged due to: unusual number of logins (extremely above normal, z=3.3); logins from unusual number of PCs (extremely above normal, z=3.3)"
AVM0947,2011-04-04,1,0.0227724402756432,0,"Flagged due to: unusual number of logins (extremely above normal, z=3.3); logins from unusual number of PCs (extremely above normal, z=3.3)"
AVM0947,2011-05-05,1,0.0045508242610178,0,"Flagged due to: unusual number of logins (extremely above normal, z=3.3); logins from unusual number of PCs (extremely above normal, z=3.3)"
BAH0875,2010-02-06,1,0.0029984060868135,0,"Flagged due to: unusual email activity (extremely below normal, z=-5.84); emails sent to external addresses (somewhat below normal, z=-1.72)"
BAH0875,2010-04-06,1,0.0016367970669832,0,"Flagged due to: unusual number of logins (extremely above normal, z=3.02); logins from unusual number of PCs (significantly above normal, z=2.87)"
BAH0875,2010-05-15,1,0.0029984060868135,0,"Flagged due to: unusual email activity (extremely below normal, z=-5.84); emails sent to external addresses (somewhat below normal, z=-1.72)"
BAH0875,2010-06-23,1,0.021782120215303,0,"Flagged due to: unusual number of logins (extremely above normal, z=4.81); after-hours login activity (extremely above normal, z=3.95)"
BAH0875,2010-09-14,1,0.0082739172258322,0,"Flagged due to: unusual number of logins (extremely above normal, z=3.02); logins from unusual number of PCs (significantly above normal, z=2.87)"
BAH0875,2010-11-13,1,0.0029984060868135,0,"Flagged due to: unusual email activity (extremely below normal, z=-5.84); emails sent to external addresses (somewhat below normal, z=-1.72)"
BAH0875,2010-11-25,1,0.0029984060868135,0,"Flagged due to: unusual email activity (extremely below normal, z=-5.84); emails sent to external addresses (somewhat below normal, z=-1.72)"
BAH0875,2010-12-06,1,0.0574514346719994,0,"Flagged due to: unusual email activity (extremely below normal, z=-3.55); unusual number of logins (extremely above normal, z=3.02)"
BAH0875,2011-01-08,1,0.0029984060868135,0,"Flagged due to: unusual email activity (extremely below normal, z=-5.84); emails sent to external addresses (somewhat below normal, z=-1.72)"
BAH0875,2011-01-25,1,0.0028390090580655,0,"Flagged due to: unusual email activity (extremely below normal, z=-4.31); emails sent to external addresses (somewhat below normal, z=-1.72)"
BAH0875,2011-03-19,1,0.0029984060868135,0,"Flagged due to: unusual email activity (extremely below normal, z=-5.84); emails sent to external addresses (somewhat below normal, z=-1.72)"
BAJ0654,2010-01-22,1,0.0834849498384588,0,"Flagged due to: after-hours login activity (extremely above normal, z=3.66); unusual number of logins (significantly above normal, z=2.69)"
BAJ0654,2010-01-28,1,0.0024215055379407,0,"Flagged due to: unusual number of logins (significantly above normal, z=2.69); logins from unusual number of PCs (significantly above normal, z=2.69)"
BAJ0654,2010-02-08,1,0.0468575717939031,0,"Flagged due to: unusual number of logins (significantly above normal, z=2.69); logins from unusual number of PCs (significantly above normal, z=2.69)"
BAJ0654,2010-02-11,1,0.0774568946233593,0,"Flagged due to: after-hours login activity (extremely above normal, z=3.66); unusual number of logins (significantly above normal, z=2.69)"
BAJ0654,2010-02-17,1,0.0834849498384588,0,"Flagged due to: after-hours login activity (extremely above normal, z=3.66); unusual number of logins (significantly above normal, z=2.69)"
BAJ0654,2010-03-04,1,0.0120768579373695,0,"Flagged due to: unusual number of logins (significantly above normal, z=2.69); logins from unusual number of PCs (significantly above normal, z=2.69)"
BAJ0654,2010-03-05,1,0.0109753565547526,0,"Flagged due to: unusual number of logins (significantly above normal, z=2.69); logins from unusual number of PCs (significantly above normal, z=2.69)"
BAJ0654,2010-03-19,1,0.0442355967485619,0,"Flagged due to: after-hours login activity (extremely above normal, z=3.66); unusual number of logins (significantly above normal, z=2.69)"
BAJ0654,2010-04-06,1,0.0893831096366182,0,"Flagged due to: after-hours login activity (extremely above normal, z=3.66); unusual number of logins (significantly above normal, z=2.69)"
BAJ0654,2010-04-27,1,0.0720637642412903,0,"Flagged due to: after-hours login activity (extremely above normal, z=3.66); unusual number of logins (significantly above normal, z=2.69)"
BAJ0654,2010-05-07,1,0.0376065750328324,0,"Flagged due to: unusual number of logins (significantly above normal, z=2.69); logins from unusual number of PCs (significantly above normal, z=2.69)"
BAJ0654,2010-05-18,1,0.0720637642412903,0,"Flagged due to: after-hours login activity (extremely above normal, z=3.66); unusual number of logins (significantly above normal, z=2.69)"
BAJ0654,2010-05-20,1,0.0402860550565681,0,"Flagged due to: unusual number of logins (significantly above normal, z=2.69); logins from unusual number of PCs (significantly above normal, z=2.69)"
BAJ0654,2010-06-02,1,0.0986289960364714,0,"Flagged due to: after-hours login activity (extremely above normal, z=3.66); unusual number of logins (significantly above normal, z=2.69)"
BAJ0654,2010-06-23,1,0.0715635199638566,0,"Flagged due to: after-hours login activity (extremely above normal, z=3.66); unusual number of logins (significantly above normal, z=2.69)"
BAJ0654,2010-07-08,1,0.0584659596976341,0,"Flagged due to: after-hours login activity (extremely above normal, z=3.66); unusual number of logins (significantly above normal, z=2.69)"
BAJ0654,2010-07-29,1,0.0333612515158575,0,"Flagged due to: after-hours login activity (extremely above normal, z=3.66); unusual number of logins (significantly above normal, z=2.69)"
BAJ0654,2010-08-04,1,0.0109753565547526,0,"Flagged due to: unusual number of logins (significantly above normal, z=2.69); logins from unusual number of PCs (significantly above normal, z=2.69)"
BAJ0654,2010-09-29,1,0.0349552879626156,0,"Flagged due to: after-hours login activity (extremely above normal, z=3.66); unusual number of logins (significantly above normal, z=2.69)"
BAJ0654,2010-10-20,1,0.0091211510500631,0,"Flagged due to: unusual number of logins (significantly above normal, z=2.69); logins from unusual number of PCs (significantly above normal, z=2.69)"
BAJ0654,2010-10-21,1,0.0091211510500631,0,"Flagged due to: unusual number of logins (significantly above normal, z=2.69); logins from unusual number of PCs (significantly above normal, z=2.69)"
BAJ0654,2010-10-27,1,0.0774568946233593,0,"Flagged due to: after-hours login activity (extremely above normal, z=3.66); unusual number of logins (significantly above normal, z=2.69)"
BAJ0654,2010-11-03,1,0.0953718847469625,0,"Flagged due to: after-hours login activity (extremely above normal, z=3.66); unusual number of logins (significantly above normal, z=2.69)"
BAJ0654,2010-11-18,1,0.0349552879626156,0,"Flagged due to: after-hours login activity (extremely above normal, z=3.66); unusual number of logins (significantly above normal, z=2.69)"
BAJ0654,2010-12-13,1,0.0333612515158575,0,"Flagged due to: after-hours login activity (extremely above normal, z=3.66); unusual number of logins (significantly above normal, z=2.69)"
BAJ0654,2010-12-20,1,0.0349552879626156,0,"Flagged due to: after-hours login activity (extremely above normal, z=3.66); unusual number of logins (significantly above normal, z=2.69)"
BAJ0654,2011-01-03,1,0.0136399904679782,0,"Flagged due to: unusual number of logins (significantly above normal, z=2.69); logins from unusual number of PCs (significantly above normal, z=2.69)"
BAJ0654,2011-01-07,1,0.0711105978601548,0,"Flagged due to: after-hours login activity (extremely above normal, z=3.66); unusual number of logins (significantly above normal, z=2.69)"
BAJ0654,2011-01-24,1,0.0865586168175438,0,"Flagged due to: after-hours login activity (extremely above normal, z=3.66); unusual number of logins (significantly above normal, z=2.69)"
BAJ0654,2011-01-25,1,0.0277273871858146,0,"Flagged due to: unusual number of logins (significantly above normal, z=2.69); logins from unusual number of PCs (significantly above normal, z=2.69)"
BAJ0654,2011-02-01,1,0.0765867744069794,0,"Flagged due to: after-hours login activity (extremely above normal, z=3.66); unusual number of logins (significantly above normal, z=2.69)"
BAJ0654,2011-03-09,1,0.0120768579373695,0,"Flagged due to: unusual number of logins (significantly above normal, z=2.69); logins from unusual number of PCs (significantly above normal, z=2.69)"
BAJ0654,2011-03-10,1,0.0416618931536636,0,"Flagged due to: unusual number of logins (significantly above normal, z=2.69); logins from unusual number of PCs (significantly above normal, z=2.69)"
BAJ0654,2011-03-18,1,0.0349552879626156,0,"Flagged due to: after-hours login activity (extremely above normal, z=3.66); unusual number of logins (significantly above normal, z=2.69)"
BAJ0654,2011-03-23,1,0.0442355967485619,0,"Flagged due to: after-hours login activity (extremely above normal, z=3.66); unusual number of logins (significantly above normal, z=2.69)"
BAJ0654,2011-05-05,1,0.0810185948712013,0,"Flagged due to: after-hours login activity (extremely above normal, z=3.66); unusual number of logins (significantly above normal, z=2.69)"
BAJ0654,2011-05-12,1,0.0584659596976341,0,"Flagged due to: after-hours login activity (extremely above normal, z=3.66); unusual number of logins (significantly above normal, z=2.69)"
BAL0044,2010-01-04,1,0.0001019987490867,0,"Flagged due to: high USB device usage (somewhat below normal, z=-1.53); logins from unusual number of PCs (somewhat below normal, z=-1.46)"
BAL0044,2010-01-07,1,0.0197978147214927,0,"Flagged due to: after-hours login activity (significantly above normal, z=2.03); unusual number of logins (somewhat above normal, z=1.38)"
BAL0044,2010-02-02,1,0.0320549848917804,0,"Flagged due to: after-hours login activity (significantly above normal, z=2.03); unusual file access activity (somewhat above normal, z=1.85)"
BAL0044,2010-02-06,1,0.1307287398931632,0,"Flagged due to: unusual email activity (extremely below normal, z=-6.93); unusual number of logins (significantly below normal, z=-2.59)"
BAL0044,2010-02-08,1,0.0955373643994265,0,"Flagged due to: unusual email activity (extremely below normal, z=-6.28); emails sent to external addresses (significantly below normal, z=-2.06)"
BAL0044,2010-02-09,1,0.005458594559659,0,"Flagged due to: high USB device usage (somewhat below normal, z=-1.53); logins from unusual number of PCs (somewhat below normal, z=-1.46)"
BAL0044,2010-02-12,1,0.0504018391297408,0,"Flagged due to: unusual file access activity (significantly above normal, z=2.87); high USB device usage (somewhat above normal, z=1.88)"
BAL0044,2010-03-06,1,0.1307287398931632,0,"Flagged due to: unusual email activity (extremely below normal, z=-6.93); unusual number of logins (significantly below normal, z=-2.59)"
BAL0044,2010-03-15,1,0.0044982891826972,0,"Flagged due to: high USB device usage (somewhat below normal, z=-1.53); logins from unusual number of PCs (somewhat below normal, z=-1.46)"
BAL0044,2010-03-16,1,0.0029227334044364,0,"Flagged due to: after-hours login activity (significantly above normal, z=2.03); unusual number of logins (somewhat above normal, z=1.38)"
BAL0044,2010-03-23,1,0.0066621525009485,0,"Flagged due to: unusual number of logins (somewhat below normal, z=-1.93); high USB device usage (somewhat below normal, z=-1.53)"
BAL0044,2010-03-31,1,0.0826081684093947,0,"Flagged due to: unusual email activity (extremely below normal, z=-6.93); emails sent to external addresses (significantly below normal, z=-2.06)"
BAL0044,2010-04-01,1,0.0058785942932546,0,"Flagged due to: unusual file access activity (significantly above normal, z=2.29); emails sent to external addresses (somewhat below normal, z=-1.68)"
BAL0044,2010-04-30,1,0.0609447167785364,0,"Flagged due to: unusual file access activity (significantly above normal, z=2.87); after-hours login activity (significantly above normal, z=2.03)"
BAL0044,2010-05-19,1,0.0103713716196917,0,"Flagged due to: after-hours login activity (significantly above normal, z=2.03); emails sent to external addresses (somewhat below normal, z=-1.68)"
BAL0044,2010-05-24,1,0.0451083289624768,0,"Flagged due to: emails sent to external addresses (significantly above normal, z=2.15); high USB device usage (somewhat below normal, z=-1.53)"
BAL0044,2010-05-27,1,0.0403846542558473,0,"Flagged due to: high USB device usage (significantly below normal, z=-2.22); emails sent to external addresses (somewhat below normal, z=-1.68)"
BAL0044,2010-06-02,1,0.080410738289896,0,"Flagged due to: unusual email activity (significantly below normal, z=-2.36); high USB device usage (significantly below normal, z=-2.22)"
BAL0044,2010-06-08,1,0.0154326787751215,0,"Flagged due to: high USB device usage (somewhat above normal, z=1.88); unusual number of logins (somewhat above normal, z=1.38)"
BAL0044,2010-06-10,1,0.005458594559659,0,"Flagged due to: high USB device usage (somewhat below normal, z=-1.53); logins from unusual number of PCs (somewhat below normal, z=-1.46)"
BAL0044,2010-06-11,1,0.0129596230305725,0,"Flagged due to: high USB device usage (somewhat below normal, z=-1.53); logins from unusual number of PCs (somewhat below normal, z=-1.46)"
BAL0044,2010-06-16,1,0.0255718776281328,0,"Flagged due to: after-hours login activity (somewhat below normal, z=-1.74); high USB device usage (somewhat below normal, z=-1.53)"
BAL0044,2010-06-25,1,0.017483687497765,0,"Flagged due to: unusual file access activity (significantly above normal, z=2.44); unusual number of logins (somewhat above normal, z=1.38)"
BAL0044,2010-07-08,1,0.0073269612532527,0,"Flagged due to: after-hours login activity (significantly above normal, z=2.03); unusual number of logins (somewhat above normal, z=1.38)"
BAL0044,2010-07-23,1,0.0192292161467085,0,"Flagged due to: emails sent to external addresses (somewhat below normal, z=-1.68); high USB device usage (somewhat below normal, z=-1.53)"
BAL0044,2010-07-28,1,0.0052604207376334,0,"Flagged due to: high USB device usage (somewhat below normal, z=-1.53); logins from unusual number of PCs (somewhat below normal, z=-1.46)"
BAL0044,2010-08-03,1,0.0292468595588825,0,"Flagged due to: high USB device usage (somewhat below normal, z=-1.53); logins from unusual number of PCs (somewhat below normal, z=-1.46)"
BAL0044,2010-08-10,1,0.0052604207376334,0,"Flagged due to: high USB device usage (somewhat below normal, z=-1.53); logins from unusual number of PCs (somewhat below normal, z=-1.46)"
BAL0044,2010-08-24,1,0.0052604207376334,0,"Flagged due to: high USB device usage (somewhat below normal, z=-1.53); logins from unusual number of PCs (somewhat below normal, z=-1.46)"
BAL0044,2010-10-01,1,0.0381691492302495,0,"Flagged due to: logins from unusual number of PCs (significantly above normal, z=2.08); unusual file access activity (somewhat above normal, z=1.41)"
BAL0044,2010-10-06,1,0.0017573800118224,0,"Flagged due to: unusual file access activity (significantly above normal, z=2.87); after-hours login activity (somewhat above normal, z=1.28)"
BAL0044,2010-10-08,1,0.0187518936588535,0,"Flagged due to: high USB device usage (somewhat below normal, z=-1.53); logins from unusual number of PCs (somewhat below normal, z=-1.46)"
BAL0044,2010-10-19,1,0.0043560984531453,0,"Flagged due to: unusual file access activity (somewhat above normal, z=1.56); unusual number of logins (somewhat above normal, z=1.38)"
BAL0044,2010-10-22,1,0.0592509121615326,0,"Flagged due to: after-hours login activity (somewhat below normal, z=-1.74); high USB device usage (somewhat below normal, z=-1.53)"
BAL0044,2010-11-18,1,0.0209758702294091,0,"Flagged due to: unusual number of logins (significantly above normal, z=2.71); logins from unusual number of PCs (significantly above normal, z=2.08)"
BAL0044,2010-11-19,1,0.0132907032015519,0,"Flagged due to: high USB device usage (somewhat above normal, z=1.88); unusual file access activity (somewhat above normal, z=1.41)"
BAL0044,2010-11-29,1,0.0162902154261367,0,"Flagged due to: unusual number of logins (somewhat below normal, z=-1.93); high USB device usage (somewhat below normal, z=-1.53)"
BAL0044,2010-12-20,1,0.0175609841342865,0,"Flagged due to: unusual number of logins (somewhat below normal, z=-1.93); high USB device usage (somewhat below normal, z=-1.53)"
BAL0044,2010-12-21,1,0.0071009464126382,0,"Flagged due to: unusual number of logins (somewhat below normal, z=-1.93); after-hours login activity (somewhat below normal, z=-1.74)"
BAL0044,2011-01-03,1,0.0128733253088108,0,"Flagged due to: unusual number of logins (somewhat below normal, z=-1.93); after-hours login activity (somewhat below normal, z=-1.74)"
BAL0044,2011-01-24,1,0.0052259162083353,0,"Flagged due to: after-hours login activity (significantly above normal, z=2.03); high USB device usage (somewhat above normal, z=1.88)"
BAL0044,2011-01-27,1,0.0343954785133507,0,"Flagged due to: after-hours login activity (somewhat below normal, z=-1.74); high USB device usage (somewhat below normal, z=-1.53)"
BAL0044,2011-02-01,1,0.007933467700768,0,"Flagged due to: after-hours login activity (significantly above normal, z=2.03); high USB device usage (somewhat above normal, z=1.88)"
BAL0044,2011-02-14,1,0.0052604207376334,0,"Flagged due to: high USB device usage (somewhat below normal, z=-1.53); logins from unusual number of PCs (somewhat below normal, z=-1.46)"
BAL0044,2011-02-16,1,0.0025373172114311,0,"Flagged due to: high USB device usage (somewhat below normal, z=-1.53); logins from unusual number of PCs (somewhat below normal, z=-1.46)"
BAL0044,2011-02-18,1,0.0509162965275324,0,"Flagged due to: unusual file access activity (extremely above normal, z=3.31); after-hours login activity (significantly above normal, z=2.03)"
BAL0044,2011-02-21,1,0.0022989166498779,0,"Flagged due to: unusual file access activity (somewhat above normal, z=1.41); emails sent to external addresses (somewhat above normal, z=1.39)"
BAL0044,2011-02-23,1,0.0176931943825177,0,"Flagged due to: after-hours login activity (somewhat below normal, z=-1.74); high USB device usage (somewhat below normal, z=-1.53)"
BAL0044,2011-02-25,1,0.0354564028419159,0,"Flagged due to: unusual number of logins (significantly above normal, z=2.05); after-hours login activity (significantly above normal, z=2.03)"
BAL0044,2011-03-16,1,0.0320876374382463,0,"Flagged due to: emails sent to external addresses (somewhat above normal, z=1.77); high USB device usage (somewhat below normal, z=-1.53)"
BAL0044,2011-03-17,1,0.0423584988733037,0,"Flagged due to: unusual number of logins (somewhat below normal, z=-1.93); after-hours login activity (somewhat below normal, z=-1.74)"
BAL0044,2011-03-18,1,0.0323710150154045,0,"Flagged due to: high USB device usage (significantly above normal, z=2.56); unusual number of logins (somewhat above normal, z=1.38)"
BAL0044,2011-03-24,1,0.0178477025595968,0,"Flagged due to: unusual file access activity (somewhat above normal, z=1.71); unusual number of logins (somewhat above normal, z=1.38)"
BAL0044,2011-03-25,1,0.0228518572102561,0,"Flagged due to: after-hours login activity (significantly above normal, z=2.03); unusual file access activity (somewhat above normal, z=1.56)"
BAL0044,2011-04-07,1,0.0333194485409336,0,"Flagged due to: unusual number of logins (somewhat below normal, z=-1.93); high USB device usage (somewhat below normal, z=-1.53)"
BAL0044,2011-04-08,1,0.0579019470276291,0,"Flagged due to: unusual email activity (extremely below normal, z=-6.93); emails sent to external addresses (significantly below normal, z=-2.06)"
BAL0044,2011-04-13,1,0.0022470367810242,0,"Flagged due to: high USB device usage (somewhat below normal, z=-1.53); logins from unusual number of PCs (somewhat below normal, z=-1.46)"
BAL0044,2011-04-29,1,0.0362914451169542,0,"Flagged due to: emails sent to external addresses (significantly below normal, z=-2.06); after-hours login activity (significantly above normal, z=2.03)"
BAL0044,2011-05-06,1,0.005458594559659,0,"Flagged due to: high USB device usage (somewhat below normal, z=-1.53); logins from unusual number of PCs (somewhat below normal, z=-1.46)"
BBG0325,2010-01-28,1,0.0168509059762128,0,"Flagged due to: logins from unusual number of PCs (extremely above normal, z=3.83); unusual number of logins (significantly above normal, z=2.65)"
BBG0325,2010-04-12,1,0.0141778022882743,0,"Flagged due to: unusual email activity (extremely below normal, z=-4.45); unusual number of logins (somewhat below normal, z=-1.99)"
BBG0325,2010-04-26,1,0.0012408487662388,0,"Flagged due to: logins from unusual number of PCs (extremely above normal, z=3.83); unusual number of logins (significantly above normal, z=2.65)"
BBG0325,2010-06-18,1,0.0104240425434336,0,"Flagged due to: unusual email activity (extremely below normal, z=-7.85); high USB device usage (somewhat below normal, z=-1.2)"
BBG0325,2010-07-02,1,0.0016246395121259,0,"Flagged due to: logins from unusual number of PCs (extremely above normal, z=3.83); unusual number of logins (significantly above normal, z=2.65)"
BBG0325,2010-07-29,1,0.0414738191028326,0,"Flagged due to: logins from unusual number of PCs (extremely above normal, z=3.83); unusual file access activity (extremely above normal, z=3.3)"
BBG0325,2010-10-13,1,0.0260979483832324,0,"Flagged due to: logins from unusual number of PCs (extremely above normal, z=3.83); unusual number of logins (significantly above normal, z=2.65)"
BBG0325,2011-01-13,1,0.0012408487662388,0,"Flagged due to: logins from unusual number of PCs (extremely above normal, z=3.83); unusual number of logins (significantly above normal, z=2.65)"
BBG0325,2011-01-24,1,0.0103430779884552,0,"Flagged due to: logins from unusual number of PCs (extremely above normal, z=3.83); high USB device usage (significantly above normal, z=2.18)"
BBG0325,2011-02-01,1,0.0061560007653655,0,"Flagged due to: logins from unusual number of PCs (extremely above normal, z=3.83); unusual number of logins (significantly above normal, z=2.65)"
BBS0039,2010-05-07,1,0.0290235588282924,0,"Flagged due to: unusual email activity (extremely below normal, z=-5.26); emails sent to external addresses (somewhat below normal, z=-1.8)"
BBS0039,2010-08-12,1,0.0185023429577273,1,"Flagged due to: unusual email activity (significantly above normal, z=2.58); emails sent to external addresses (significantly below normal, z=-2.17)"
BBS0422,2010-01-14,1,0.0521340004170585,0,"Flagged due to: unusual file access activity (extremely above normal, z=5.18); after-hours login activity (significantly above normal, z=2.02)"
BBS0422,2010-01-24,1,0.0067922286246757,0,"Flagged due to: unusual email activity (extremely below normal, z=-4.56); after-hours login activity (significantly above normal, z=2.02)"
BBS0422,2010-02-10,1,0.0430126141878594,0,"Flagged due to: unusual number of logins (extremely above normal, z=3.7); logins from unusual number of PCs (extremely above normal, z=3.55)"
BBS0422,2010-02-25,1,0.0872657707615759,0,"Flagged due to: unusual number of logins (extremely above normal, z=3.7); logins from unusual number of PCs (extremely above normal, z=3.55)"
BBS0422,2010-03-09,1,0.0258038949783716,0,"Flagged due to: unusual number of logins (extremely above normal, z=3.7); logins from unusual number of PCs (extremely above normal, z=3.55)"
BBS0422,2010-03-11,1,0.0565100414972788,0,"Flagged due to: logins from unusual number of PCs (extremely above normal, z=3.55); unusual file access activity (significantly above normal, z=2.34)"
BBS0422,2010-03-12,1,0.0507106470009695,0,"Flagged due to: unusual number of logins (extremely above normal, z=5.78); after-hours login activity (extremely above normal, z=4.47)"
BBS0422,2010-03-28,1,0.0067922286246757,0,"Flagged due to: unusual email activity (extremely below normal, z=-4.56); after-hours login activity (significantly above normal, z=2.02)"
BBS0422,2010-04-11,1,0.0067922286246757,0,"Flagged due to: unusual email activity (extremely below normal, z=-4.56); after-hours login activity (significantly above normal, z=2.02)"
BBS0422,2010-05-02,1,0.0067922286246757,0,"Flagged due to: unusual email activity (extremely below normal, z=-4.56); after-hours login activity (significantly above normal, z=2.02)"
BBS0422,2010-05-17,1,0.0483496772212086,0,"Flagged due to: unusual number of logins (extremely above normal, z=3.7); logins from unusual number of PCs (extremely above normal, z=3.55)"
BBS0422,2010-05-23,1,0.0067922286246757,0,"Flagged due to: unusual email activity (extremely below normal, z=-4.56); after-hours login activity (significantly above normal, z=2.02)"
BBS0422,2010-05-28,1,0.0390105468498955,0,"Flagged due to: logins from unusual number of PCs (extremely above normal, z=3.55); unusual number of logins (somewhat above normal, z=1.63)"
BBS0422,2010-05-29,1,0.0067922286246757,0,"Flagged due to: unusual email activity (extremely below normal, z=-4.56); after-hours login activity (significantly above normal, z=2.02)"
BBS0422,2010-07-05,1,0.0067922286246757,0,"Flagged due to: unusual email activity (extremely below normal, z=-4.56); after-hours login activity (significantly above normal, z=2.02)"
BBS0422,2010-07-14,1,0.0430126141878594,0,"Flagged due to: unusual number of logins (extremely above normal, z=3.7); logins from unusual number of PCs (extremely above normal, z=3.55)"
BBS0422,2010-08-04,1,0.0279227464158483,0,"Flagged due to: unusual file access activity (significantly above normal, z=2.34); after-hours login activity (significantly above normal, z=2.02)"
BBS0422,2010-08-11,1,0.0063313587365347,0,"Flagged due to: high USB device usage (significantly above normal, z=2.63); after-hours login activity (significantly above normal, z=2.02)"
BBS0422,2010-08-26,1,0.0418712357853529,0,"Flagged due to: unusual number of logins (extremely above normal, z=3.7); logins from unusual number of PCs (extremely above normal, z=3.55)"
BBS0422,2010-09-11,1,0.0067922286246757,0,"Flagged due to: unusual email activity (extremely below normal, z=-4.56); after-hours login activity (significantly above normal, z=2.02)"
BBS0422,2010-09-16,1,0.127028613446597,0,"Flagged due to: unusual number of logins (extremely above normal, z=3.7); logins from unusual number of PCs (extremely above normal, z=3.55)"
BBS0422,2010-09-18,1,0.0067922286246757,0,"Flagged due to: unusual email activity (extremely below normal, z=-4.56); after-hours login activity (significantly above normal, z=2.02)"
BBS0422,2010-09-24,1,0.0602551621869018,0,"Flagged due to: unusual file access activity (extremely above normal, z=4.37); after-hours login activity (significantly above normal, z=2.02)"
BBS0422,2010-09-28,1,0.0552838101925831,0,"Flagged due to: unusual file access activity (extremely above normal, z=3.15); after-hours login activity (significantly above normal, z=2.02)"
BBS0422,2010-10-08,1,0.0390828692257262,0,"Flagged due to: high USB device usage (significantly above normal, z=2.63); after-hours login activity (significantly above normal, z=2.02)"
BBS0422,2010-10-28,1,0.0062590260222966,0,"Flagged due to: after-hours login activity (extremely above normal, z=4.47); unusual number of logins (extremely above normal, z=3.7)"
BBS0422,2010-11-23,1,0.0484790630378018,0,"Flagged due to: logins from unusual number of PCs (extremely above normal, z=3.55); high USB device usage (significantly above normal, z=2.63)"
BBS0422,2010-11-25,1,0.0067922286246757,0,"Flagged due to: unusual email activity (extremely below normal, z=-4.56); after-hours login activity (significantly above normal, z=2.02)"
BBS0422,2010-12-07,1,0.0326161484644382,0,"Flagged due to: high USB device usage (significantly above normal, z=2.63); after-hours login activity (significantly above normal, z=2.02)"
BBS0422,2010-12-11,1,0.0067922286246757,0,"Flagged due to: unusual email activity (extremely below normal, z=-4.56); after-hours login activity (significantly above normal, z=2.02)"
BBS0422,2010-12-15,1,0.0142444732434291,0,"Flagged due to: unusual file access activity (significantly above normal, z=2.34); after-hours login activity (significantly above normal, z=2.02)"
BBS0422,2010-12-16,1,0.0699080902331078,0,"Flagged due to: logins from unusual number of PCs (extremely above normal, z=3.55); high USB device usage (significantly above normal, z=2.63)"
BBS0422,2010-12-20,1,0.0618197071421192,0,"Flagged due to: logins from unusual number of PCs (extremely above normal, z=3.55); unusual file access activity (extremely above normal, z=3.15)"
BBS0422,2010-12-21,1,0.021888982065139,0,"Flagged due to: high USB device usage (significantly above normal, z=2.63); unusual file access activity (significantly above normal, z=2.34)"
BBS0422,2010-12-26,1,0.0067922286246757,0,"Flagged due to: unusual email activity (extremely below normal, z=-4.56); after-hours login activity (significantly above normal, z=2.02)"
BBS0422,2011-01-19,1,0.0529890392704635,0,"Flagged due to: unusual file access activity (extremely above normal, z=3.56); after-hours login activity (significantly above normal, z=2.02)"
BBS0422,2011-02-01,1,0.0286351202424172,0,"Flagged due to: after-hours login activity (extremely above normal, z=4.47); unusual number of logins (extremely above normal, z=3.7)"
BBS0422,2011-02-05,1,0.0067922286246757,0,"Flagged due to: unusual email activity (extremely below normal, z=-4.56); after-hours login activity (significantly above normal, z=2.02)"
BBS0422,2011-03-05,1,0.0100144074001555,0,"Flagged due to: after-hours login activity (extremely above normal, z=4.47); unusual number of logins (extremely above normal, z=3.7)"
BBS0422,2011-03-12,1,0.0067922286246757,0,"Flagged due to: unusual email activity (extremely below normal, z=-4.56); after-hours login activity (significantly above normal, z=2.02)"
BBS0422,2011-03-23,1,0.0275797076221646,0,"Flagged due to: unusual file access activity (significantly above normal, z=2.34); after-hours login activity (significantly above normal, z=2.02)"
BBS0422,2011-04-23,1,0.0067922286246757,0,"Flagged due to: unusual email activity (extremely below normal, z=-4.56); after-hours login activity (significantly above normal, z=2.02)"
BDI0533,2010-01-22,1,0.0411850515925202,0,"Flagged due to: unusual number of logins (significantly above normal, z=2.51); logins from unusual number of PCs (significantly above normal, z=2.43)"
BDI0533,2010-04-01,1,0.0410766440972218,0,"Flagged due to: unusual email activity (extremely below normal, z=-4.34); unusual number of logins (significantly above normal, z=2.51)"
BDI0533,2010-07-30,1,0.004446499680207,0,"Flagged due to: unusual number of logins (significantly above normal, z=2.51); logins from unusual number of PCs (significantly above normal, z=2.43)"
BDI0533,2010-08-30,1,0.0063829946497631,0,"Flagged due to: unusual number of logins (significantly above normal, z=2.51); logins from unusual number of PCs (significantly above normal, z=2.43)"
BDI0533,2010-09-24,1,0.0352544875072214,0,"Flagged due to: unusual number of logins (significantly above normal, z=2.51); logins from unusual number of PCs (significantly above normal, z=2.43)"
BDI0533,2010-10-29,1,0.0059100588532919,0,"Flagged due to: unusual number of logins (significantly above normal, z=2.51); logins from unusual number of PCs (significantly above normal, z=2.43)"
BDI0533,2011-03-04,1,0.0111807341408876,0,"Flagged due to: unusual number of logins (significantly above normal, z=2.51); logins from unusual number of PCs (significantly above normal, z=2.43)"
BDI0533,2011-03-09,1,0.0352544875072214,0,"Flagged due to: unusual number of logins (significantly above normal, z=2.51); logins from unusual number of PCs (significantly above normal, z=2.43)"
BDI0533,2011-04-03,1,0.003430550506148,0,"Flagged due to: unusual email activity (extremely below normal, z=-4.34); unusual number of logins (significantly below normal, z=-2.1)"
BDI0533,2011-04-14,1,0.0289493944169798,0,"Flagged due to: unusual number of logins (significantly above normal, z=2.51); logins from unusual number of PCs (significantly above normal, z=2.43)"
BDI0533,2011-05-14,1,0.0245315629880195,0,"Flagged due to: unusual email activity (extremely below normal, z=-6.63); high USB device usage (significantly above normal, z=2.86)"
BDV0168,2010-07-30,1,0.0876216972527724,1,"Flagged due to: unusual file access activity (extremely above normal, z=15.0); high USB device usage (extremely above normal, z=6.0)"
BDV0168,2010-08-03,1,0.0596277842983019,1,"Flagged due to: unusual file access activity (extremely above normal, z=21.0); high USB device usage (extremely above normal, z=8.0)"
BEH0615,2010-04-15,1,0.0351422892954776,0,"Flagged due to: unusual email activity (extremely below normal, z=-5.03); unusual file access activity (extremely above normal, z=3.47)"
BEH0615,2010-04-23,1,0.0479143047683443,0,"Flagged due to: unusual file access activity (extremely above normal, z=3.47); unusual number of logins (significantly above normal, z=2.2)"
BEH0615,2010-05-19,1,0.0116275026436466,0,"Flagged due to: unusual number of logins (significantly above normal, z=2.2); logins from unusual number of PCs (significantly above normal, z=2.19)"
BEH0615,2010-06-25,1,0.0228108201237436,0,"Flagged due to: unusual email activity (extremely below normal, z=-8.58); emails sent to external addresses (somewhat below normal, z=-1.63)"
BEH0615,2011-01-24,1,0.0881385838116721,0,"Flagged due to: unusual email activity (extremely below normal, z=-5.03); logins from unusual number of PCs (extremely above normal, z=4.77)"
BIH0745,2010-06-29,1,0.1227548668929064,0,"Flagged due to: after-hours login activity (extremely above normal, z=6.81); unusual number of logins (extremely above normal, z=6.81)"
BIH0745,2010-07-02,1,0.1373354135297428,0,"Flagged due to: after-hours login activity (extremely above normal, z=6.81); unusual number of logins (extremely above normal, z=6.81)"
BIH0745,2010-07-08,1,0.1253915123940103,0,"Flagged due to: high USB device usage (extremely above normal, z=8.12); unusual file access activity (extremely above normal, z=7.47)"
BIH0745,2010-07-13,1,0.0395965486501825,1,"Flagged due to: after-hours login activity (extremely above normal, z=6.81); unusual number of logins (extremely above normal, z=6.81)"
BIS0247,2010-01-18,1,0.0381750434539485,0,"Flagged due to: high USB device usage (significantly above normal, z=2.88); unusual file access activity (significantly above normal, z=2.72)"
BIS0247,2010-02-06,1,0.0530169215216769,0,"Flagged due to: unusual email activity (extremely below normal, z=-5.03); after-hours login activity (significantly above normal, z=2.43)"
BIS0247,2010-02-09,1,0.0587197994900311,0,"Flagged due to: high USB device usage (significantly above normal, z=2.88); after-hours login activity (significantly above normal, z=2.43)"
BIS0247,2010-03-05,1,0.0434706555299214,0,"Flagged due to: after-hours login activity (extremely above normal, z=5.21); unusual number of logins (extremely above normal, z=4.05)"
BIS0247,2010-03-20,1,0.0530169215216769,0,"Flagged due to: unusual email activity (extremely below normal, z=-5.03); after-hours login activity (significantly above normal, z=2.43)"
BIS0247,2010-05-01,1,0.0530169215216769,0,"Flagged due to: unusual email activity (extremely below normal, z=-5.03); after-hours login activity (significantly above normal, z=2.43)"
BIS0247,2010-05-08,1,0.0530169215216769,0,"Flagged due to: unusual email activity (extremely below normal, z=-5.03); after-hours login activity (significantly above normal, z=2.43)"
BIS0247,2010-06-21,1,0.0041324730493883,0,"Flagged due to: unusual email activity (extremely below normal, z=-4.44); after-hours login activity (significantly above normal, z=2.43)"
BIS0247,2010-07-03,1,0.0530169215216769,0,"Flagged due to: unusual email activity (extremely below normal, z=-5.03); after-hours login activity (significantly above normal, z=2.43)"
BIS0247,2010-09-03,1,0.0017433282373213,0,"Flagged due to: unusual file access activity (extremely above normal, z=3.51); high USB device usage (significantly above normal, z=2.88)"
BIS0247,2010-10-13,1,0.0383441470773464,0,"Flagged due to: unusual email activity (extremely below normal, z=-5.03); unusual number of logins (somewhat below normal, z=-1.7)"
BIS0247,2010-12-16,1,0.0042885410316271,0,"Flagged due to: unusual file access activity (extremely above normal, z=3.51); high USB device usage (significantly above normal, z=2.88)"
BIS0247,2010-12-20,1,0.0070310869702677,0,"Flagged due to: unusual file access activity (extremely above normal, z=3.12); emails sent to external addresses (significantly above normal, z=2.07)"
BIS0247,2010-12-22,1,0.0039795842158482,0,"Flagged due to: unusual file access activity (extremely above normal, z=4.71); high USB device usage (significantly above normal, z=2.88)"
BIS0247,2011-02-15,1,0.0167042814935166,0,"Flagged due to: high USB device usage (significantly above normal, z=2.88); after-hours login activity (significantly above normal, z=2.43)"
BIS0247,2011-03-19,1,0.0530169215216769,0,"Flagged due to: unusual email activity (extremely below normal, z=-5.03); after-hours login activity (significantly above normal, z=2.43)"
BIS0247,2011-03-28,1,0.0042802480894963,0,"Flagged due to: unusual file access activity (extremely above normal, z=3.51); high USB device usage (significantly above normal, z=2.88)"
BIS0247,2011-05-12,1,0.0055484022328675,0,"Flagged due to: unusual email activity (extremely below normal, z=-3.25); unusual number of logins (somewhat below normal, z=-1.7)"
BJM0111,2010-01-23,1,0.0839892325225802,0,"Flagged due to: unusual email activity (extremely below normal, z=-4.35); high USB device usage (extremely below normal, z=-4.24)"
BJM0111,2010-02-06,1,0.0839892325225802,0,"Flagged due to: unusual email activity (extremely below normal, z=-4.35); high USB device usage (extremely below normal, z=-4.24)"
BJM0111,2010-02-10,1,0.0053319872626624,0,"Flagged due to: unusual number of logins (significantly above normal, z=2.25); after-hours login activity (significantly above normal, z=2.19)"
BJM0111,2010-02-27,1,0.0839892325225802,0,"Flagged due to: unusual email activity (extremely below normal, z=-4.35); high USB device usage (extremely below normal, z=-4.24)"
BJM0111,2010-05-08,1,0.0839892325225802,0,"Flagged due to: unusual email activity (extremely below normal, z=-4.35); high USB device usage (extremely below normal, z=-4.24)"
BJM0111,2010-05-15,1,0.0839892325225802,0,"Flagged due to: unusual email activity (extremely below normal, z=-4.35); high USB device usage (extremely below normal, z=-4.24)"
BJM0111,2010-06-01,1,0.0234890605062187,0,"Flagged due to: unusual number of logins (extremely above normal, z=4.91); after-hours login activity (extremely above normal, z=4.8)"
BJM0111,2010-07-20,1,0.0003954098175981,0,"Flagged due to: unusual number of logins (significantly above normal, z=2.25); after-hours login activity (significantly above normal, z=2.19)"
BJM0111,2010-07-24,1,0.0839892325225802,0,"Flagged due to: unusual email activity (extremely below normal, z=-4.35); high USB device usage (extremely below normal, z=-4.24)"
BJM0111,2010-09-18,1,0.0416831573728603,0,"Flagged due to: unusual email activity (extremely below normal, z=-4.35); high USB device usage (extremely below normal, z=-4.24)"
BJM0111,2010-11-07,1,0.0416831573728603,0,"Flagged due to: unusual email activity (extremely below normal, z=-4.35); high USB device usage (extremely below normal, z=-4.24)"
BJM0111,2011-01-08,1,0.0416831573728603,0,"Flagged due to: unusual email activity (extremely below normal, z=-4.35); high USB device usage (extremely below normal, z=-4.24)"
BJM0111,2011-02-12,1,0.0839892325225802,0,"Flagged due to: unusual email activity (extremely below normal, z=-4.35); high USB device usage (extremely below normal, z=-4.24)"
BJM0111,2011-02-16,1,0.034266935995175,0,"Flagged due to: unusual email activity (extremely below normal, z=-4.35); unusual number of logins (significantly above normal, z=2.25)"
BJM0111,2011-03-12,1,0.0839892325225802,0,"Flagged due to: unusual email activity (extremely below normal, z=-4.35); high USB device usage (extremely below normal, z=-4.24)"
BJM0111,2011-04-16,1,0.0839892325225802,0,"Flagged due to: unusual email activity (extremely below normal, z=-4.35); high USB device usage (extremely below normal, z=-4.24)"
BJM0111,2011-04-24,1,0.0839892325225802,0,"Flagged due to: unusual email activity (extremely below normal, z=-4.35); high USB device usage (extremely below normal, z=-4.24)"
BJM0111,2011-05-14,1,0.0839892325225802,0,"Flagged due to: unusual email activity (extremely below normal, z=-4.35); high USB device usage (extremely below normal, z=-4.24)"
BJM0111,2011-05-17,1,0.0839892325225802,0,"Flagged due to: unusual email activity (extremely below normal, z=-4.35); high USB device usage (extremely below normal, z=-4.24)"
BJP0134,2010-03-10,1,0.0051001927428707,0,"Flagged due to: unusual email activity (extremely below normal, z=-6.49); unusual number of logins (somewhat below normal, z=-1.84)"
BJP0134,2010-08-23,1,0.009567556477583,0,"Flagged due to: unusual email activity (extremely below normal, z=-6.49); unusual number of logins (somewhat below normal, z=-1.84)"
BJP0134,2010-12-21,1,0.009567556477583,0,"Flagged due to: unusual email activity (extremely below normal, z=-6.49); unusual number of logins (somewhat below normal, z=-1.84)"
BKW0374,2010-05-12,1,0.0145903659200906,0,"Flagged due to: unusual email activity (extremely below normal, z=-6.39); emails sent to external addresses (somewhat below normal, z=-1.67)"
BKW0374,2010-08-19,1,0.0235501039447113,0,"Flagged due to: unusual email activity (extremely below normal, z=-5.78); unusual number of logins (somewhat above normal, z=1.52)"
BKW0374,2011-01-07,1,0.0019790654845663,0,"Flagged due to: unusual email activity (extremely below normal, z=-6.39); emails sent to external addresses (somewhat below normal, z=-1.67)"
BLB0114,2010-01-28,1,0.0622271493394066,0,"Flagged due to: unusual email activity (extremely below normal, z=-7.75); unusual number of logins (significantly above normal, z=2.26)"
BLS0678,2010-09-17,1,0.1225803737071336,0,"Flagged due to: after-hours login activity (extremely above normal, z=13.82); high USB device usage (extremely above normal, z=13.82)"
BLS0678,2010-09-21,1,0.0640884661736657,1,"Flagged due to: after-hours login activity (extremely above normal, z=13.82); high USB device usage (extremely above normal, z=6.87)"
BMG0917,2010-06-29,1,0.0028228708638858,0,"Flagged due to: unusual email activity (extremely below normal, z=-5.34); unusual file access activity (somewhat below normal, z=-1.6)"
BMG0917,2010-08-05,1,0.0007810640434257,0,"Flagged due to: after-hours login activity (extremely above normal, z=3.85); unusual number of logins (significantly above normal, z=2.45)"
BMG0917,2010-09-28,1,0.0251187373093869,0,"Flagged due to: after-hours login activity (extremely above normal, z=3.85); unusual number of logins (significantly above normal, z=2.45)"
BMG0917,2010-12-20,1,0.0595435141883855,0,"Flagged due to: after-hours login activity (extremely above normal, z=3.85); unusual number of logins (significantly above normal, z=2.45)"
BMG0917,2011-01-08,1,0.1374244599947555,0,"Flagged due to: high USB device usage (extremely below normal, z=-8.39); unusual email activity (extremely below normal, z=-6.94)"
BMG0917,2011-01-15,1,0.1374244599947555,0,"Flagged due to: high USB device usage (extremely below normal, z=-8.39); unusual email activity (extremely below normal, z=-6.94)"
BMG0917,2011-02-14,1,0.0076144387527871,0,"Flagged due to: unusual email activity (extremely below normal, z=-6.94); emails sent to external addresses (somewhat below normal, z=-1.53)"
BMG0917,2011-02-23,1,0.0050589923200767,0,"Flagged due to: after-hours login activity (extremely above normal, z=3.85); unusual number of logins (significantly above normal, z=2.45)"
BMG0917,2011-03-10,1,0.0938854465477974,0,"Flagged due to: after-hours login activity (extremely above normal, z=7.94); unusual number of logins (extremely above normal, z=4.54)"
BMG0917,2011-03-19,1,0.1374244599947555,0,"Flagged due to: high USB device usage (extremely below normal, z=-8.39); unusual email activity (extremely below normal, z=-6.94)"
BMT0528,2010-01-06,1,0.0236828898189145,0,"Flagged due to: unusual number of logins (extremely above normal, z=3.5); logins from unusual number of PCs (extremely above normal, z=3.5)"
BMT0528,2010-02-15,1,0.0211757184360904,0,"Flagged due to: unusual number of logins (extremely above normal, z=3.5); logins from unusual number of PCs (extremely above normal, z=3.5)"
BMT0528,2010-06-02,1,0.0174007830834627,0,"Flagged due to: unusual number of logins (extremely above normal, z=3.5); logins from unusual number of PCs (extremely above normal, z=3.5)"
BMT0528,2010-07-02,1,0.0419674429481141,0,"Flagged due to: unusual number of logins (extremely above normal, z=3.5); logins from unusual number of PCs (extremely above normal, z=3.5)"
BMT0528,2010-07-15,1,0.0065768339704431,0,"Flagged due to: unusual number of logins (extremely above normal, z=3.5); logins from unusual number of PCs (extremely above normal, z=3.5)"
BMT0528,2010-08-05,1,0.0007226059955879,0,"Flagged due to: unusual email activity (extremely below normal, z=-7.4); high USB device usage (somewhat above normal, z=1.84)"
BMT0528,2010-08-12,1,0.0034822165663248,0,"Flagged due to: unusual number of logins (extremely above normal, z=3.5); logins from unusual number of PCs (extremely above normal, z=3.5)"
BMT0528,2010-10-20,1,0.0129552347986663,0,"Flagged due to: unusual number of logins (extremely above normal, z=3.5); logins from unusual number of PCs (extremely above normal, z=3.5)"
BMT0528,2010-11-03,1,0.0389394566134041,0,"Flagged due to: unusual number of logins (extremely above normal, z=3.5); logins from unusual number of PCs (extremely above normal, z=3.5)"
BMT0528,2010-11-10,1,0.0009339420487041,0,"Flagged due to: unusual number of logins (extremely above normal, z=3.5); logins from unusual number of PCs (extremely above normal, z=3.5)"
BMT0528,2010-11-17,1,0.0179547015595438,0,"Flagged due to: unusual number of logins (extremely above normal, z=3.5); logins from unusual number of PCs (extremely above normal, z=3.5)"
BMT0528,2010-12-06,1,0.0211757184360904,0,"Flagged due to: unusual number of logins (extremely above normal, z=3.5); logins from unusual number of PCs (extremely above normal, z=3.5)"
BMT0528,2010-12-13,1,0.0368286598392288,0,"Flagged due to: unusual number of logins (extremely above normal, z=3.5); logins from unusual number of PCs (extremely above normal, z=3.5)"
BMT0528,2010-12-20,1,0.0244680473353154,0,"Flagged due to: unusual email activity (extremely below normal, z=-7.4); unusual file access activity (somewhat above normal, z=1.73)"
BMT0528,2011-01-17,1,0.026901755652992,0,"Flagged due to: unusual number of logins (extremely above normal, z=3.5); logins from unusual number of PCs (extremely above normal, z=3.5)"
BMT0528,2011-02-25,1,0.0152952189406905,0,"Flagged due to: unusual number of logins (extremely above normal, z=3.5); logins from unusual number of PCs (extremely above normal, z=3.5)"
BMT0528,2011-03-07,1,0.0126150542116542,0,"Flagged due to: unusual number of logins (extremely above normal, z=3.5); logins from unusual number of PCs (extremely above normal, z=3.5)"
BMT0528,2011-03-09,1,0.0028128151517222,0,"Flagged due to: unusual number of logins (extremely above normal, z=3.5); logins from unusual number of PCs (extremely above normal, z=3.5)"
BMT0528,2011-03-23,1,0.0727453203548114,0,"Flagged due to: unusual number of logins (extremely above normal, z=3.5); logins from unusual number of PCs (extremely above normal, z=3.5)"
BMT0528,2011-05-13,1,0.0198442299818077,0,"Flagged due to: unusual number of logins (extremely above normal, z=3.5); logins from unusual number of PCs (extremely above normal, z=3.5)"
BQS0525,2010-01-07,1,0.0131461329863008,0,"Flagged due to: unusual number of logins (significantly above normal, z=2.42); logins from unusual number of PCs (significantly above normal, z=2.42)"
BRB0355,2010-03-01,1,0.0070719130009382,0,"Flagged due to: unusual file access activity (extremely above normal, z=3.16); emails sent to external addresses (significantly above normal, z=2.54)"
BRB0355,2010-04-05,1,0.0006469145976235,0,"Flagged due to: unusual email activity (extremely below normal, z=-6.83); emails sent to external addresses (somewhat below normal, z=-1.55)"
BRB0355,2010-05-19,1,0.037153118047659,0,"Flagged due to: unusual email activity (extremely below normal, z=-4.7); unusual number of logins (somewhat above normal, z=1.91)"
BRB0355,2010-08-11,1,0.0015778804599282,0,"Flagged due to: high USB device usage (somewhat above normal, z=1.98); unusual number of logins (somewhat above normal, z=1.91)"
BRB0355,2010-08-13,1,0.0447684495439841,0,"Flagged due to: unusual email activity (extremely below normal, z=-6.12); unusual number of logins (somewhat above normal, z=1.91)"
BRB0355,2010-09-11,1,0.0176745893508349,0,"Flagged due to: unusual file access activity (significantly above normal, z=2.67); high USB device usage (somewhat above normal, z=1.98)"
BRB0355,2010-10-03,1,0.0222681473746082,0,"Flagged due to: unusual email activity (extremely below normal, z=-6.83); high USB device usage (somewhat below normal, z=-1.92)"
BRB0355,2010-10-07,1,0.0106283571300415,0,"Flagged due to: unusual file access activity (extremely above normal, z=3.16); unusual number of logins (significantly below normal, z=-2.27)"
BRB0355,2011-01-18,1,0.0140684253830514,0,"Flagged due to: unusual email activity (extremely below normal, z=-6.12); emails sent to external addresses (somewhat below normal, z=-1.55)"
BRB0355,2011-05-11,1,0.0135667656300322,0,"Flagged due to: unusual email activity (extremely below normal, z=-4.0); unusual number of logins (somewhat above normal, z=1.91)"
BRM0995,2010-03-01,1,0.0628193155979628,0,"Flagged due to: unusual email activity (extremely below normal, z=-9.03); unusual number of logins (significantly below normal, z=-2.11)"
BRM0995,2010-04-12,1,0.0242558679491279,0,"Flagged due to: after-hours login activity (extremely above normal, z=4.86); logins from unusual number of PCs (extremely above normal, z=3.43)"
BRM0995,2010-04-26,1,0.0863461829703843,0,"Flagged due to: after-hours login activity (extremely above normal, z=4.86); logins from unusual number of PCs (extremely above normal, z=3.43)"
BRM0995,2010-05-07,1,0.0151141559323849,0,"Flagged due to: after-hours login activity (extremely above normal, z=4.86); logins from unusual number of PCs (extremely above normal, z=3.43)"
BRM0995,2010-05-13,1,0.016604861597353,0,"Flagged due to: unusual file access activity (significantly above normal, z=2.45); high USB device usage (significantly below normal, z=-2.3)"
BRM0995,2010-06-07,1,0.0387616912711166,0,"Flagged due to: unusual email activity (extremely below normal, z=-9.03); emails sent to external addresses (somewhat below normal, z=-1.78)"
BRM0995,2010-06-14,1,0.042313330668146,0,"Flagged due to: unusual email activity (extremely below normal, z=-9.03); emails sent to external addresses (somewhat below normal, z=-1.78)"
BRM0995,2010-06-21,1,0.0649878971659656,0,"Flagged due to: after-hours login activity (extremely above normal, z=4.86); logins from unusual number of PCs (extremely above normal, z=3.43)"
BRM0995,2010-06-23,1,0.0111077232942005,0,"Flagged due to: after-hours login activity (extremely above normal, z=4.86); logins from unusual number of PCs (extremely above normal, z=3.43)"
BRM0995,2010-07-22,1,0.0191457934359814,0,"Flagged due to: logins from unusual number of PCs (extremely above normal, z=3.43); unusual email activity (somewhat below normal, z=-1.84)"
BRM0995,2010-08-04,1,0.0258487968995579,0,"Flagged due to: after-hours login activity (extremely above normal, z=4.86); logins from unusual number of PCs (extremely above normal, z=3.43)"
BRM0995,2010-08-12,1,0.0512258130434399,0,"Flagged due to: after-hours login activity (extremely above normal, z=4.86); logins from unusual number of PCs (extremely above normal, z=3.43)"
BRM0995,2010-09-15,1,0.0095498009788704,0,"Flagged due to: after-hours login activity (extremely above normal, z=4.86); logins from unusual number of PCs (extremely above normal, z=3.43)"
BRM0995,2010-10-01,1,0.1107308672649296,0,"Flagged due to: unusual email activity (extremely below normal, z=-4.92); after-hours login activity (extremely above normal, z=4.86)"
BRM0995,2010-10-19,1,0.0690554790422106,0,"Flagged due to: after-hours login activity (extremely above normal, z=4.86); logins from unusual number of PCs (extremely above normal, z=3.43)"
BRM0995,2010-11-22,1,0.0137890083490465,0,"Flagged due to: after-hours login activity (extremely above normal, z=4.86); logins from unusual number of PCs (extremely above normal, z=3.43)"
BRM0995,2010-11-23,1,0.0661570203333233,0,"Flagged due to: after-hours login activity (extremely above normal, z=4.86); logins from unusual number of PCs (extremely above normal, z=3.43)"
BRM0995,2010-12-13,1,0.0137890083490465,0,"Flagged due to: after-hours login activity (extremely above normal, z=4.86); logins from unusual number of PCs (extremely above normal, z=3.43)"
BRM0995,2011-01-31,1,0.0456704385684751,0,"Flagged due to: after-hours login activity (extremely above normal, z=4.86); logins from unusual number of PCs (extremely above normal, z=3.43)"
BRM0995,2011-02-09,1,0.0067190270500939,0,"Flagged due to: logins from unusual number of PCs (extremely above normal, z=3.43); unusual number of logins (significantly above normal, z=2.82)"
BRM0995,2011-02-22,1,0.0153760740033195,0,"Flagged due to: logins from unusual number of PCs (extremely above normal, z=3.43); unusual number of logins (significantly above normal, z=2.82)"
BRS0734,2010-02-17,1,0.0119212212319294,0,"Flagged due to: unusual email activity (extremely below normal, z=-7.01); unusual file access activity (somewhat below normal, z=-1.42)"
BSS0369,2010-01-07,1,0.0260418969527937,0,"Flagged due to: unusual file access activity (significantly above normal, z=2.65); high USB device usage (somewhat above normal, z=1.5)"
BSS0369,2010-01-13,1,0.0138693378345325,0,"Flagged due to: unusual number of logins (somewhat below normal, z=-1.39); logins from unusual number of PCs (somewhat below normal, z=-1.39)"
BSS0369,2010-01-15,1,0.0060884467113556,0,"Flagged due to: high USB device usage (somewhat below normal, z=-1.45); unusual number of logins (somewhat below normal, z=-1.39)"
BSS0369,2010-01-18,1,0.0401603996772417,0,"Flagged due to: after-hours login activity (significantly above normal, z=2.31); unusual file access activity (somewhat above normal, z=1.68)"
BSS0369,2010-01-25,1,0.0348178633495765,0,"Flagged due to: after-hours login activity (significantly above normal, z=2.31); unusual file access activity (somewhat above normal, z=1.52)"
BSS0369,2010-02-03,1,0.0369825637289329,0,"Flagged due to: unusual email activity (extremely below normal, z=-6.91); emails sent to external addresses (somewhat below normal, z=-1.56)"
BSS0369,2010-02-09,1,0.0038021572608334,0,"Flagged due to: high USB device usage (somewhat below normal, z=-1.45); unusual number of logins (somewhat below normal, z=-1.39)"
BSS0369,2010-02-14,1,0.0141976562696651,0,"Flagged due to: unusual number of logins (significantly above normal, z=2.07); logins from unusual number of PCs (significantly above normal, z=2.06)"
BSS0369,2010-02-22,1,0.0096301470439035,0,"Flagged due to: unusual file access activity (somewhat below normal, z=-1.55); high USB device usage (somewhat below normal, z=-1.45)"
BSS0369,2010-02-26,1,0.0002298055275664,0,"Flagged due to: unusual file access activity (somewhat above normal, z=1.84); high USB device usage (somewhat above normal, z=1.5)"
BSS0369,2010-03-02,1,0.0001894106902927,0,"Flagged due to: emails sent to external addresses (somewhat above normal, z=1.74); after-hours login activity (somewhat below normal, z=-1.59)"
BSS0369,2010-04-03,1,0.0133976397901688,0,"Flagged due to: unusual file access activity (significantly above normal, z=2.0); high USB device usage (somewhat above normal, z=1.5)"
BSS0369,2010-04-13,1,0.0156233297985255,0,"Flagged due to: after-hours login activity (somewhat below normal, z=-1.59); unusual number of logins (somewhat below normal, z=-1.39)"
BSS0369,2010-05-26,1,0.021679301822658,0,"Flagged due to: after-hours login activity (somewhat below normal, z=-1.59); unusual file access activity (somewhat below normal, z=-1.55)"
BSS0369,2010-06-06,1,0.0050618381567613,0,"Flagged due to: unusual email activity (significantly below normal, z=-2.6); unusual file access activity (somewhat below normal, z=-1.23)"
BSS0369,2010-07-06,1,0.0009658912365556,0,"Flagged due to: high USB device usage (somewhat below normal, z=-1.45); unusual number of logins (somewhat below normal, z=-1.39)"
BSS0369,2010-07-16,1,0.0231999288266416,0,"Flagged due to: high USB device usage (somewhat below normal, z=-1.45); unusual number of logins (somewhat below normal, z=-1.39)"
BSS0369,2010-08-10,1,0.0423897126764559,0,"Flagged due to: after-hours login activity (significantly above normal, z=2.31); emails sent to external addresses (somewhat above normal, z=1.74)"
BSS0369,2010-08-19,1,0.0051221125217055,0,"Flagged due to: unusual file access activity (significantly above normal, z=2.0); after-hours login activity (somewhat above normal, z=1.53)"
BSS0369,2010-08-22,1,0.0015337679052501,0,"Flagged due to: unusual file access activity (somewhat above normal, z=1.52); high USB device usage (somewhat above normal, z=1.5)"
BSS0369,2010-09-07,1,0.02120950801584,0,"Flagged due to: unusual email activity (significantly below normal, z=-2.6); emails sent to external addresses (somewhat below normal, z=-1.56)"
BSS0369,2010-09-10,1,0.0073365079107292,0,"Flagged due to: unusual file access activity (significantly above normal, z=2.49); after-hours login activity (somewhat above normal, z=1.53)"
BSS0369,2010-09-13,1,0.0076041320403624,0,"Flagged due to: unusual email activity (significantly below normal, z=-2.6); unusual number of logins (somewhat below normal, z=-1.39)"
BSS0369,2010-09-30,1,0.0527565370580319,1,"Flagged due to: after-hours login activity (extremely above normal, z=3.1); unusual number of logins (significantly above normal, z=2.07)"
BSS0369,2010-10-04,1,0.1216776250918274,0,"Flagged due to: unusual email activity (extremely below normal, z=-6.91); high USB device usage (extremely below normal, z=-6.77)"
BTL0226,2010-05-13,1,0.0002657881850086,0,"Flagged due to: unusual email activity (extremely below normal, z=-7.66); unusual number of logins (significantly below normal, z=-2.07)"
BTL0226,2010-10-06,1,0.0698947175672842,1,"Flagged due to: unusual number of logins (extremely above normal, z=4.97); high USB device usage (extremely above normal, z=4.0)"
BTL0226,2010-10-08,1,0.0672237305172772,1,"Flagged due to: unusual file access activity (extremely above normal, z=3.0); unusual number of logins (significantly above normal, z=2.62)"
BTR0403,2010-02-15,1,0.012368973465443,0,"Flagged due to: unusual number of logins (significantly above normal, z=2.0); emails sent to external addresses (somewhat below normal, z=-1.57)"
BTR0403,2010-03-15,1,0.044997990909296,0,"Flagged due to: unusual email activity (extremely below normal, z=-7.8); emails sent to external addresses (somewhat below normal, z=-1.99)"
BTR0403,2010-03-16,1,0.0173002943188489,0,"Flagged due to: unusual email activity (extremely below normal, z=-6.0); unusual file access activity (extremely above normal, z=4.88)"
BTR0403,2010-05-18,1,0.0331592432578684,0,"Flagged due to: after-hours login activity (extremely above normal, z=9.23); unusual number of logins (significantly above normal, z=2.0)"
BTR0403,2010-09-14,1,0.0747865841237001,0,"Flagged due to: logins from unusual number of PCs (extremely above normal, z=3.55); unusual email activity (significantly below normal, z=-2.41)"
BTR0403,2010-11-12,1,0.006076989043857,0,"Flagged due to: after-hours login activity (extremely above normal, z=9.23); logins from unusual number of PCs (somewhat above normal, z=1.54)"
BTR0403,2010-11-17,1,0.0634247132831196,0,"Flagged due to: after-hours login activity (extremely above normal, z=9.23); unusual file access activity (significantly above normal, z=2.09)"
BTR0403,2010-12-09,1,0.0397009712036109,0,"Flagged due to: logins from unusual number of PCs (extremely above normal, z=3.55); unusual number of logins (significantly above normal, z=2.0)"
BTR0403,2011-02-07,1,0.0034966002418862,0,"Flagged due to: unusual number of logins (significantly above normal, z=2.0); logins from unusual number of PCs (somewhat above normal, z=1.54)"
BTR0403,2011-03-18,1,0.0188682489979381,0,"Flagged due to: unusual number of logins (extremely above normal, z=3.98); logins from unusual number of PCs (extremely above normal, z=3.55)"
BTR0403,2011-04-04,1,0.0064953580570659,0,"Flagged due to: logins from unusual number of PCs (extremely above normal, z=3.55); unusual number of logins (significantly above normal, z=2.0)"
BTR0403,2011-05-13,1,0.060076783184055,0,"Flagged due to: unusual number of logins (extremely above normal, z=3.98); logins from unusual number of PCs (extremely above normal, z=3.55)"
BVC0790,2010-01-05,1,0.0234468470867655,0,"Flagged due to: after-hours login activity (significantly above normal, z=2.81); emails sent to external addresses (significantly above normal, z=2.34)"
BVC0790,2010-01-24,1,0.0165047852431915,0,"Flagged due to: after-hours login activity (significantly above normal, z=2.81); unusual file access activity (somewhat above normal, z=1.54)"
BVC0790,2010-01-30,1,0.1211202004426535,0,"Flagged due to: unusual email activity (extremely below normal, z=-5.7); after-hours login activity (significantly above normal, z=2.81)"
BVC0790,2010-02-24,1,0.008212314211597,0,"Flagged due to: after-hours login activity (significantly above normal, z=2.81); logins from unusual number of PCs (somewhat above normal, z=1.49)"
BVC0790,2010-03-08,1,0.0522130411584058,0,"Flagged due to: unusual number of logins (extremely above normal, z=3.09); after-hours login activity (significantly above normal, z=2.81)"
BVC0790,2010-03-11,1,0.0160903130092471,0,"Flagged due to: after-hours login activity (significantly above normal, z=2.81); emails sent to external addresses (somewhat above normal, z=1.92)"
BVC0790,2010-03-19,1,0.0487470580857387,0,"Flagged due to: after-hours login activity (significantly above normal, z=2.81); unusual file access activity (significantly above normal, z=2.36)"
BVC0790,2010-03-27,1,0.0247272391332769,0,"Flagged due to: unusual email activity (extremely below normal, z=-4.37); logins from unusual number of PCs (somewhat above normal, z=1.49)"
BVC0790,2010-04-05,1,0.0711444650079132,0,"Flagged due to: unusual number of logins (extremely above normal, z=3.09); after-hours login activity (significantly above normal, z=2.81)"
BVC0790,2010-06-24,1,0.0198607654214793,0,"Flagged due to: after-hours login activity (significantly above normal, z=2.81); high USB device usage (somewhat below normal, z=-1.95)"
BVC0790,2010-06-27,1,4.299688575026828e-05,0,"Flagged due to: unusual email activity (significantly below normal, z=-2.39); unusual number of logins (significantly below normal, z=-2.03)"
BVC0790,2010-07-27,1,0.0577061515215724,0,"Flagged due to: unusual email activity (extremely below normal, z=-3.05); after-hours login activity (significantly above normal, z=2.81)"
BVC0790,2010-07-28,1,0.0201278052453108,0,"Flagged due to: after-hours login activity (significantly above normal, z=2.81); high USB device usage (somewhat below normal, z=-1.95)"
BVC0790,2010-08-06,1,0.0025589857784135,0,"Flagged due to: unusual number of logins (significantly below normal, z=-2.03); high USB device usage (somewhat above normal, z=1.93)"
BVC0790,2010-09-02,1,0.0247022755058401,0,"Flagged due to: unusual number of logins (extremely above normal, z=3.09); after-hours login activity (significantly above normal, z=2.81)"
BVC0790,2010-09-15,1,0.0548601987455988,0,"Flagged due to: after-hours login activity (significantly above normal, z=2.81); unusual file access activity (significantly above normal, z=2.36)"
BVC0790,2010-09-18,1,0.1211202004426535,0,"Flagged due to: unusual email activity (extremely below normal, z=-5.7); after-hours login activity (significantly above normal, z=2.81)"
BVC0790,2010-10-04,1,0.0097112113712739,0,"Flagged due to: unusual email activity (extremely below normal, z=-5.7); emails sent to external addresses (somewhat below normal, z=-1.88)"
BVC0790,2010-10-07,1,0.0462601959417412,0,"Flagged due to: after-hours login activity (significantly above normal, z=2.81); unusual file access activity (somewhat above normal, z=1.54)"
BVC0790,2010-10-18,1,0.0624554217489425,0,"Flagged due to: unusual number of logins (extremely above normal, z=3.09); after-hours login activity (significantly above normal, z=2.81)"
BVC0790,2010-11-07,1,0.0574940673495392,0,"Flagged due to: unusual email activity (extremely below normal, z=-5.03); high USB device usage (somewhat above normal, z=1.93)"
BVC0790,2010-11-15,1,0.0575390619733497,0,"Flagged due to: unusual file access activity (extremely above normal, z=4.4); after-hours login activity (significantly above normal, z=2.81)"
BVC0790,2010-12-07,1,0.0237492881488307,0,"Flagged due to: after-hours login activity (significantly above normal, z=2.81); high USB device usage (somewhat below normal, z=-1.95)"
BVC0790,2010-12-11,1,0.1211202004426535,0,"Flagged due to: unusual email activity (extremely below normal, z=-5.7); after-hours login activity (significantly above normal, z=2.81)"
BVC0790,2010-12-17,1,0.0727375520524786,0,"Flagged due to: unusual number of logins (extremely above normal, z=3.09); after-hours login activity (significantly above normal, z=2.81)"
BVC0790,2010-12-19,1,0.0807358737761884,0,"Flagged due to: unusual number of logins (extremely above normal, z=3.09); after-hours login activity (significantly above normal, z=2.81)"
BVC0790,2010-12-30,1,0.063793780893364,0,"Flagged due to: unusual email activity (extremely below normal, z=-5.7); emails sent to external addresses (somewhat below normal, z=-1.88)"
BVC0790,2011-01-07,1,0.015439239599306,0,"Flagged due to: unusual number of logins (extremely above normal, z=3.09); after-hours login activity (significantly above normal, z=2.81)"
BVC0790,2011-01-08,1,0.1211202004426535,0,"Flagged due to: unusual email activity (extremely below normal, z=-5.7); after-hours login activity (significantly above normal, z=2.81)"
BVC0790,2011-01-24,1,0.0234917336430402,0,"Flagged due to: unusual email activity (extremely below normal, z=-5.7); emails sent to external addresses (somewhat below normal, z=-1.88)"
BVC0790,2011-02-08,1,0.0348082816182494,0,"Flagged due to: after-hours login activity (significantly above normal, z=2.81); emails sent to external addresses (somewhat above normal, z=1.92)"
BVC0790,2011-02-13,1,0.0028920654782351,0,"Flagged due to: after-hours login activity (significantly above normal, z=2.81); unusual number of logins (somewhat above normal, z=1.38)"
BVC0790,2011-03-29,1,0.0909127598838785,0,"Flagged due to: unusual email activity (extremely below normal, z=-3.71); after-hours login activity (significantly above normal, z=2.81)"
BVC0790,2011-04-22,1,0.0778610275371108,0,"Flagged due to: unusual email activity (extremely below normal, z=-5.7); unusual number of logins (significantly below normal, z=-2.03)"
BVC0790,2011-05-14,1,0.0253523752925625,0,"Flagged due to: after-hours login activity (significantly above normal, z=2.81); high USB device usage (somewhat below normal, z=-1.95)"
BVN0514,2010-01-28,1,0.0538578857101875,0,"Flagged due to: unusual email activity (extremely below normal, z=-5.94); unusual number of logins (extremely above normal, z=3.55)"
BVN0514,2010-03-05,1,0.0004204748940092,0,"Flagged due to: unusual number of logins (extremely above normal, z=3.55); logins from unusual number of PCs (extremely above normal, z=3.55)"
BWP0202,2010-01-19,1,0.0416530706363558,0,"Flagged due to: after-hours login activity (extremely above normal, z=4.18); unusual number of logins (significantly above normal, z=2.57)"
BWP0202,2010-01-23,1,0.0664838593317517,0,"Flagged due to: unusual email activity (extremely below normal, z=-4.99); unusual number of logins (somewhat below normal, z=-1.9)"
BWP0202,2010-01-26,1,0.0084565411969153,0,"Flagged due to: high USB device usage (significantly above normal, z=2.59); unusual file access activity (significantly above normal, z=2.24)"
BWP0202,2010-02-06,1,0.0664838593317517,0,"Flagged due to: unusual email activity (extremely below normal, z=-4.99); unusual number of logins (somewhat below normal, z=-1.9)"
BWP0202,2010-03-03,1,0.0192606785127065,0,"Flagged due to: high USB device usage (extremely above normal, z=4.18); unusual file access activity (significantly above normal, z=2.55)"
BWP0202,2010-03-24,1,0.006086295837125,0,"Flagged due to: unusual email activity (extremely below normal, z=-4.51); emails sent to external addresses (somewhat below normal, z=-1.76)"
BWP0202,2010-04-05,1,0.0495386294018979,0,"Flagged due to: unusual file access activity (significantly above normal, z=2.24); after-hours login activity (somewhat above normal, z=1.86)"
BWP0202,2010-04-12,1,0.0021210815938672,0,"Flagged due to: unusual number of logins (significantly above normal, z=2.57); after-hours login activity (somewhat above normal, z=1.86)"
BWP0202,2010-04-20,1,0.0244721384593001,0,"Flagged due to: unusual file access activity (significantly above normal, z=2.24); after-hours login activity (somewhat above normal, z=1.86)"
BWP0202,2010-04-27,1,0.009039428937647,0,"Flagged due to: high USB device usage (significantly above normal, z=2.59); after-hours login activity (somewhat above normal, z=1.86)"
BWP0202,2010-04-30,1,0.006518508473524,0,"Flagged due to: unusual file access activity (significantly above normal, z=2.55); logins from unusual number of PCs (somewhat above normal, z=1.44)"
BWP0202,2010-05-01,1,0.0664838593317517,0,"Flagged due to: unusual email activity (extremely below normal, z=-4.99); unusual number of logins (somewhat below normal, z=-1.9)"
BWP0202,2010-05-11,1,0.0281353533974522,0,"Flagged due to: unusual email activity (extremely below normal, z=-4.03); emails sent to external addresses (somewhat below normal, z=-1.76)"
BWP0202,2010-05-18,1,0.0102287606075704,0,"Flagged due to: unusual number of logins (significantly above normal, z=2.57); after-hours login activity (somewhat above normal, z=1.86)"
BWP0202,2010-06-02,1,0.0210571998651849,0,"Flagged due to: after-hours login activity (extremely above normal, z=4.18); unusual number of logins (significantly above normal, z=2.57)"
BWP0202,2010-06-21,1,0.092912201814549,0,"Flagged due to: high USB device usage (significantly above normal, z=2.59); unusual number of logins (significantly above normal, z=2.57)"
BWP0202,2010-06-22,1,0.0367656897366077,0,"Flagged due to: high USB device usage (significantly above normal, z=2.59); unusual file access activity (significantly above normal, z=2.24)"
BWP0202,2010-06-23,1,0.0704658578614048,0,"Flagged due to: unusual file access activity (significantly above normal, z=2.86); emails sent to external addresses (significantly above normal, z=2.06)"
BWP0202,2010-09-21,1,0.0230237193237153,0,"Flagged due to: high USB device usage (significantly above normal, z=2.59); unusual file access activity (somewhat above normal, z=1.93)"
BWP0202,2010-09-28,1,0.0593571440247079,0,"Flagged due to: unusual number of logins (significantly above normal, z=2.57); unusual file access activity (significantly above normal, z=2.24)"
BWP0202,2010-10-02,1,0.0664838593317517,0,"Flagged due to: unusual email activity (extremely below normal, z=-4.99); unusual number of logins (somewhat below normal, z=-1.9)"
BWP0202,2010-10-18,1,0.011799586954615,0,"Flagged due to: unusual email activity (extremely below normal, z=-4.03); logins from unusual number of PCs (somewhat above normal, z=1.44)"
BWP0202,2010-10-21,1,0.0340234704860183,0,"Flagged due to: unusual number of logins (significantly above normal, z=2.57); after-hours login activity (somewhat above normal, z=1.86)"
BWP0202,2010-10-26,1,0.0327059263506568,0,"Flagged due to: unusual email activity (extremely below normal, z=-4.99); emails sent to external addresses (somewhat below normal, z=-1.76)"
BWP0202,2010-10-28,1,0.0029588219585422,0,"Flagged due to: after-hours login activity (somewhat above normal, z=1.86); logins from unusual number of PCs (somewhat above normal, z=1.44)"
BWP0202,2010-11-06,1,0.0664838593317517,0,"Flagged due to: unusual email activity (extremely below normal, z=-4.99); unusual number of logins (somewhat below normal, z=-1.9)"
BWP0202,2010-11-11,1,0.0010705882140579,0,"Flagged due to: high USB device usage (significantly above normal, z=2.59); unusual file access activity (significantly above normal, z=2.55)"
BWP0202,2010-11-24,1,0.0660585508082101,0,"Flagged due to: high USB device usage (significantly above normal, z=2.59); after-hours login activity (somewhat above normal, z=1.86)"
BWP0202,2010-12-14,1,0.0691809835249207,0,"Flagged due to: after-hours login activity (extremely above normal, z=4.18); unusual number of logins (significantly above normal, z=2.57)"
BWP0202,2010-12-20,1,0.0349845713690019,0,"Flagged due to: high USB device usage (significantly above normal, z=2.59); after-hours login activity (somewhat above normal, z=1.86)"
BWP0202,2011-01-08,1,0.0664838593317517,0,"Flagged due to: unusual email activity (extremely below normal, z=-4.99); unusual number of logins (somewhat below normal, z=-1.9)"
BWP0202,2011-01-24,1,0.0209830490993602,0,"Flagged due to: unusual number of logins (significantly above normal, z=2.57); after-hours login activity (somewhat above normal, z=1.86)"
BWP0202,2011-03-19,1,0.0664838593317517,0,"Flagged due to: unusual email activity (extremely below normal, z=-4.99); unusual number of logins (somewhat below normal, z=-1.9)"
BWP0202,2011-04-04,1,0.039687672105936,0,"Flagged due to: unusual number of logins (significantly above normal, z=2.57); after-hours login activity (somewhat above normal, z=1.86)"
BWP0202,2011-04-05,1,0.0399219385413364,0,"Flagged due to: unusual file access activity (significantly above normal, z=2.86); after-hours login activity (somewhat above normal, z=1.86)"
BWP0202,2011-04-08,1,0.0199225376611826,0,"Flagged due to: unusual email activity (extremely below normal, z=-4.51); high USB device usage (significantly above normal, z=2.59)"
BWP0202,2011-04-27,1,0.005702958176057,0,"Flagged due to: unusual file access activity (somewhat above normal, z=1.93); after-hours login activity (somewhat above normal, z=1.86)"
BWP0202,2011-05-13,1,0.0155748154691617,0,"Flagged due to: after-hours login activity (extremely above normal, z=4.18); unusual number of logins (extremely above normal, z=4.06)"
CAA0612,2010-01-18,1,0.0485458240943942,0,"Flagged due to: unusual email activity (extremely below normal, z=-8.08); emails sent to external addresses (somewhat below normal, z=-1.85)"
CAA0612,2010-06-30,1,0.0127583659933837,0,"Flagged due to: high USB device usage (significantly above normal, z=2.57); unusual file access activity (significantly above normal, z=2.49)"
CAA0612,2010-10-20,1,0.0173447836830703,0,"Flagged due to: high USB device usage (significantly above normal, z=2.57); unusual email activity (significantly below normal, z=-2.11)"
CAA0612,2010-11-19,1,0.0294729200850951,0,"Flagged due to: unusual email activity (extremely below normal, z=-9.28); emails sent to external addresses (somewhat below normal, z=-1.85)"
CAA0612,2011-03-29,1,0.0423384571649729,0,"Flagged due to: unusual email activity (extremely below normal, z=-6.29); unusual file access activity (somewhat above normal, z=1.88)"
CAB0614,2010-02-17,1,0.0231041837162461,0,"Flagged due to: unusual number of logins (extremely above normal, z=4.03); logins from unusual number of PCs (extremely above normal, z=3.87)"
CAB0614,2010-07-29,1,0.0065554102148149,0,"Flagged due to: unusual number of logins (significantly above normal, z=2.03); logins from unusual number of PCs (somewhat above normal, z=1.69)"
CAB0614,2010-08-20,1,0.007437627948134,0,"Flagged due to: high USB device usage (significantly above normal, z=2.11); unusual number of logins (significantly above normal, z=2.03)"
CAB0614,2010-09-07,1,0.0041673219620779,0,"Flagged due to: high USB device usage (significantly above normal, z=2.11); unusual number of logins (significantly above normal, z=2.03)"
CAB0614,2010-10-20,1,0.0822837481235828,0,"Flagged due to: unusual email activity (extremely below normal, z=-6.31); unusual number of logins (significantly above normal, z=2.03)"
CAB0614,2010-11-03,1,0.0626178755811199,0,"Flagged due to: unusual email activity (extremely below normal, z=-7.26); emails sent to external addresses (significantly below normal, z=-2.08)"
CAB0614,2010-11-05,1,0.0223725602373145,0,"Flagged due to: unusual email activity (extremely below normal, z=-4.43); unusual number of logins (somewhat below normal, z=-1.98)"
CAB0614,2010-11-23,1,0.0080019001112683,0,"Flagged due to: unusual number of logins (extremely above normal, z=4.03); logins from unusual number of PCs (extremely above normal, z=3.87)"
CAB0614,2011-01-28,1,0.0094609448668813,0,"Flagged due to: unusual email activity (extremely below normal, z=-6.31); emails sent to external addresses (somewhat below normal, z=-1.58)"
CAB0614,2011-02-03,1,0.0421433036818923,0,"Flagged due to: unusual email activity (extremely below normal, z=-5.84); high USB device usage (significantly above normal, z=2.11)"
CAH0936,2010-03-19,1,0.0075048113336282,0,"Flagged due to: logins from unusual number of PCs (extremely above normal, z=3.94); unusual number of logins (extremely above normal, z=3.73)"
CAH0936,2010-08-09,1,0.0988576114017271,0,"Flagged due to: after-hours login activity (extremely above normal, z=5.22); unusual file access activity (extremely above normal, z=4.94)"
CAH0936,2010-08-11,1,0.1048974583375756,1,"Flagged due to: after-hours login activity (extremely above normal, z=5.22); unusual number of logins (extremely above normal, z=3.73)"
CAH0936,2010-08-12,1,0.0082164934537287,1,"Flagged due to: after-hours login activity (extremely above normal, z=5.22); unusual number of logins (somewhat above normal, z=1.82)"
CAH0936,2010-08-18,1,0.1384747802347354,0,"Flagged due to: high USB device usage (extremely above normal, z=12.35); after-hours login activity (extremely above normal, z=10.57)"
CAH0936,2010-08-20,1,0.0841710921620227,0,"Flagged due to: unusual file access activity (extremely above normal, z=5.5); after-hours login activity (extremely above normal, z=5.22)"
CAM0681,2010-06-18,1,0.0035702275817989,0,"Flagged due to: unusual email activity (extremely below normal, z=-8.22); emails sent to external addresses (somewhat below normal, z=-1.65)"
CAM0681,2010-08-03,1,0.0119714253807471,0,"Flagged due to: unusual email activity (extremely below normal, z=-7.29); unusual file access activity (somewhat above normal, z=1.5)"
CAM0681,2010-10-19,1,0.0035950953774871,0,"Flagged due to: unusual email activity (extremely below normal, z=-5.41); unusual number of logins (somewhat below normal, z=-1.84)"
CAM0681,2010-11-08,1,0.0435367617211057,0,"Flagged due to: unusual email activity (extremely below normal, z=-7.29); high USB device usage (significantly above normal, z=2.24)"
CAS0507,2010-01-06,1,0.0073093339887122,0,"Flagged due to: high USB device usage (extremely above normal, z=3.21); unusual number of logins (somewhat above normal, z=1.8)"
CAS0507,2010-05-03,1,0.0001183530829367,0,"Flagged due to: unusual email activity (extremely below normal, z=-4.23); unusual file access activity (somewhat below normal, z=-1.56)"
CAS0507,2010-06-02,1,0.0427702715280443,0,"Flagged due to: after-hours login activity (extremely above normal, z=6.11); emails sent to external addresses (somewhat below normal, z=-1.82)"
CAS0507,2010-06-17,1,0.0551484782132696,0,"Flagged due to: unusual email activity (extremely below normal, z=-6.46); emails sent to external addresses (somewhat below normal, z=-1.82)"
CAS0507,2010-09-07,1,0.0129135230563061,0,"Flagged due to: emails sent to external addresses (somewhat below normal, z=-1.82); unusual number of logins (somewhat above normal, z=1.8)"
CAS0507,2010-10-01,1,0.0507891682818503,0,"Flagged due to: after-hours login activity (extremely above normal, z=6.11); unusual number of logins (somewhat above normal, z=1.8)"
CAS0507,2010-11-01,1,0.0199417100078352,0,"Flagged due to: unusual email activity (extremely below normal, z=-6.46); emails sent to external addresses (somewhat below normal, z=-1.82)"
CAS0507,2010-11-10,1,0.0103876030311632,0,"Flagged due to: after-hours login activity (extremely above normal, z=6.11); emails sent to external addresses (somewhat below normal, z=-1.82)"
CAS0507,2010-11-16,1,0.064310757402109,0,"Flagged due to: after-hours login activity (extremely above normal, z=6.11); unusual number of logins (extremely above normal, z=3.86)"
CAS0507,2010-12-08,1,0.0256709326559322,0,"Flagged due to: unusual email activity (extremely below normal, z=-4.23); emails sent to external addresses (somewhat below normal, z=-1.82)"
CAS0507,2011-01-03,1,0.0051374552747102,0,"Flagged due to: after-hours login activity (extremely above normal, z=6.11); unusual file access activity (somewhat below normal, z=-1.56)"
CAS0507,2011-01-17,1,0.0122599474086839,0,"Flagged due to: after-hours login activity (extremely above normal, z=6.11); unusual number of logins (extremely above normal, z=3.86)"
CAS0507,2011-01-24,1,0.0753431682205124,0,"Flagged due to: after-hours login activity (extremely above normal, z=6.11); unusual number of logins (extremely above normal, z=3.86)"
CAS0507,2011-03-30,1,0.07172765175984,0,"Flagged due to: after-hours login activity (extremely above normal, z=6.11); unusual email activity (extremely below normal, z=-4.23)"
CAS0507,2011-04-01,1,0.0200589662762036,0,"Flagged due to: unusual email activity (extremely below normal, z=-4.23); emails sent to external addresses (somewhat below normal, z=-1.82)"
CAS0507,2011-05-16,1,0.0210919809159868,0,"Flagged due to: unusual email activity (extremely below normal, z=-6.46); emails sent to external addresses (somewhat below normal, z=-1.82)"
CBB0365,2010-03-22,1,0.0675298746829338,0,"Flagged due to: unusual email activity (extremely below normal, z=-9.77); after-hours login activity (somewhat above normal, z=1.93)"
CCA0046,2010-01-05,1,0.0593816884116318,0,"Flagged due to: unusual email activity (extremely below normal, z=-5.03); unusual number of logins (somewhat below normal, z=-1.36)"
CCA0046,2010-01-06,1,0.0266497057371126,0,"Flagged due to: high USB device usage (somewhat below normal, z=-1.63); unusual number of logins (somewhat below normal, z=-1.36)"
CCA0046,2010-01-13,1,0.0071225497973204,0,"Flagged due to: high USB device usage (somewhat below normal, z=-1.63); unusual number of logins (somewhat below normal, z=-1.36)"
CCA0046,2010-01-21,1,0.0285146200919497,0,"Flagged due to: after-hours login activity (somewhat below normal, z=-1.64); high USB device usage (somewhat below normal, z=-1.63)"
CCA0046,2010-02-04,1,0.0226108053241065,0,"Flagged due to: high USB device usage (somewhat below normal, z=-1.63); unusual number of logins (somewhat below normal, z=-1.36)"
CCA0046,2010-02-05,1,0.0717471237083856,0,"Flagged due to: unusual email activity (extremely below normal, z=-10.36); emails sent to external addresses (somewhat below normal, z=-1.43)"
CCA0046,2010-02-08,1,0.0003588180087068,0,"Flagged due to: unusual file access activity (somewhat above normal, z=1.87); unusual number of logins (somewhat above normal, z=1.4)"
CCA0046,2010-02-26,1,0.0133895659493029,0,"Flagged due to: after-hours login activity (somewhat below normal, z=-1.64); unusual number of logins (somewhat below normal, z=-1.36)"
CCA0046,2010-03-01,1,0.0008088686822735,0,"Flagged due to: after-hours login activity (somewhat above normal, z=1.99); emails sent to external addresses (somewhat below normal, z=-1.43)"
CCA0046,2010-03-03,1,0.0467002269737291,0,"Flagged due to: unusual file access activity (significantly above normal, z=2.32); after-hours login activity (somewhat above normal, z=1.99)"
CCA0046,2010-03-05,1,0.0003154130607195,0,"Flagged due to: emails sent to external addresses (somewhat above normal, z=1.84); unusual number of logins (somewhat below normal, z=-1.36)"
CCA0046,2010-03-29,1,0.0297721330169671,0,"Flagged due to: high USB device usage (significantly above normal, z=2.53); unusual number of logins (somewhat above normal, z=1.4)"
CCA0046,2010-04-01,1,0.0018431387321287,0,"Flagged due to: unusual number of logins (somewhat below normal, z=-1.36); logins from unusual number of PCs (somewhat below normal, z=-1.36)"
CCA0046,2010-04-14,1,0.042128920447939,0,"Flagged due to: unusual file access activity (significantly above normal, z=2.46); unusual number of logins (somewhat above normal, z=1.4)"
CCA0046,2010-04-26,1,0.0373857484557863,0,"Flagged due to: high USB device usage (significantly below normal, z=-2.22); emails sent to external addresses (somewhat above normal, z=1.48)"
CCA0046,2010-05-03,1,0.0413761851140425,0,"Flagged due to: unusual email activity (somewhat below normal, z=-1.83); high USB device usage (somewhat below normal, z=-1.63)"
CCA0046,2010-05-06,1,0.0283184973276574,0,"Flagged due to: after-hours login activity (somewhat above normal, z=1.99); high USB device usage (somewhat above normal, z=1.93)"
CCA0046,2010-05-19,1,0.0415704618193804,0,"Flagged due to: unusual file access activity (significantly above normal, z=2.02); after-hours login activity (somewhat above normal, z=1.99)"
CCA0046,2010-06-21,1,0.0089620075201722,0,"Flagged due to: emails sent to external addresses (significantly above normal, z=2.2); unusual number of logins (somewhat below normal, z=-1.36)"
CCA0046,2010-06-22,1,0.0095488865264452,0,"Flagged due to: emails sent to external addresses (significantly above normal, z=2.2); unusual number of logins (somewhat below normal, z=-1.36)"
CCA0046,2010-06-30,1,0.0217707190745669,0,"Flagged due to: after-hours login activity (somewhat below normal, z=-1.64); emails sent to external addresses (somewhat below normal, z=-1.43)"
CCA0046,2010-07-06,1,0.0495216844497354,0,"Flagged due to: unusual file access activity (significantly above normal, z=2.91); unusual number of logins (somewhat above normal, z=1.4)"
CCA0046,2010-07-13,1,0.0355788429247667,0,"Flagged due to: high USB device usage (significantly above normal, z=2.53); after-hours login activity (somewhat above normal, z=1.99)"
CCA0046,2010-07-20,1,0.0001182113909568,0,"Flagged due to: after-hours login activity (somewhat above normal, z=1.99); emails sent to external addresses (somewhat above normal, z=1.84)"
CCA0046,2010-07-21,1,0.0201283028804172,0,"Flagged due to: emails sent to external addresses (somewhat below normal, z=-1.43); unusual number of logins (somewhat below normal, z=-1.36)"
CCA0046,2010-07-29,1,0.0427619975408101,0,"Flagged due to: unusual email activity (significantly below normal, z=-2.9); high USB device usage (somewhat below normal, z=-1.63)"
CCA0046,2010-08-03,1,0.0225012437668054,0,"Flagged due to: unusual file access activity (significantly above normal, z=2.46); emails sent to external addresses (somewhat above normal, z=1.84)"
CCA0046,2010-08-09,1,0.0623766544284567,0,"Flagged due to: emails sent to external addresses (significantly above normal, z=2.2); after-hours login activity (somewhat above normal, z=1.99)"
CCA0046,2010-08-11,1,0.0062809425059066,0,"Flagged due to: high USB device usage (somewhat below normal, z=-1.63); unusual number of logins (somewhat below normal, z=-1.36)"
CCA0046,2010-08-23,1,0.047435494566595,0,"Flagged due to: after-hours login activity (somewhat above normal, z=1.99); high USB device usage (somewhat above normal, z=1.93)"
CCA0046,2010-08-24,1,0.0139025945347879,0,"Flagged due to: after-hours login activity (somewhat above normal, z=1.99); emails sent to external addresses (somewhat below normal, z=-1.43)"
CCA0046,2010-09-10,1,0.0008108192011886,0,"Flagged due to: high USB device usage (somewhat below normal, z=-1.63); unusual number of logins (somewhat below normal, z=-1.36)"
CCA0046,2010-09-23,1,0.0185098058864967,0,"Flagged due to: high USB device usage (somewhat below normal, z=-1.63); emails sent to external addresses (somewhat above normal, z=1.48)"
CCA0046,2010-09-30,1,0.0317422612045982,0,"Flagged due to: emails sent to external addresses (somewhat above normal, z=1.84); high USB device usage (somewhat below normal, z=-1.63)"
CCA0046,2010-10-04,1,0.0159575735183373,0,"Flagged due to: emails sent to external addresses (significantly above normal, z=2.2); unusual number of logins (somewhat below normal, z=-1.36)"
CCA0046,2010-10-05,1,0.0062809425059066,0,"Flagged due to: high USB device usage (somewhat below normal, z=-1.63); unusual number of logins (somewhat below normal, z=-1.36)"
CCA0046,2010-10-08,1,0.0473256340712701,0,"Flagged due to: after-hours login activity (somewhat above normal, z=1.99); unusual file access activity (somewhat above normal, z=1.73)"
CCA0046,2010-10-12,1,0.0187817092471083,0,"Flagged due to: unusual email activity (significantly below normal, z=-2.9); unusual file access activity (somewhat below normal, z=-1.22)"
CCA0046,2010-10-14,1,0.0029616264706593,1,"Flagged due to: high USB device usage (significantly above normal, z=2.53); unusual email activity (significantly above normal, z=2.43)"
CCA0046,2010-10-15,1,0.0533782864383984,1,"Flagged due to: unusual number of logins (significantly above normal, z=2.79); after-hours login activity (significantly above normal, z=2.72)"
CCH0685,2011-01-24,1,0.008787807060524,0,"Flagged due to: logins from unusual number of PCs (extremely above normal, z=3.74); unusual number of logins (significantly above normal, z=2.65)"
CCL0068,2011-01-24,1,0.0051883372417994,1,"Flagged due to: high USB device usage (extremely above normal, z=5.07); unusual file access activity (significantly above normal, z=2.63)"
CCL0068,2011-02-03,1,0.010334260947621,1,"Flagged due to: unusual file access activity (extremely above normal, z=3.69); high USB device usage (extremely above normal, z=3.01)"
CCL0068,2011-02-21,1,0.0376334107984773,1,"Flagged due to: high USB device usage (extremely above normal, z=4.04); unusual file access activity (extremely above normal, z=3.69)"
CCM0136,2010-01-28,1,0.0555039844724356,0,"Flagged due to: logins from unusual number of PCs (extremely above normal, z=4.26); unusual number of logins (significantly above normal, z=2.62)"
CCM0136,2010-04-19,1,0.0236136378904106,0,"Flagged due to: unusual file access activity (extremely above normal, z=3.13); high USB device usage (significantly above normal, z=2.67)"
CCM0136,2010-07-22,1,0.083666830162616,0,"Flagged due to: logins from unusual number of PCs (extremely above normal, z=4.26); unusual file access activity (extremely above normal, z=3.99)"
CCM0136,2010-08-16,1,0.0969609948284723,0,"Flagged due to: logins from unusual number of PCs (extremely above normal, z=4.26); high USB device usage (significantly above normal, z=2.67)"
CCM0136,2010-09-14,1,0.0074498025380301,0,"Flagged due to: unusual file access activity (extremely above normal, z=3.13); high USB device usage (significantly above normal, z=2.67)"
CCM0136,2010-10-21,1,0.0555039844724356,0,"Flagged due to: logins from unusual number of PCs (extremely above normal, z=4.26); unusual number of logins (significantly above normal, z=2.62)"
CCM0136,2011-01-20,1,0.023937610950404,0,"Flagged due to: unusual email activity (extremely below normal, z=-5.27); unusual file access activity (extremely above normal, z=3.13)"
CEJ0109,2011-03-22,1,0.0205180239274123,1,"Flagged due to: high USB device usage (extremely above normal, z=5.24); unusual file access activity (extremely above normal, z=3.13)"
CFM0767,2010-01-28,1,0.0788606710809455,0,"Flagged due to: unusual number of logins (extremely above normal, z=3.5); logins from unusual number of PCs (extremely above normal, z=3.3)"
CFM0767,2010-02-08,1,0.0016534900465381,0,"Flagged due to: unusual email activity (significantly below normal, z=-2.48); unusual number of logins (somewhat below normal, z=-1.68)"
CFM0767,2010-02-11,1,0.0478403573426131,0,"Flagged due to: unusual number of logins (extremely above normal, z=3.5); logins from unusual number of PCs (extremely above normal, z=3.3)"
CFM0767,2010-03-24,1,0.0208524160087852,0,"Flagged due to: logins from unusual number of PCs (extremely above normal, z=3.3); unusual number of logins (somewhat above normal, z=1.78)"
CFM0767,2010-03-30,1,0.0293939154994463,0,"Flagged due to: unusual number of logins (extremely above normal, z=3.5); logins from unusual number of PCs (extremely above normal, z=3.3)"
CFM0767,2010-06-01,1,0.0362219998438168,0,"Flagged due to: after-hours login activity (significantly above normal, z=2.76); unusual email activity (significantly below normal, z=-2.48)"
CFM0767,2010-07-06,1,0.0441189777801817,0,"Flagged due to: logins from unusual number of PCs (extremely above normal, z=3.3); high USB device usage (significantly above normal, z=2.27)"
CFM0767,2010-07-07,1,0.0272019936354713,0,"Flagged due to: after-hours login activity (significantly above normal, z=2.76); high USB device usage (significantly above normal, z=2.27)"
CFM0767,2010-07-20,1,0.0093639193427029,0,"Flagged due to: logins from unusual number of PCs (extremely above normal, z=3.3); unusual email activity (significantly below normal, z=-2.48)"
CFM0767,2010-07-29,1,0.0431020675044859,0,"Flagged due to: logins from unusual number of PCs (extremely above normal, z=6.87); unusual number of logins (extremely above normal, z=3.5)"
CFM0767,2010-08-26,1,0.0369925337937431,0,"Flagged due to: unusual email activity (extremely below normal, z=-7.97); emails sent to external addresses (somewhat below normal, z=-1.34)"
CFM0767,2010-09-07,1,0.0170988310293324,0,"Flagged due to: logins from unusual number of PCs (extremely above normal, z=3.3); unusual number of logins (somewhat above normal, z=1.78)"
CFM0767,2010-10-07,1,0.0151384009362063,0,"Flagged due to: unusual email activity (extremely below normal, z=-5.22); unusual number of logins (somewhat below normal, z=-1.68)"
CFM0767,2010-11-15,1,0.0403854461287109,0,"Flagged due to: unusual number of logins (extremely above normal, z=3.5); logins from unusual number of PCs (extremely above normal, z=3.3)"
CFM0767,2010-11-22,1,0.0905706535549047,0,"Flagged due to: logins from unusual number of PCs (extremely above normal, z=6.87); unusual number of logins (extremely above normal, z=5.23)"
CFM0767,2011-01-14,1,0.0057543114310154,0,"Flagged due to: after-hours login activity (significantly above normal, z=2.76); unusual number of logins (somewhat above normal, z=1.78)"
CFM0767,2011-02-16,1,0.0051704795407504,0,"Flagged due to: after-hours login activity (significantly above normal, z=2.76); unusual number of logins (somewhat above normal, z=1.78)"
CFM0767,2011-02-17,1,0.0161721563644747,0,"Flagged due to: after-hours login activity (significantly above normal, z=2.76); unusual number of logins (somewhat above normal, z=1.78)"
CFM0767,2011-02-24,1,0.0030912709036595,0,"Flagged due to: after-hours login activity (significantly above normal, z=2.76); unusual number of logins (somewhat above normal, z=1.78)"
CFM0767,2011-03-29,1,0.0161972885412446,0,"Flagged due to: logins from unusual number of PCs (extremely above normal, z=3.3); unusual number of logins (somewhat above normal, z=1.78)"
CFM0767,2011-05-05,1,0.0051659937563168,0,"Flagged due to: logins from unusual number of PCs (extremely above normal, z=3.3); unusual file access activity (significantly above normal, z=2.94)"
CGB0637,2010-03-31,1,0.0161245295404846,0,"Flagged due to: unusual email activity (extremely below normal, z=-6.49); unusual file access activity (somewhat below normal, z=-1.35)"
CGB0637,2010-12-07,1,0.0605941193397046,0,"Flagged due to: unusual email activity (extremely below normal, z=-9.82); emails sent to external addresses (somewhat below normal, z=-1.68)"
CGB0637,2011-02-07,1,0.0293875434186063,0,"Flagged due to: unusual email activity (extremely below normal, z=-6.49); unusual file access activity (somewhat above normal, z=1.9)"
CHM0821,2010-01-12,1,0.0110158380883357,0,"Flagged due to: after-hours login activity (significantly above normal, z=2.58); unusual number of logins (somewhat above normal, z=1.62)"
CHM0821,2010-02-17,1,0.0052804833222027,0,"Flagged due to: after-hours login activity (significantly above normal, z=2.58); logins from unusual number of PCs (somewhat above normal, z=1.42)"
CHM0821,2010-03-01,1,0.0264581070582731,0,"Flagged due to: after-hours login activity (significantly above normal, z=2.58); unusual number of logins (somewhat above normal, z=1.62)"
CHM0821,2010-04-06,1,0.0007708905802966,0,"Flagged due to: after-hours login activity (significantly above normal, z=2.58); logins from unusual number of PCs (somewhat above normal, z=1.42)"
CHM0821,2010-04-16,1,0.049856466817856,0,"Flagged due to: after-hours login activity (significantly above normal, z=2.58); unusual file access activity (significantly above normal, z=2.52)"
CHM0821,2010-04-30,1,0.0388496637963405,0,"Flagged due to: after-hours login activity (significantly above normal, z=2.58); unusual file access activity (somewhat above normal, z=1.63)"
CHM0821,2010-06-21,1,0.0019751931635939,0,"Flagged due to: after-hours login activity (significantly above normal, z=2.58); unusual number of logins (somewhat above normal, z=1.62)"
CHM0821,2010-06-23,1,0.0052804833222027,0,"Flagged due to: after-hours login activity (significantly above normal, z=2.58); logins from unusual number of PCs (somewhat above normal, z=1.42)"
CHM0821,2010-07-02,1,0.0054895689536547,0,"Flagged due to: high USB device usage (extremely above normal, z=3.27); unusual file access activity (somewhat above normal, z=1.63)"
CHM0821,2010-07-07,1,0.0292839256800547,0,"Flagged due to: unusual email activity (extremely below normal, z=-6.49); unusual file access activity (somewhat below normal, z=-1.06)"
CHM0821,2010-07-21,1,0.0050404825771576,0,"Flagged due to: unusual email activity (extremely below normal, z=-6.49); high USB device usage (somewhat above normal, z=1.04)"
CHM0821,2010-07-29,1,0.0067654666048582,0,"Flagged due to: after-hours login activity (significantly above normal, z=2.58); unusual number of logins (somewhat above normal, z=1.62)"
CHM0821,2010-08-03,1,0.0114303684484481,0,"Flagged due to: after-hours login activity (significantly above normal, z=2.58); unusual number of logins (somewhat above normal, z=1.62)"
CHM0821,2010-08-09,1,0.0247002669839628,0,"Flagged due to: after-hours login activity (significantly above normal, z=2.58); unusual number of logins (somewhat above normal, z=1.62)"
CHM0821,2010-09-14,1,0.0629313227023143,0,"Flagged due to: after-hours login activity (significantly above normal, z=2.58); high USB device usage (significantly above normal, z=2.15)"
CHM0821,2010-10-08,1,0.0375748046439654,0,"Flagged due to: unusual email activity (extremely below normal, z=-6.49); high USB device usage (somewhat below normal, z=-1.18)"
CHM0821,2010-10-19,1,0.0007708905802966,0,"Flagged due to: after-hours login activity (significantly above normal, z=2.58); logins from unusual number of PCs (somewhat above normal, z=1.42)"
CHM0821,2010-10-20,1,0.0071996115445397,0,"Flagged due to: after-hours login activity (extremely above normal, z=5.53); unusual number of logins (extremely above normal, z=3.56)"
CHM0821,2010-10-26,1,0.0375748046439654,0,"Flagged due to: unusual email activity (extremely below normal, z=-6.49); high USB device usage (somewhat below normal, z=-1.18)"
CHM0821,2010-10-27,1,0.0247002669839628,0,"Flagged due to: after-hours login activity (significantly above normal, z=2.58); unusual number of logins (somewhat above normal, z=1.62)"
CHM0821,2010-11-05,1,0.0699869143851863,0,"Flagged due to: unusual email activity (extremely below normal, z=-6.49); unusual number of logins (significantly below normal, z=-2.26)"
CHM0821,2010-11-08,1,0.0264581070582731,0,"Flagged due to: after-hours login activity (significantly above normal, z=2.58); unusual number of logins (somewhat above normal, z=1.62)"
CHM0821,2010-11-12,1,0.0052804833222027,0,"Flagged due to: after-hours login activity (significantly above normal, z=2.58); logins from unusual number of PCs (somewhat above normal, z=1.42)"
CHM0821,2010-11-23,1,7.003109664394103e-05,0,"Flagged due to: after-hours login activity (significantly above normal, z=2.58); unusual number of logins (somewhat above normal, z=1.62)"
CHM0821,2010-12-21,1,0.0624707515711203,0,"Flagged due to: unusual number of logins (extremely above normal, z=3.56); after-hours login activity (significantly above normal, z=2.58)"
CHM0821,2011-01-03,1,0.0007708905802966,0,"Flagged due to: after-hours login activity (significantly above normal, z=2.58); logins from unusual number of PCs (somewhat above normal, z=1.42)"
CHM0821,2011-01-26,1,0.0611882992173391,0,"Flagged due to: unusual email activity (extremely below normal, z=-6.49); after-hours login activity (significantly above normal, z=2.58)"
CHM0821,2011-02-07,1,0.0487921183138044,0,"Flagged due to: unusual number of logins (extremely above normal, z=3.56); after-hours login activity (significantly above normal, z=2.58)"
CHM0821,2011-02-23,1,0.0848374756724358,0,"Flagged due to: unusual number of logins (extremely above normal, z=3.56); after-hours login activity (significantly above normal, z=2.58)"
CHM0821,2011-03-10,1,0.0229490080127358,0,"Flagged due to: unusual email activity (extremely below normal, z=-6.49); unusual number of logins (significantly below normal, z=-2.26)"
CHM0821,2011-03-30,1,0.0512322142350469,0,"Flagged due to: unusual number of logins (extremely above normal, z=3.56); after-hours login activity (significantly above normal, z=2.58)"
CIM0271,2010-01-28,1,0.0093290525000316,0,"Flagged due to: logins from unusual number of PCs (extremely above normal, z=4.39); unusual number of logins (significantly above normal, z=2.66)"
CIM0271,2010-02-01,1,0.0613592354811144,0,"Flagged due to: logins from unusual number of PCs (extremely above normal, z=4.39); unusual number of logins (significantly above normal, z=2.66)"
CIM0271,2010-02-16,1,0.0367944733806485,0,"Flagged due to: unusual email activity (extremely below normal, z=-6.11); high USB device usage (significantly below normal, z=-2.1)"
CIM0271,2010-03-19,1,0.0486351956121797,0,"Flagged due to: logins from unusual number of PCs (extremely above normal, z=4.39); unusual number of logins (significantly above normal, z=2.66)"
CIM0271,2010-05-11,1,0.0008115626088953,0,"Flagged due to: unusual email activity (extremely below normal, z=-6.91); emails sent to external addresses (somewhat below normal, z=-1.45)"
CIM0271,2010-05-20,1,0.0093290525000316,0,"Flagged due to: logins from unusual number of PCs (extremely above normal, z=4.39); unusual number of logins (significantly above normal, z=2.66)"
CIM0271,2010-06-02,1,0.0211354161976939,0,"Flagged due to: logins from unusual number of PCs (extremely above normal, z=4.39); unusual number of logins (significantly above normal, z=2.66)"
CIM0271,2010-08-09,1,0.0075222026840244,0,"Flagged due to: logins from unusual number of PCs (extremely above normal, z=4.39); unusual number of logins (significantly above normal, z=2.66)"
CIM0271,2010-08-12,1,0.0327655803629506,0,"Flagged due to: logins from unusual number of PCs (extremely above normal, z=4.39); high USB device usage (significantly below normal, z=-2.1)"
CIM0271,2010-09-07,1,0.0334577265661395,0,"Flagged due to: logins from unusual number of PCs (extremely above normal, z=4.39); high USB device usage (significantly below normal, z=-2.1)"
CIM0271,2010-09-29,1,0.0375314148741289,0,"Flagged due to: logins from unusual number of PCs (extremely above normal, z=4.39); unusual number of logins (significantly above normal, z=2.66)"
CIM0271,2011-02-07,1,0.0055835094898533,0,"Flagged due to: emails sent to external addresses (significantly above normal, z=2.69); high USB device usage (significantly below normal, z=-2.1)"
CIM0271,2011-04-21,1,0.0084141040167502,0,"Flagged due to: unusual email activity (extremely below normal, z=-3.71); unusual file access activity (significantly above normal, z=2.21)"
CJF0802,2010-01-23,1,0.0397460122005942,0,"Flagged due to: unusual email activity (extremely below normal, z=-6.5); after-hours login activity (significantly above normal, z=2.25)"
CJF0802,2010-05-08,1,0.0397460122005942,0,"Flagged due to: unusual email activity (extremely below normal, z=-6.5); after-hours login activity (significantly above normal, z=2.25)"
CJF0802,2010-07-03,1,0.0397460122005942,0,"Flagged due to: unusual email activity (extremely below normal, z=-6.5); after-hours login activity (significantly above normal, z=2.25)"
CJF0802,2010-08-20,1,0.0774055315848035,0,"Flagged due to: unusual number of logins (extremely above normal, z=4.91); after-hours login activity (extremely above normal, z=4.86)"
CJF0802,2010-09-14,1,0.0044977128275559,0,"Flagged due to: after-hours login activity (extremely above normal, z=4.86); unusual number of logins (extremely above normal, z=3.3)"
CJF0802,2011-01-15,1,0.0397460122005942,0,"Flagged due to: unusual email activity (extremely below normal, z=-6.5); after-hours login activity (significantly above normal, z=2.25)"
CJF0802,2011-05-05,1,0.0246981875894676,0,"Flagged due to: logins from unusual number of PCs (extremely above normal, z=4.06); unusual number of logins (extremely above normal, z=3.3)"
CJP0952,2010-05-08,1,0.0480969769319474,0,"Flagged due to: after-hours login activity (extremely above normal, z=6.12); unusual email activity (extremely below normal, z=-5.28)"
CJP0952,2011-03-30,1,0.0532033377228676,0,"Flagged due to: after-hours login activity (extremely above normal, z=6.12); unusual number of logins (extremely above normal, z=4.58)"
CLB0774,2010-01-23,1,0.0890077652344666,0,"Flagged due to: high USB device usage (extremely below normal, z=-6.2); unusual email activity (extremely below normal, z=-4.68)"
CLB0774,2010-02-08,1,0.0660490525663612,0,"Flagged due to: unusual email activity (extremely below normal, z=-3.03); after-hours login activity (somewhat above normal, z=1.91)"
CLB0774,2010-03-20,1,0.0890077652344666,0,"Flagged due to: high USB device usage (extremely below normal, z=-6.2); unusual email activity (extremely below normal, z=-4.68)"
CLB0774,2010-05-01,1,0.0890077652344666,0,"Flagged due to: high USB device usage (extremely below normal, z=-6.2); unusual email activity (extremely below normal, z=-4.68)"
CLB0774,2010-05-08,1,0.0890077652344666,0,"Flagged due to: high USB device usage (extremely below normal, z=-6.2); unusual email activity (extremely below normal, z=-4.68)"
CLB0774,2010-05-13,1,0.0140628618864343,0,"Flagged due to: unusual email activity (extremely below normal, z=-3.03); after-hours login activity (somewhat above normal, z=1.91)"
CLB0774,2010-05-15,1,0.0890077652344666,0,"Flagged due to: high USB device usage (extremely below normal, z=-6.2); unusual email activity (extremely below normal, z=-4.68)"
CLB0774,2010-07-17,1,0.0890077652344666,0,"Flagged due to: high USB device usage (extremely below normal, z=-6.2); unusual email activity (extremely below normal, z=-4.68)"
CLB0774,2010-09-14,1,0.0192259811719425,0,"Flagged due to: after-hours login activity (extremely above normal, z=4.29); unusual number of logins (extremely above normal, z=4.2)"
CLB0774,2010-11-24,1,0.0425230113305461,0,"Flagged due to: after-hours login activity (extremely above normal, z=4.29); unusual number of logins (extremely above normal, z=4.2)"
CLB0774,2010-12-04,1,0.0890077652344666,0,"Flagged due to: high USB device usage (extremely below normal, z=-6.2); unusual email activity (extremely below normal, z=-4.68)"
CLB0774,2010-12-14,1,0.0178473451152397,0,"Flagged due to: after-hours login activity (extremely above normal, z=4.29); unusual number of logins (extremely above normal, z=4.2)"
CLB0774,2011-01-24,1,0.0500765818196288,0,"Flagged due to: after-hours login activity (somewhat above normal, z=1.91); unusual number of logins (somewhat above normal, z=1.86)"
CLF0852,2010-08-18,1,0.0221765470496411,0,"Flagged due to: unusual email activity (extremely below normal, z=-6.45); unusual number of logins (somewhat above normal, z=1.94)"
COF0120,2010-03-06,1,0.0090045500659214,0,"Flagged due to: unusual email activity (extremely below normal, z=-6.13); after-hours login activity (significantly above normal, z=2.65)"
COF0120,2010-05-01,1,0.0090045500659214,0,"Flagged due to: unusual email activity (extremely below normal, z=-6.13); after-hours login activity (significantly above normal, z=2.65)"
COF0120,2010-11-13,1,0.0090045500659214,0,"Flagged due to: unusual email activity (extremely below normal, z=-6.13); after-hours login activity (significantly above normal, z=2.65)"
COF0120,2010-12-21,1,0.0587653207598959,0,"Flagged due to: after-hours login activity (extremely above normal, z=5.66); unusual number of logins (extremely above normal, z=5.4)"
COF0120,2011-01-08,1,0.0090045500659214,0,"Flagged due to: unusual email activity (extremely below normal, z=-6.13); after-hours login activity (significantly above normal, z=2.65)"
CPG0322,2010-02-01,1,0.0430792096036481,0,"Flagged due to: unusual email activity (significantly below normal, z=-2.98); unusual number of logins (significantly above normal, z=2.52)"
CPG0322,2010-03-12,1,0.0091886391801211,0,"Flagged due to: unusual email activity (extremely below normal, z=-3.64); emails sent to external addresses (somewhat below normal, z=-1.84)"
CPG0322,2010-05-05,1,0.0031896842829711,0,"Flagged due to: high USB device usage (significantly above normal, z=2.75); unusual file access activity (significantly above normal, z=2.04)"
CPG0322,2010-05-10,1,0.0186169555023404,0,"Flagged due to: unusual email activity (extremely below normal, z=-4.97); high USB device usage (significantly above normal, z=2.75)"
CPG0322,2010-05-21,1,0.0140582419163294,0,"Flagged due to: unusual email activity (extremely below normal, z=-7.63); emails sent to external addresses (somewhat below normal, z=-1.84)"
CPG0322,2010-06-23,1,0.0270665752310034,0,"Flagged due to: high USB device usage (significantly above normal, z=2.75); unusual number of logins (significantly above normal, z=2.52)"
CPG0322,2010-07-26,1,0.0005271004958209,0,"Flagged due to: unusual file access activity (extremely above normal, z=3.05); high USB device usage (significantly above normal, z=2.75)"
CPG0322,2010-07-28,1,0.0514804249892817,0,"Flagged due to: unusual email activity (extremely below normal, z=-3.64); high USB device usage (significantly above normal, z=2.75)"
CPG0322,2010-08-12,1,0.0108310508399734,0,"Flagged due to: high USB device usage (extremely above normal, z=6.13); unusual email activity (significantly below normal, z=-2.31)"
CPG0322,2010-09-02,1,0.0159369746796083,0,"Flagged due to: unusual number of logins (significantly above normal, z=2.52); logins from unusual number of PCs (significantly above normal, z=2.52)"
CPG0322,2010-11-23,1,0.02660727241259,0,"Flagged due to: high USB device usage (significantly above normal, z=2.75); unusual number of logins (significantly above normal, z=2.52)"
CPG0322,2011-05-09,1,0.0100928112306108,0,"Flagged due to: unusual email activity (extremely below normal, z=-3.64); unusual file access activity (significantly above normal, z=2.54)"
CQH0701,2010-03-23,1,0.0122774401216085,0,"Flagged due to: unusual file access activity (extremely above normal, z=4.43); high USB device usage (significantly above normal, z=2.48)"
CQH0701,2011-04-07,1,0.0092851425959755,0,"Flagged due to: unusual file access activity (extremely above normal, z=3.82); high USB device usage (significantly above normal, z=2.48)"
CRK0916,2010-01-12,1,0.0210361862128519,0,"Flagged due to: unusual email activity (extremely below normal, z=-3.86); after-hours login activity (extremely above normal, z=3.76)"
CRK0916,2010-03-06,1,0.0550216818634733,0,"Flagged due to: unusual email activity (extremely below normal, z=-6.61); after-hours login activity (extremely above normal, z=3.76)"
CRK0916,2010-05-08,1,0.0550216818634733,0,"Flagged due to: unusual email activity (extremely below normal, z=-6.61); after-hours login activity (extremely above normal, z=3.76)"
CRK0916,2010-05-21,1,0.0006614574050191,0,"Flagged due to: after-hours login activity (extremely above normal, z=3.76); unusual number of logins (significantly above normal, z=2.41)"
CRK0916,2010-10-02,1,0.0550216818634733,0,"Flagged due to: unusual email activity (extremely below normal, z=-6.61); after-hours login activity (extremely above normal, z=3.76)"
CRK0916,2011-05-14,1,0.0550216818634733,0,"Flagged due to: unusual email activity (extremely below normal, z=-6.61); after-hours login activity (extremely above normal, z=3.76)"
CRO0027,2010-08-21,1,0.0901253278016106,0,"Flagged due to: unusual email activity (extremely below normal, z=-7.74); after-hours login activity (extremely above normal, z=6.13)"
CRO0027,2011-05-14,1,0.0901253278016106,0,"Flagged due to: unusual email activity (extremely below normal, z=-7.74); after-hours login activity (extremely above normal, z=6.13)"
CSC0217,2010-05-04,1,0.0093905867907417,0,"Flagged due to: unusual email activity (extremely below normal, z=-4.0); after-hours login activity (significantly above normal, z=2.06)"
CSC0217,2010-06-08,1,0.0267361953844185,0,"Flagged due to: unusual email activity (extremely below normal, z=-4.44); after-hours login activity (significantly above normal, z=2.06)"
CSC0217,2010-06-10,1,0.0729820722112581,1,"Flagged due to: unusual number of logins (significantly above normal, z=2.7); logins from unusual number of PCs (significantly above normal, z=2.01)"
CSH0626,2010-02-13,1,0.0265643608151524,0,"Flagged due to: unusual email activity (extremely below normal, z=-5.49); after-hours login activity (significantly above normal, z=2.05)"
CSH0626,2010-07-03,1,0.0265643608151524,0,"Flagged due to: unusual email activity (extremely below normal, z=-5.49); after-hours login activity (significantly above normal, z=2.05)"
CSH0626,2010-10-09,1,0.0265643608151524,0,"Flagged due to: unusual email activity (extremely below normal, z=-5.49); after-hours login activity (significantly above normal, z=2.05)"
CSH0626,2010-10-30,1,0.0265643608151524,0,"Flagged due to: unusual email activity (extremely below normal, z=-5.49); after-hours login activity (significantly above normal, z=2.05)"
CSH0626,2011-02-05,1,0.0265643608151524,0,"Flagged due to: unusual email activity (extremely below normal, z=-5.49); after-hours login activity (significantly above normal, z=2.05)"
CSH0626,2011-03-19,1,0.0265643608151524,0,"Flagged due to: unusual email activity (extremely below normal, z=-5.49); after-hours login activity (significantly above normal, z=2.05)"
CSP0197,2010-03-22,1,0.0184093117419702,0,"Flagged due to: unusual email activity (extremely below normal, z=-7.08); emails sent to external addresses (somewhat below normal, z=-1.84)"
CTA0020,2010-06-02,1,0.0223457129149444,0,"Flagged due to: logins from unusual number of PCs (extremely above normal, z=6.87); unusual number of logins (extremely above normal, z=4.5)"
CTA0020,2010-09-02,1,0.0070758725096626,0,"Flagged due to: unusual email activity (extremely below normal, z=-5.3); unusual number of logins (somewhat below normal, z=-1.77)"
CTA0020,2010-11-16,1,0.0136630513981534,0,"Flagged due to: high USB device usage (significantly below normal, z=-2.57); unusual file access activity (significantly above normal, z=2.0)"
CTA0020,2011-02-07,1,0.023679020373675,0,"Flagged due to: unusual email activity (extremely below normal, z=-6.55); emails sent to external addresses (somewhat below normal, z=-1.91)"
CTA0020,2011-02-23,1,0.0065688347822562,0,"Flagged due to: logins from unusual number of PCs (extremely above normal, z=3.3); unusual number of logins (significantly above normal, z=2.41)"
CTA0020,2011-02-25,1,0.0277947373760136,0,"Flagged due to: logins from unusual number of PCs (extremely above normal, z=3.3); high USB device usage (significantly below normal, z=-2.57)"
CTA0020,2011-03-10,1,0.0256555407314534,0,"Flagged due to: logins from unusual number of PCs (extremely above normal, z=3.3); unusual number of logins (significantly above normal, z=2.41)"
CTA0020,2011-05-04,1,0.0243574785500838,0,"Flagged due to: unusual email activity (extremely below normal, z=-5.93); unusual file access activity (significantly above normal, z=2.47)"
CTR0341,2010-02-11,1,0.012572133997095,0,"Flagged due to: logins from unusual number of PCs (extremely above normal, z=5.27); unusual email activity (significantly above normal, z=2.1)"
CTR0341,2010-08-27,1,0.0764433201815427,0,"Flagged due to: logins from unusual number of PCs (extremely above normal, z=5.27); after-hours login activity (extremely above normal, z=4.3)"
CTR0341,2010-09-22,1,0.0163584282401534,0,"Flagged due to: logins from unusual number of PCs (extremely above normal, z=5.27); unusual email activity (significantly below normal, z=-2.05)"
CTR0341,2010-09-23,1,0.0698075589417556,0,"Flagged due to: logins from unusual number of PCs (extremely above normal, z=5.27); unusual number of logins (extremely above normal, z=3.59)"
CTR0341,2010-10-09,1,0.0376289793999941,0,"Flagged due to: logins from unusual number of PCs (extremely above normal, z=5.27); unusual email activity (significantly above normal, z=2.1)"
CTR0341,2010-12-20,1,0.012572133997095,0,"Flagged due to: logins from unusual number of PCs (extremely above normal, z=5.27); unusual email activity (significantly above normal, z=2.1)"
CTR0341,2011-01-12,1,0.0027054904995089,0,"Flagged due to: unusual email activity (extremely below normal, z=-4.12); after-hours login activity (somewhat above normal, z=1.9)"
CTR0341,2011-03-23,1,0.012572133997095,0,"Flagged due to: logins from unusual number of PCs (extremely above normal, z=5.27); unusual email activity (significantly above normal, z=2.1)"
CTR0341,2011-05-06,1,0.0044657401382501,0,"Flagged due to: after-hours login activity (extremely above normal, z=4.3); unusual number of logins (extremely above normal, z=3.59)"
CWB0065,2010-04-27,1,0.0103680732356841,0,"Flagged due to: unusual email activity (extremely below normal, z=-5.92); unusual number of logins (somewhat above normal, z=1.88)"
CWR0502,2010-02-17,1,0.0241530424073779,0,"Flagged due to: unusual file access activity (extremely above normal, z=3.1); unusual number of logins (significantly above normal, z=2.11)"
CWR0502,2010-05-19,1,0.0215504514107747,0,"Flagged due to: unusual email activity (extremely below normal, z=-7.84); emails sent to external addresses (somewhat below normal, z=-2.0)"
CWR0502,2010-11-10,1,0.0166347808627738,0,"Flagged due to: unusual email activity (extremely below normal, z=-4.71); logins from unusual number of PCs (somewhat above normal, z=1.82)"
CWR0502,2011-02-25,1,0.0368948271199714,0,"Flagged due to: unusual email activity (extremely below normal, z=-5.96); unusual number of logins (significantly above normal, z=2.11)"
DAL0673,2010-06-22,1,0.0142761184148131,0,"Flagged due to: unusual email activity (extremely below normal, z=-7.33); emails sent to external addresses (somewhat below normal, z=-1.82)"
DAL0673,2010-10-05,1,0.0142761184148131,0,"Flagged due to: unusual email activity (extremely below normal, z=-7.33); emails sent to external addresses (somewhat below normal, z=-1.82)"
DAL0673,2010-12-09,1,0.0002497826005998,0,"Flagged due to: logins from unusual number of PCs (extremely above normal, z=4.26); unusual number of logins (significantly above normal, z=2.6)"
DAL0673,2011-01-03,1,0.0059504764562801,0,"Flagged due to: logins from unusual number of PCs (extremely above normal, z=4.26); unusual number of logins (significantly above normal, z=2.6)"
DAL0673,2011-01-24,1,0.0274621359934141,0,"Flagged due to: logins from unusual number of PCs (extremely above normal, z=4.26); unusual number of logins (significantly above normal, z=2.6)"
DAL0673,2011-03-29,1,0.0055097054194489,0,"Flagged due to: logins from unusual number of PCs (extremely above normal, z=4.26); unusual number of logins (significantly above normal, z=2.6)"
DAL0673,2011-04-13,1,0.0142761184148131,0,"Flagged due to: unusual email activity (extremely below normal, z=-7.33); emails sent to external addresses (somewhat below normal, z=-1.82)"
DAR0885,2010-01-12,1,0.0329260114961533,0,"Flagged due to: unusual number of logins (significantly above normal, z=2.98); logins from unusual number of PCs (significantly above normal, z=2.64)"
DAR0885,2010-02-08,1,0.0115903705665826,0,"Flagged due to: unusual email activity (extremely below normal, z=-5.43); after-hours login activity (significantly above normal, z=2.08)"
DBB0384,2010-06-25,1,0.0024293158150614,0,"Flagged due to: unusual email activity (extremely below normal, z=-7.45); emails sent to external addresses (somewhat below normal, z=-1.7)"
DBB0384,2010-09-01,1,0.0218981196036111,0,"Flagged due to: unusual email activity (extremely below normal, z=-6.59); unusual file access activity (significantly below normal, z=-2.88)"
DCH0843,2011-01-27,1,0.1323452777855897,0,"Flagged due to: unusual number of logins (extremely above normal, z=9.75); high USB device usage (extremely above normal, z=9.16)"
DCH0843,2011-01-29,1,0.1281346352390789,0,"Flagged due to: unusual file access activity (extremely above normal, z=9.33); after-hours login activity (extremely above normal, z=8.43)"
DCH0843,2011-02-02,1,0.1313575473272654,0,"Flagged due to: unusual number of logins (extremely above normal, z=9.75); high USB device usage (extremely above normal, z=9.16)"
DCH0843,2011-02-08,1,0.1323452777855897,0,"Flagged due to: unusual file access activity (extremely above normal, z=11.04); unusual number of logins (extremely above normal, z=9.75)"
DFH0188,2010-01-14,1,0.0092672830411743,0,"Flagged due to: unusual email activity (significantly below normal, z=-2.94); unusual number of logins (significantly above normal, z=2.16)"
DFH0188,2010-01-25,1,0.0018612653800849,0,"Flagged due to: unusual number of logins (significantly above normal, z=2.16); logins from unusual number of PCs (somewhat above normal, z=1.75)"
DFH0188,2010-01-28,1,0.0018612653800849,0,"Flagged due to: unusual number of logins (significantly above normal, z=2.16); logins from unusual number of PCs (somewhat above normal, z=1.75)"
DFH0188,2010-03-10,1,0.0651434452582457,0,"Flagged due to: unusual email activity (extremely below normal, z=-9.31); unusual number of logins (significantly above normal, z=2.16)"
DFH0188,2010-06-10,1,0.0009954659364357,0,"Flagged due to: unusual number of logins (significantly above normal, z=2.16); high USB device usage (somewhat above normal, z=1.9)"
DFH0188,2010-11-05,1,0.0004635138282432,0,"Flagged due to: unusual number of logins (significantly above normal, z=2.16); emails sent to external addresses (somewhat above normal, z=1.87)"
DFH0188,2011-02-03,1,0.0018612653800849,0,"Flagged due to: unusual number of logins (significantly above normal, z=2.16); logins from unusual number of PCs (somewhat above normal, z=1.75)"
DFR0218,2010-02-01,1,0.0180377022418527,0,"Flagged due to: unusual email activity (extremely below normal, z=-5.89); unusual number of logins (somewhat above normal, z=1.49)"
DFR0218,2010-11-04,1,0.0072532940503994,0,"Flagged due to: emails sent to external addresses (significantly below normal, z=-2.38); after-hours login activity (somewhat below normal, z=-1.71)"
DFR0218,2011-02-24,1,0.0019940687482351,0,"Flagged due to: unusual email activity (extremely below normal, z=-8.36); emails sent to external addresses (somewhat below normal, z=-1.62)"
DIB0081,2010-04-08,1,0.0193899499657658,0,"Flagged due to: unusual email activity (extremely below normal, z=-8.65); emails sent to external addresses (somewhat below normal, z=-1.52)"
DIB0081,2010-08-04,1,0.0209838288933837,0,"Flagged due to: unusual number of logins (somewhat above normal, z=1.95); high USB device usage (somewhat above normal, z=1.94)"
DIB0285,2010-09-01,1,0.0337711077113691,1,"Flagged due to: unusual email activity (extremely below normal, z=-9.6); high USB device usage (somewhat above normal, z=1.84)"
DIB0285,2010-09-07,1,0.025847273692886,1,"Flagged due to: high USB device usage (extremely above normal, z=5.6); unusual file access activity (extremely above normal, z=3.35)"
DIW0118,2010-01-27,1,0.0496211720783249,0,"Flagged due to: unusual email activity (extremely below normal, z=-6.69); unusual number of logins (somewhat above normal, z=2.0)"
DIW0118,2010-04-07,1,0.0168024072270984,0,"Flagged due to: unusual file access activity (significantly above normal, z=2.15); unusual number of logins (somewhat above normal, z=2.0)"
DIW0118,2010-04-29,1,0.0101855608071731,0,"Flagged due to: unusual email activity (extremely below normal, z=-3.71); high USB device usage (somewhat below normal, z=-1.93)"
DIW0118,2010-06-10,1,0.0433803219218316,0,"Flagged due to: unusual number of logins (somewhat above normal, z=2.0); high USB device usage (somewhat below normal, z=-1.93)"
DIW0118,2010-07-15,1,0.0101952792673553,0,"Flagged due to: unusual email activity (extremely below normal, z=-6.19); emails sent to external addresses (somewhat below normal, z=-1.59)"
DIW0118,2010-12-09,1,0.005581239767286,0,"Flagged due to: high USB device usage (significantly above normal, z=2.95); unusual number of logins (somewhat above normal, z=2.0)"
DIW0118,2011-05-05,1,0.0281185742586396,0,"Flagged due to: unusual email activity (extremely below normal, z=-6.69); emails sent to external addresses (somewhat below normal, z=-1.59)"
DLM0051,2010-01-13,1,0.0432028056536228,0,"Flagged due to: unusual email activity (significantly below normal, z=-2.31); unusual number of logins (significantly below normal, z=-2.17)"
DLM0051,2010-01-19,1,0.0211395870634543,0,"Flagged due to: high USB device usage (significantly below normal, z=-2.56); logins from unusual number of PCs (significantly above normal, z=2.19)"
DLM0051,2010-01-29,1,0.0274697794120682,0,"Flagged due to: unusual number of logins (significantly above normal, z=2.34); logins from unusual number of PCs (significantly above normal, z=2.19)"
DLM0051,2010-02-01,1,0.0475850536447132,0,"Flagged due to: unusual email activity (extremely below normal, z=-6.17); emails sent to external addresses (somewhat below normal, z=-1.99)"
DLM0051,2010-02-09,1,0.0164978815420198,0,"Flagged due to: unusual number of logins (significantly above normal, z=2.34); logins from unusual number of PCs (significantly above normal, z=2.19)"
DLM0051,2010-02-27,1,0.0209200495482645,0,"Flagged due to: unusual number of logins (significantly above normal, z=2.34); logins from unusual number of PCs (significantly above normal, z=2.19)"
DLM0051,2010-03-06,1,0.0337488471575698,0,"Flagged due to: unusual number of logins (significantly above normal, z=2.34); logins from unusual number of PCs (significantly above normal, z=2.19)"
DLM0051,2010-03-15,1,0.036744522871522,0,"Flagged due to: unusual file access activity (significantly below normal, z=-2.4); unusual number of logins (significantly above normal, z=2.34)"
DLM0051,2010-03-27,1,0.0168157999698447,0,"Flagged due to: high USB device usage (significantly below normal, z=-2.56); logins from unusual number of PCs (significantly above normal, z=2.19)"
DLM0051,2010-03-29,1,0.0015061996363993,0,"Flagged due to: unusual number of logins (significantly below normal, z=-2.17); emails sent to external addresses (somewhat below normal, z=-1.07)"
DLM0051,2010-04-04,1,0.0274697794120682,0,"Flagged due to: unusual number of logins (significantly above normal, z=2.34); logins from unusual number of PCs (significantly above normal, z=2.19)"
DLM0051,2010-04-14,1,0.0335965794665569,0,"Flagged due to: unusual email activity (extremely below normal, z=-3.17); logins from unusual number of PCs (significantly above normal, z=2.19)"
DLM0051,2010-04-22,1,0.0153679765767282,0,"Flagged due to: high USB device usage (extremely below normal, z=-4.11); unusual number of logins (significantly below normal, z=-2.17)"
DLM0051,2010-05-05,1,0.0049747882657429,0,"Flagged due to: high USB device usage (significantly below normal, z=-2.56); unusual number of logins (significantly below normal, z=-2.17)"
DLM0051,2010-05-11,1,0.0093615612736147,0,"Flagged due to: unusual number of logins (significantly above normal, z=2.34); logins from unusual number of PCs (significantly above normal, z=2.19)"
DLM0051,2010-05-20,1,0.0461084960567306,0,"Flagged due to: unusual email activity (extremely below normal, z=-5.75); logins from unusual number of PCs (significantly above normal, z=2.19)"
DLM0051,2010-06-02,1,0.0028046540959268,0,"Flagged due to: unusual number of logins (significantly above normal, z=2.34); logins from unusual number of PCs (significantly above normal, z=2.19)"
DLM0051,2010-06-24,1,0.0118147520909133,0,"Flagged due to: unusual number of logins (significantly above normal, z=2.34); logins from unusual number of PCs (significantly above normal, z=2.19)"
DLM0051,2010-07-22,1,0.0480297633581638,0,"Flagged due to: unusual number of logins (significantly above normal, z=2.34); logins from unusual number of PCs (significantly above normal, z=2.19)"
DLM0051,2010-08-05,1,0.0061826776064449,0,"Flagged due to: high USB device usage (significantly below normal, z=-2.56); unusual number of logins (significantly below normal, z=-2.17)"
DLM0051,2010-08-10,1,0.0223745093364465,0,"Flagged due to: unusual number of logins (significantly above normal, z=2.34); logins from unusual number of PCs (significantly above normal, z=2.19)"
DLM0051,2010-08-11,1,0.0109933266623192,0,"Flagged due to: unusual number of logins (significantly below normal, z=-2.17); unusual file access activity (somewhat below normal, z=-1.66)"
DLM0051,2010-08-25,1,0.0218988326765646,0,"Flagged due to: unusual file access activity (significantly below normal, z=-2.4); unusual number of logins (significantly below normal, z=-2.17)"
DLM0051,2010-09-05,1,0.0094362461764079,0,"Flagged due to: unusual number of logins (significantly above normal, z=2.34); logins from unusual number of PCs (significantly above normal, z=2.19)"
DLM0051,2010-09-11,1,0.0035825280062055,0,"Flagged due to: unusual number of logins (significantly above normal, z=2.34); logins from unusual number of PCs (significantly above normal, z=2.19)"
DLM0051,2010-09-22,1,0.0049747882657429,0,"Flagged due to: high USB device usage (significantly below normal, z=-2.56); unusual number of logins (significantly below normal, z=-2.17)"
DLM0051,2010-09-23,1,0.006259732376754,0,"Flagged due to: logins from unusual number of PCs (significantly above normal, z=2.19); emails sent to external addresses (somewhat below normal, z=-1.76)"
DLM0051,2010-10-11,1,0.0293906620331824,0,"Flagged due to: high USB device usage (significantly below normal, z=-2.56); unusual number of logins (significantly below normal, z=-2.17)"
DLM0051,2010-10-12,1,0.0928572142899235,0,"Flagged due to: unusual email activity (extremely below normal, z=-7.46); emails sent to external addresses (significantly below normal, z=-2.23)"
DLM0051,2010-10-14,1,0.0590644640767645,0,"Flagged due to: unusual email activity (extremely below normal, z=-6.6); high USB device usage (significantly above normal, z=2.07)"
DLM0051,2010-10-27,1,0.0234481849000354,0,"Flagged due to: high USB device usage (significantly below normal, z=-2.56); unusual number of logins (significantly below normal, z=-2.17)"
DLM0051,2010-11-03,1,0.023657774922977,0,"Flagged due to: unusual email activity (extremely below normal, z=-5.32); emails sent to external addresses (somewhat below normal, z=-1.3)"
DLM0051,2010-11-18,1,0.0080242547089836,0,"Flagged due to: logins from unusual number of PCs (significantly above normal, z=2.19); unusual file access activity (significantly below normal, z=-2.03)"
DLM0051,2010-11-27,1,0.0441610274895268,0,"Flagged due to: high USB device usage (significantly below normal, z=-2.56); unusual number of logins (significantly above normal, z=2.34)"
DLM0051,2010-12-03,1,0.0194476499897282,0,"Flagged due to: unusual number of logins (significantly above normal, z=2.34); logins from unusual number of PCs (significantly above normal, z=2.19)"
DLM0051,2010-12-14,1,0.0952936677810889,0,"Flagged due to: after-hours login activity (significantly above normal, z=2.8); unusual number of logins (significantly above normal, z=2.34)"
DLM0051,2010-12-16,1,0.0008165377942614,0,"Flagged due to: unusual file access activity (extremely below normal, z=-3.14); high USB device usage (significantly below normal, z=-2.56)"
DLM0051,2010-12-20,1,0.0187626978101047,0,"Flagged due to: after-hours login activity (significantly above normal, z=2.8); logins from unusual number of PCs (significantly above normal, z=2.19)"
DLM0051,2011-01-02,1,0.015596578741893,0,"Flagged due to: unusual number of logins (significantly above normal, z=2.34); logins from unusual number of PCs (significantly above normal, z=2.19)"
DLM0051,2011-01-08,1,0.0934444922486474,0,"Flagged due to: unusual email activity (extremely below normal, z=-5.32); unusual number of logins (significantly above normal, z=2.34)"
DLM0051,2011-01-16,1,0.0006403303782687,0,"Flagged due to: high USB device usage (extremely below normal, z=-4.11); unusual file access activity (significantly below normal, z=-2.4)"
DLM0051,2011-02-01,1,0.0364850993465629,0,"Flagged due to: unusual number of logins (significantly above normal, z=2.34); logins from unusual number of PCs (significantly above normal, z=2.19)"
DLM0051,2011-02-02,1,0.0530732725207605,0,"Flagged due to: unusual email activity (extremely below normal, z=-6.6); emails sent to external addresses (somewhat below normal, z=-1.99)"
DLM0051,2011-02-06,1,0.0614479598665803,0,"Flagged due to: unusual number of logins (significantly above normal, z=2.34); logins from unusual number of PCs (significantly above normal, z=2.19)"
DLM0051,2011-02-11,1,0.0515389085821558,0,"Flagged due to: unusual number of logins (significantly above normal, z=2.34); logins from unusual number of PCs (significantly above normal, z=2.19)"
DLM0051,2011-02-13,1,0.0141709260709923,0,"Flagged due to: unusual number of logins (significantly above normal, z=2.34); logins from unusual number of PCs (significantly above normal, z=2.19)"
DLM0051,2011-02-16,1,0.0176347437654715,0,"Flagged due to: unusual number of logins (significantly below normal, z=-2.17); unusual file access activity (somewhat below normal, z=-1.66)"
DLM0051,2011-03-02,1,0.0119845960977764,0,"Flagged due to: unusual file access activity (significantly below normal, z=-2.77); unusual number of logins (significantly below normal, z=-2.17)"
DLM0051,2011-03-22,1,0.0215975086173613,0,"Flagged due to: high USB device usage (significantly below normal, z=-2.56); unusual number of logins (significantly below normal, z=-2.17)"
DLM0051,2011-03-24,1,0.0739249800607958,0,"Flagged due to: unusual email activity (extremely below normal, z=-7.46); emails sent to external addresses (significantly below normal, z=-2.23)"
DLM0051,2011-03-27,1,0.0109289400891333,0,"Flagged due to: after-hours login activity (significantly above normal, z=2.8); unusual number of logins (significantly above normal, z=2.34)"
DLM0051,2011-04-07,1,0.0654332364538947,0,"Flagged due to: after-hours login activity (significantly above normal, z=2.8); unusual number of logins (significantly above normal, z=2.34)"
DLM0051,2011-04-09,1,0.0056853858064911,0,"Flagged due to: unusual number of logins (significantly below normal, z=-2.17); unusual file access activity (somewhat below normal, z=-1.66)"
DLM0051,2011-04-10,1,0.0420289719855249,0,"Flagged due to: unusual number of logins (significantly above normal, z=2.34); logins from unusual number of PCs (significantly above normal, z=2.19)"
DLM0051,2011-05-06,1,0.0039569417713233,0,"Flagged due to: unusual number of logins (significantly above normal, z=2.34); logins from unusual number of PCs (significantly above normal, z=2.19)"
DMG0358,2010-03-15,1,0.0617404548889091,0,"Flagged due to: unusual email activity (extremely below normal, z=-8.5); emails sent to external addresses (somewhat below normal, z=-1.84)"
DMG0358,2010-07-16,1,0.0636399714369093,0,"Flagged due to: unusual email activity (extremely below normal, z=-8.5); emails sent to external addresses (somewhat below normal, z=-1.84)"
DMG0358,2010-08-17,1,0.0039795301217767,0,"Flagged due to: unusual email activity (extremely below normal, z=-3.72); after-hours login activity (somewhat above normal, z=1.93)"
DMK0257,2010-01-18,1,0.02284659402179,0,"Flagged due to: logins from unusual number of PCs (extremely above normal, z=3.61); unusual file access activity (significantly above normal, z=2.3)"
DMK0257,2010-01-28,1,0.0089427639599553,0,"Flagged due to: logins from unusual number of PCs (extremely above normal, z=3.61); unusual number of logins (somewhat above normal, z=1.69)"
DMK0257,2010-02-01,1,0.005946595865351,0,"Flagged due to: logins from unusual number of PCs (extremely above normal, z=3.61); emails sent to external addresses (somewhat above normal, z=1.76)"
DMK0257,2010-02-24,1,0.0165364238328921,0,"Flagged due to: after-hours login activity (somewhat above normal, z=1.99); emails sent to external addresses (somewhat above normal, z=1.76)"
DMK0257,2010-03-05,1,0.0639180410095791,0,"Flagged due to: logins from unusual number of PCs (extremely above normal, z=3.61); unusual number of logins (extremely above normal, z=3.44)"
DMK0257,2010-03-06,1,0.1017873549982408,0,"Flagged due to: unusual email activity (extremely below normal, z=-5.42); after-hours login activity (somewhat above normal, z=1.99)"
DMK0257,2010-03-24,1,0.0216976765800536,0,"Flagged due to: logins from unusual number of PCs (extremely above normal, z=3.61); emails sent to external addresses (significantly above normal, z=2.69)"
DMK0257,2010-04-16,1,0.0474135703024073,0,"Flagged due to: logins from unusual number of PCs (extremely above normal, z=3.61); high USB device usage (significantly above normal, z=2.02)"
DMK0257,2010-04-20,1,0.0368949237890388,0,"Flagged due to: unusual email activity (extremely below normal, z=-3.52); after-hours login activity (somewhat above normal, z=1.99)"
DMK0257,2010-04-21,1,0.0344125367578214,0,"Flagged due to: unusual email activity (extremely below normal, z=-3.52); high USB device usage (somewhat below normal, z=-1.93)"
DMK0257,2010-05-27,1,0.0121371789976688,0,"Flagged due to: logins from unusual number of PCs (extremely above normal, z=3.61); emails sent to external addresses (somewhat above normal, z=1.76)"
DMK0257,2010-06-14,1,0.0499472312321986,0,"Flagged due to: logins from unusual number of PCs (extremely above normal, z=3.61); unusual number of logins (extremely above normal, z=3.44)"
DMK0257,2010-07-07,1,0.0226617533067536,0,"Flagged due to: high USB device usage (significantly above normal, z=2.02); after-hours login activity (somewhat above normal, z=1.99)"
DMK0257,2010-07-22,1,0.0780264045022192,0,"Flagged due to: logins from unusual number of PCs (extremely above normal, z=3.61); high USB device usage (somewhat below normal, z=-1.93)"
DMK0257,2010-08-02,1,0.0179691289897323,0,"Flagged due to: logins from unusual number of PCs (extremely above normal, z=3.61); unusual number of logins (somewhat above normal, z=1.69)"
DMK0257,2010-08-16,1,0.0496322790478224,0,"Flagged due to: logins from unusual number of PCs (extremely above normal, z=3.61); unusual number of logins (extremely above normal, z=3.44)"
DMK0257,2010-08-25,1,0.005939701737361,0,"Flagged due to: unusual email activity (extremely below normal, z=-4.15); unusual file access activity (somewhat above normal, z=1.62)"
DMK0257,2010-09-13,1,0.0158968423196474,0,"Flagged due to: unusual email activity (significantly below normal, z=-2.88); unusual number of logins (somewhat below normal, z=-1.8)"
DMK0257,2010-09-28,1,0.0104906501182564,0,"Flagged due to: unusual email activity (extremely below normal, z=-3.52); after-hours login activity (somewhat above normal, z=1.99)"
DMK0257,2010-10-02,1,0.1017873549982408,0,"Flagged due to: unusual email activity (extremely below normal, z=-5.42); after-hours login activity (somewhat above normal, z=1.99)"
DMK0257,2010-10-14,1,0.0256004594561026,0,"Flagged due to: high USB device usage (significantly above normal, z=2.02); after-hours login activity (somewhat above normal, z=1.99)"
DMK0257,2010-10-20,1,0.0109363908744365,0,"Flagged due to: logins from unusual number of PCs (extremely above normal, z=3.61); unusual number of logins (somewhat above normal, z=1.69)"
DMK0257,2010-11-02,1,0.0114871849977951,0,"Flagged due to: high USB device usage (significantly above normal, z=2.02); after-hours login activity (somewhat above normal, z=1.99)"
DMK0257,2010-11-12,1,0.009705136358146,0,"Flagged due to: logins from unusual number of PCs (extremely above normal, z=3.61); after-hours login activity (somewhat above normal, z=1.99)"
DMK0257,2010-12-09,1,0.0436551102368824,0,"Flagged due to: after-hours login activity (somewhat above normal, z=1.99); high USB device usage (somewhat below normal, z=-1.93)"
DMK0257,2010-12-14,1,0.059809784080457,0,"Flagged due to: logins from unusual number of PCs (extremely above normal, z=3.61); high USB device usage (somewhat below normal, z=-1.93)"
DMK0257,2010-12-15,1,0.006459441996412,0,"Flagged due to: after-hours login activity (somewhat above normal, z=1.99); unusual file access activity (somewhat above normal, z=1.96)"
DMK0257,2011-01-08,1,0.1017873549982408,0,"Flagged due to: unusual email activity (extremely below normal, z=-5.42); after-hours login activity (somewhat above normal, z=1.99)"
DMK0257,2011-01-15,1,0.1017873549982408,0,"Flagged due to: unusual email activity (extremely below normal, z=-5.42); after-hours login activity (somewhat above normal, z=1.99)"
DMK0257,2011-01-25,1,0.0579247642341632,0,"Flagged due to: after-hours login activity (somewhat above normal, z=1.99); high USB device usage (somewhat below normal, z=-1.93)"
DMK0257,2011-02-09,1,0.0414953269784834,0,"Flagged due to: logins from unusual number of PCs (extremely above normal, z=3.61); high USB device usage (significantly above normal, z=2.02)"
DMK0257,2011-03-19,1,0.1017873549982408,0,"Flagged due to: unusual email activity (extremely below normal, z=-5.42); after-hours login activity (somewhat above normal, z=1.99)"
DMK0257,2011-03-30,1,0.0380710888064468,0,"Flagged due to: unusual email activity (extremely below normal, z=-3.52); unusual number of logins (somewhat below normal, z=-1.8)"
DMK0257,2011-05-14,1,0.1017873549982408,0,"Flagged due to: unusual email activity (extremely below normal, z=-5.42); after-hours login activity (somewhat above normal, z=1.99)"
DPM0423,2010-04-14,1,0.0284540253597191,0,"Flagged due to: unusual email activity (extremely below normal, z=-7.76); emails sent to external addresses (somewhat below normal, z=-1.68)"
DPM0423,2010-04-30,1,0.0091853075015851,0,"Flagged due to: unusual email activity (extremely below normal, z=-4.74); high USB device usage (somewhat above normal, z=1.88)"
DPM0423,2010-07-29,1,0.006760350619052,0,"Flagged due to: unusual email activity (extremely below normal, z=-3.74); high USB device usage (somewhat above normal, z=1.88)"
DPM0423,2010-08-31,1,0.0583501344061953,0,"Flagged due to: unusual email activity (extremely below normal, z=-7.76); unusual file access activity (somewhat above normal, z=1.69)"
DPM0423,2010-11-17,1,0.0274178347744611,0,"Flagged due to: unusual email activity (extremely below normal, z=-4.74); unusual file access activity (somewhat above normal, z=1.69)"
DRR0162,2010-10-12,1,0.0286107797537463,0,"Flagged due to: unusual email activity (extremely below normal, z=-8.39); emails sent to external addresses (somewhat below normal, z=-1.8)"
DRR0162,2010-12-13,1,0.0154313414412655,1,"Flagged due to: high USB device usage (extremely above normal, z=5.65); unusual file access activity (extremely above normal, z=3.85)"
DRR0162,2010-12-16,1,0.0553621065405248,1,"Flagged due to: unusual email activity (extremely below normal, z=-8.39); high USB device usage (extremely above normal, z=4.7)"
DRR0162,2010-12-29,1,0.0051370010111034,1,"Flagged due to: high USB device usage (extremely above normal, z=4.7); unusual file access activity (extremely above normal, z=3.31)"
DTP0379,2010-01-27,1,0.0442273442819182,0,"Flagged due to: unusual email activity (extremely below normal, z=-6.42); unusual number of logins (significantly above normal, z=2.29)"
EDA0684,2010-01-06,1,0.0263389454970575,0,"Flagged due to: unusual number of logins (extremely above normal, z=3.45); logins from unusual number of PCs (extremely above normal, z=3.22)"
EDB0714,2010-11-18,1,0.0005115059713479,1,"Flagged due to: unusual file access activity (extremely above normal, z=4.26); high USB device usage (extremely above normal, z=3.93)"
EDB0714,2010-12-14,1,0.07942707698171,1,"Flagged due to: unusual email activity (extremely below normal, z=-7.02); high USB device usage (extremely above normal, z=3.93)"
EHB0420,2010-05-01,1,0.0537400626887093,0,"Flagged due to: unusual email activity (extremely below normal, z=-5.87); unusual number of logins (significantly below normal, z=-2.02)"
EHB0420,2010-07-25,1,0.0537400626887093,0,"Flagged due to: unusual email activity (extremely below normal, z=-5.87); unusual number of logins (significantly below normal, z=-2.02)"
EHB0420,2010-08-07,1,0.0537400626887093,0,"Flagged due to: unusual email activity (extremely below normal, z=-5.87); unusual number of logins (significantly below normal, z=-2.02)"
EHB0420,2010-09-18,1,0.0537400626887093,0,"Flagged due to: unusual email activity (extremely below normal, z=-5.87); unusual number of logins (significantly below normal, z=-2.02)"
EHB0420,2011-02-19,1,0.0537400626887093,0,"Flagged due to: unusual email activity (extremely below normal, z=-5.87); unusual number of logins (significantly below normal, z=-2.02)"
EHB0420,2011-02-26,1,0.0537400626887093,0,"Flagged due to: unusual email activity (extremely below normal, z=-5.87); unusual number of logins (significantly below normal, z=-2.02)"
EHB0420,2011-03-09,1,0.0509570553668703,0,"Flagged due to: unusual email activity (extremely below normal, z=-5.87); emails sent to external addresses (significantly below normal, z=-2.01)"
EHB0824,2010-07-20,1,0.1362848082850619,0,"Flagged due to: after-hours login activity (extremely above normal, z=12.29); high USB device usage (extremely above normal, z=12.29)"
EHB0824,2010-07-22,1,0.0293359564871048,1,"Flagged due to: after-hours login activity (extremely above normal, z=12.29); unusual number of logins (extremely above normal, z=12.29)"
EHB0824,2010-07-27,1,0.0293359564871048,1,"Flagged due to: after-hours login activity (extremely above normal, z=12.29); unusual number of logins (extremely above normal, z=12.29)"
EHB0824,2010-07-28,1,0.0647813945173009,1,"Flagged due to: unusual number of logins (extremely above normal, z=24.66); after-hours login activity (extremely above normal, z=24.66)"
EHD0584,2010-05-20,1,0.0269648304329367,0,"Flagged due to: unusual email activity (extremely below normal, z=-10.05); logins from unusual number of PCs (significantly above normal, z=2.74)"
EHD0584,2010-10-01,1,0.1453760024868872,0,"Flagged due to: unusual file access activity (extremely above normal, z=13.09); after-hours login activity (extremely above normal, z=10.05)"
EHD0584,2010-10-02,1,0.1392937087606132,1,"Flagged due to: after-hours login activity (extremely above normal, z=10.05); unusual email activity (extremely below normal, z=-10.05)"
EHD0584,2010-10-07,1,0.1124683530392047,1,"Flagged due to: after-hours login activity (extremely above normal, z=20.2); high USB device usage (extremely above normal, z=12.74)"
EHD0584,2010-10-08,1,0.0601144366680398,1,"Flagged due to: after-hours login activity (extremely above normal, z=10.05); high USB device usage (extremely above normal, z=6.32)"
EHD0584,2010-10-13,1,0.1214722484751213,0,"Flagged due to: high USB device usage (extremely above normal, z=12.74); after-hours login activity (extremely above normal, z=10.05)"
EIM0156,2010-05-27,1,0.0027059641538385,0,"Flagged due to: unusual email activity (extremely below normal, z=-7.94); emails sent to external addresses (somewhat below normal, z=-1.74)"
EIS0041,2010-01-14,1,0.007275219168853,0,"Flagged due to: after-hours login activity (significantly above normal, z=2.09); unusual file access activity (somewhat below normal, z=-1.42)"
EIS0041,2010-01-18,1,0.0001279088816826,0,"Flagged due to: unusual number of logins (somewhat below normal, z=-1.89); unusual file access activity (somewhat below normal, z=-1.42)"
EIS0041,2010-01-19,1,0.0020127293395767,0,"Flagged due to: unusual file access activity (somewhat above normal, z=1.53); unusual number of logins (somewhat above normal, z=1.48)"
EIS0041,2010-01-21,1,0.0319419717307259,0,"Flagged due to: high USB device usage (significantly above normal, z=2.48); unusual number of logins (somewhat above normal, z=1.48)"
EIS0041,2010-01-25,1,0.0700992121957624,0,"Flagged due to: unusual file access activity (extremely above normal, z=3.54); after-hours login activity (significantly above normal, z=2.09)"
EIS0041,2010-02-03,1,0.0552232682891653,0,"Flagged due to: unusual email activity (extremely below normal, z=-3.33); after-hours login activity (somewhat below normal, z=-1.76)"
EIS0041,2010-02-09,1,0.0321338537825418,0,"Flagged due to: high USB device usage (somewhat below normal, z=-1.68); emails sent to external addresses (somewhat above normal, z=1.53)"
EIS0041,2010-02-25,1,0.0451723011156655,0,"Flagged due to: unusual email activity (extremely below normal, z=-3.33); after-hours login activity (somewhat below normal, z=-1.76)"
EIS0041,2010-03-01,1,0.0334011174666207,0,"Flagged due to: unusual number of logins (somewhat below normal, z=-1.89); high USB device usage (somewhat below normal, z=-1.68)"
EIS0041,2010-03-02,1,0.0394434476959359,0,"Flagged due to: unusual file access activity (significantly above normal, z=2.06); high USB device usage (somewhat above normal, z=1.89)"
EIS0041,2010-03-04,1,0.0041634268482901,0,"Flagged due to: unusual number of logins (significantly above normal, z=2.16); logins from unusual number of PCs (significantly above normal, z=2.06)"
EIS0041,2010-03-19,1,0.0174720478061688,0,"Flagged due to: after-hours login activity (significantly above normal, z=2.09); high USB device usage (somewhat above normal, z=1.89)"
EIS0041,2010-03-25,1,0.0156672346121347,0,"Flagged due to: high USB device usage (somewhat below normal, z=-1.68); unusual file access activity (somewhat below normal, z=-1.42)"
EIS0041,2010-03-30,1,0.066172165217462,0,"Flagged due to: unusual email activity (extremely below normal, z=-3.33); emails sent to external addresses (somewhat below normal, z=-1.75)"
EIS0041,2010-04-06,1,0.0354386419316145,0,"Flagged due to: unusual number of logins (somewhat below normal, z=-1.89); high USB device usage (somewhat below normal, z=-1.68)"
EIS0041,2010-04-09,1,0.0005208726470971,0,"Flagged due to: after-hours login activity (somewhat below normal, z=-1.76); high USB device usage (somewhat below normal, z=-1.68)"
EIS0041,2010-04-20,1,0.0156796785937611,0,"Flagged due to: after-hours login activity (significantly above normal, z=2.09); high USB device usage (somewhat above normal, z=1.89)"
EIS0041,2010-04-21,1,0.0207644639745521,0,"Flagged due to: emails sent to external addresses (significantly below normal, z=-2.16); unusual email activity (somewhat below normal, z=-1.51)"
EIS0041,2010-05-04,1,0.0260198477745916,0,"Flagged due to: high USB device usage (somewhat below normal, z=-1.68); unusual file access activity (somewhat below normal, z=-1.42)"
EIS0041,2010-05-07,1,0.0449843727813693,0,"Flagged due to: unusual email activity (extremely below normal, z=-3.93); high USB device usage (somewhat above normal, z=1.89)"
EIS0041,2010-05-10,1,0.0008751590108752,0,"Flagged due to: unusual email activity (extremely below normal, z=-5.75); emails sent to external addresses (significantly below normal, z=-2.57)"
EIS0041,2010-05-11,1,0.0173415073539475,0,"Flagged due to: unusual email activity (extremely below normal, z=-5.14); emails sent to external addresses (significantly below normal, z=-2.16)"
EIS0041,2010-05-18,1,0.0307953276065588,0,"Flagged due to: emails sent to external addresses (significantly below normal, z=-2.16); unusual number of logins (somewhat below normal, z=-1.89)"
EIS0041,2010-05-25,1,0.0382192896167619,0,"Flagged due to: unusual file access activity (significantly above normal, z=2.46); emails sent to external addresses (somewhat below normal, z=-1.75)"
EIS0041,2010-05-27,1,0.0138967256768631,0,"Flagged due to: unusual number of logins (somewhat below normal, z=-1.89); unusual email activity (somewhat below normal, z=-1.51)"
EIS0041,2010-06-04,1,0.0388819464186004,0,"Flagged due to: unusual email activity (significantly below normal, z=-2.72); unusual file access activity (somewhat above normal, z=1.66)"
EIS0041,2010-06-16,1,0.0175155622033765,0,"Flagged due to: high USB device usage (somewhat below normal, z=-1.68); unusual file access activity (somewhat below normal, z=-1.42)"
EIS0041,2010-06-21,1,0.0301672193643917,0,"Flagged due to: after-hours login activity (significantly above normal, z=2.09); unusual file access activity (significantly above normal, z=2.06)"
EIS0041,2010-06-29,1,0.0283197040801265,0,"Flagged due to: unusual email activity (significantly below normal, z=-2.12); high USB device usage (somewhat below normal, z=-1.68)"
EIS0041,2010-07-06,1,0.0334011174666207,0,"Flagged due to: unusual number of logins (somewhat below normal, z=-1.89); high USB device usage (somewhat below normal, z=-1.68)"
EIS0041,2010-07-19,1,0.013355165882755,0,"Flagged due to: high USB device usage (somewhat below normal, z=-1.68); unusual file access activity (somewhat below normal, z=-1.42)"
EIS0041,2010-07-30,1,0.0425847463100119,0,"Flagged due to: unusual file access activity (significantly above normal, z=2.2); high USB device usage (somewhat above normal, z=1.89)"
EIS0041,2010-08-17,1,0.0259865119020193,0,"Flagged due to: after-hours login activity (significantly above normal, z=2.09); unusual file access activity (somewhat above normal, z=1.93)"
EIS0041,2010-08-24,1,0.013355165882755,0,"Flagged due to: high USB device usage (somewhat below normal, z=-1.68); unusual file access activity (somewhat below normal, z=-1.42)"
EIS0041,2010-08-27,1,0.109112272732147,0,"Flagged due to: unusual email activity (extremely below normal, z=-5.75); emails sent to external addresses (significantly below normal, z=-2.57)"
EIS0041,2010-08-31,1,0.0387036901073734,0,"Flagged due to: after-hours login activity (somewhat below normal, z=-1.76); high USB device usage (somewhat below normal, z=-1.68)"
EIS0041,2010-09-02,1,0.0091188218308343,0,"Flagged due to: unusual number of logins (significantly above normal, z=2.16); after-hours login activity (significantly above normal, z=2.09)"
EIS0041,2010-09-09,1,0.0640170140353577,0,"Flagged due to: after-hours login activity (significantly above normal, z=2.09); unusual file access activity (significantly above normal, z=2.06)"
EIS0041,2010-09-22,1,0.0266951134360513,0,"Flagged due to: after-hours login activity (significantly above normal, z=2.09); high USB device usage (somewhat above normal, z=1.89)"
EIS0041,2010-10-08,1,0.0437392880434023,0,"Flagged due to: emails sent to external addresses (significantly below normal, z=-2.16); high USB device usage (somewhat below normal, z=-1.68)"
EIS0041,2010-10-25,1,0.013533730098058,0,"Flagged due to: after-hours login activity (somewhat below normal, z=-1.76); high USB device usage (somewhat below normal, z=-1.68)"
EIS0041,2010-11-01,1,0.0156672346121347,0,"Flagged due to: high USB device usage (somewhat below normal, z=-1.68); unusual file access activity (somewhat below normal, z=-1.42)"
EIS0041,2010-11-09,1,0.0634930409673093,0,"Flagged due to: unusual email activity (extremely below normal, z=-5.14); emails sent to external addresses (significantly below normal, z=-2.16)"
EIS0041,2010-11-17,1,0.0215971518080091,0,"Flagged due to: unusual number of logins (significantly above normal, z=2.16); logins from unusual number of PCs (significantly above normal, z=2.06)"
EIS0041,2010-12-21,1,0.0365597835738448,0,"Flagged due to: after-hours login activity (somewhat below normal, z=-1.76); high USB device usage (somewhat below normal, z=-1.68)"
EIS0041,2010-12-30,1,0.0492421692677365,0,"Flagged due to: unusual email activity (extremely below normal, z=-4.54); emails sent to external addresses (somewhat below normal, z=-1.75)"
EIS0041,2011-01-06,1,0.0764142228264086,0,"Flagged due to: unusual email activity (extremely below normal, z=-3.93); emails sent to external addresses (significantly below normal, z=-2.16)"
EIS0041,2011-01-11,1,0.0023693031537128,0,"Flagged due to: after-hours login activity (somewhat below normal, z=-1.76); logins from unusual number of PCs (somewhat below normal, z=-1.39)"
EIS0041,2011-01-14,1,0.0340737668049947,0,"Flagged due to: after-hours login activity (significantly above normal, z=2.09); high USB device usage (somewhat above normal, z=1.89)"
EIS0041,2011-02-04,1,0.0256620570216909,0,"Flagged due to: unusual file access activity (significantly above normal, z=2.33); unusual number of logins (somewhat above normal, z=1.48)"
EIS0041,2011-02-09,1,0.0024288158114743,0,"Flagged due to: unusual number of logins (somewhat above normal, z=1.48); logins from unusual number of PCs (somewhat above normal, z=1.37)"
EIS0041,2011-02-25,1,0.0334011174666207,0,"Flagged due to: unusual number of logins (somewhat below normal, z=-1.89); high USB device usage (somewhat below normal, z=-1.68)"
EIS0041,2011-03-18,1,0.0365597835738448,0,"Flagged due to: after-hours login activity (somewhat below normal, z=-1.76); high USB device usage (somewhat below normal, z=-1.68)"
EIS0041,2011-03-23,1,0.0482391672382872,0,"Flagged due to: unusual file access activity (significantly above normal, z=2.33); after-hours login activity (significantly above normal, z=2.09)"
EIS0041,2011-03-30,1,0.0692204239486714,0,"Flagged due to: unusual file access activity (significantly above normal, z=2.33); after-hours login activity (significantly above normal, z=2.09)"
EIS0041,2011-04-25,1,0.0579224567170016,0,"Flagged due to: unusual file access activity (significantly above normal, z=2.33); high USB device usage (somewhat above normal, z=1.89)"
EIS0041,2011-04-29,1,0.0019272334650022,0,"Flagged due to: after-hours login activity (somewhat below normal, z=-1.76); logins from unusual number of PCs (somewhat below normal, z=-1.39)"
ELB0847,2010-02-17,1,0.0185043921994744,0,"Flagged due to: after-hours login activity (extremely above normal, z=6.95); unusual number of logins (significantly above normal, z=2.98)"
ELB0847,2010-03-23,1,0.0185043921994744,0,"Flagged due to: after-hours login activity (extremely above normal, z=6.95); unusual number of logins (significantly above normal, z=2.98)"
ELB0847,2010-05-27,1,0.0185043921994744,0,"Flagged due to: after-hours login activity (extremely above normal, z=6.95); unusual number of logins (significantly above normal, z=2.98)"
ELB0847,2010-08-02,1,0.0291905492087011,0,"Flagged due to: after-hours login activity (extremely above normal, z=6.95); unusual number of logins (significantly above normal, z=2.98)"
ELB0847,2010-08-18,1,0.0185043921994744,0,"Flagged due to: after-hours login activity (extremely above normal, z=6.95); unusual number of logins (significantly above normal, z=2.98)"
ELB0847,2010-09-29,1,0.0291905492087011,0,"Flagged due to: after-hours login activity (extremely above normal, z=6.95); unusual number of logins (significantly above normal, z=2.98)"
ELB0847,2010-11-23,1,0.0185043921994744,0,"Flagged due to: after-hours login activity (extremely above normal, z=6.95); unusual number of logins (significantly above normal, z=2.98)"
EMW0772,2010-02-11,1,0.0081090344871843,0,"Flagged due to: unusual number of logins (extremely above normal, z=4.69); logins from unusual number of PCs (extremely above normal, z=4.69)"
EMW0772,2010-02-17,1,0.0006825415384928,0,"Flagged due to: unusual number of logins (extremely above normal, z=4.69); logins from unusual number of PCs (extremely above normal, z=4.69)"
EMW0772,2010-04-12,1,0.0779806229775817,0,"Flagged due to: unusual number of logins (extremely above normal, z=4.69); logins from unusual number of PCs (extremely above normal, z=4.69)"
EMW0772,2010-04-16,1,0.0314021441435865,0,"Flagged due to: unusual number of logins (extremely above normal, z=4.69); logins from unusual number of PCs (extremely above normal, z=4.69)"
EMW0772,2010-08-09,1,0.0081090344871843,0,"Flagged due to: unusual number of logins (extremely above normal, z=4.69); logins from unusual number of PCs (extremely above normal, z=4.69)"
EMW0772,2010-11-18,1,0.0872535633632222,0,"Flagged due to: unusual number of logins (extremely above normal, z=4.69); logins from unusual number of PCs (extremely above normal, z=4.69)"
EMW0772,2010-11-23,1,0.0913219122758806,0,"Flagged due to: unusual number of logins (extremely above normal, z=4.69); logins from unusual number of PCs (extremely above normal, z=4.69)"
EMW0772,2010-12-06,1,0.0868663801325845,0,"Flagged due to: unusual number of logins (extremely above normal, z=4.69); logins from unusual number of PCs (extremely above normal, z=4.69)"
EMW0772,2011-01-24,1,0.0217774023354704,0,"Flagged due to: unusual email activity (extremely below normal, z=-6.43); unusual file access activity (somewhat above normal, z=1.94)"
EMW0772,2011-03-29,1,0.0281475272610893,0,"Flagged due to: unusual number of logins (extremely above normal, z=4.69); logins from unusual number of PCs (extremely above normal, z=4.69)"
ESH0283,2010-02-11,1,0.0131148932192313,0,"Flagged due to: unusual number of logins (significantly above normal, z=2.98); logins from unusual number of PCs (significantly above normal, z=2.98)"
ESH0283,2010-04-06,1,0.0118531380484151,0,"Flagged due to: unusual number of logins (significantly above normal, z=2.98); logins from unusual number of PCs (significantly above normal, z=2.98)"
ESH0283,2010-06-01,1,0.0135115537432137,0,"Flagged due to: unusual number of logins (significantly above normal, z=2.98); logins from unusual number of PCs (significantly above normal, z=2.98)"
ESH0283,2010-06-07,1,0.0034232993731353,0,"Flagged due to: unusual number of logins (significantly above normal, z=2.98); logins from unusual number of PCs (significantly above normal, z=2.98)"
ESH0283,2010-07-15,1,0.0133600599199007,0,"Flagged due to: unusual number of logins (significantly above normal, z=2.98); logins from unusual number of PCs (significantly above normal, z=2.98)"
ESH0283,2010-08-16,1,0.0503260461541651,0,"Flagged due to: unusual number of logins (significantly above normal, z=2.98); logins from unusual number of PCs (significantly above normal, z=2.98)"
ESH0283,2010-09-14,1,0.0135115537432137,0,"Flagged due to: unusual number of logins (significantly above normal, z=2.98); logins from unusual number of PCs (significantly above normal, z=2.98)"
ESH0283,2010-10-01,1,0.0365076274585103,0,"Flagged due to: unusual number of logins (significantly above normal, z=2.98); logins from unusual number of PCs (significantly above normal, z=2.98)"
ESH0283,2010-10-13,1,0.0133600599199007,0,"Flagged due to: unusual number of logins (significantly above normal, z=2.98); logins from unusual number of PCs (significantly above normal, z=2.98)"
ESH0283,2010-11-12,1,0.0312299875481307,0,"Flagged due to: unusual number of logins (significantly above normal, z=2.98); logins from unusual number of PCs (significantly above normal, z=2.98)"
ESH0283,2011-01-14,1,0.0273726106683996,0,"Flagged due to: unusual number of logins (significantly above normal, z=2.98); logins from unusual number of PCs (significantly above normal, z=2.98)"
ESH0283,2011-04-08,1,0.0021451990222239,0,"Flagged due to: unusual email activity (extremely below normal, z=-7.98); emails sent to external addresses (somewhat below normal, z=-1.82)"
ESJ0670,2010-01-04,1,0.0179971604974076,0,"Flagged due to: unusual number of logins (extremely above normal, z=3.11); logins from unusual number of PCs (extremely above normal, z=3.11)"
ESJ0670,2010-02-07,1,0.0095923860757614,0,"Flagged due to: unusual email activity (extremely below normal, z=-8.16); emails sent to external addresses (somewhat below normal, z=-1.97)"
ESJ0670,2010-02-16,1,0.0146136421887449,0,"Flagged due to: unusual number of logins (extremely above normal, z=3.11); logins from unusual number of PCs (extremely above normal, z=3.11)"
ESJ0670,2010-02-23,1,0.0095923860757614,0,"Flagged due to: unusual email activity (extremely below normal, z=-8.16); emails sent to external addresses (somewhat below normal, z=-1.97)"
ESJ0670,2010-03-03,1,0.012076873468644,0,"Flagged due to: unusual number of logins (extremely above normal, z=3.11); logins from unusual number of PCs (extremely above normal, z=3.11)"
ESJ0670,2010-05-25,1,0.00766718045995,0,"Flagged due to: unusual number of logins (extremely above normal, z=3.11); logins from unusual number of PCs (extremely above normal, z=3.11)"
ESJ0670,2010-09-02,1,0.0250960483918641,0,"Flagged due to: unusual number of logins (extremely above normal, z=3.11); logins from unusual number of PCs (extremely above normal, z=3.11)"
ESJ0670,2010-09-10,1,0.0228743257782158,0,"Flagged due to: unusual number of logins (extremely above normal, z=3.11); logins from unusual number of PCs (extremely above normal, z=3.11)"
ESJ0670,2010-09-14,1,0.0272866207538718,0,"Flagged due to: unusual number of logins (extremely above normal, z=3.11); logins from unusual number of PCs (extremely above normal, z=3.11)"
ESJ0670,2010-10-18,1,0.0153197969845939,0,"Flagged due to: unusual number of logins (extremely above normal, z=3.11); logins from unusual number of PCs (extremely above normal, z=3.11)"
ESJ0670,2010-12-01,1,0.0266054096897757,0,"Flagged due to: unusual number of logins (extremely above normal, z=3.11); logins from unusual number of PCs (extremely above normal, z=3.11)"
ESJ0670,2010-12-20,1,0.015069047160682,0,"Flagged due to: unusual number of logins (extremely above normal, z=3.11); logins from unusual number of PCs (extremely above normal, z=3.11)"
ESJ0670,2011-01-12,1,0.0013492475360931,0,"Flagged due to: unusual number of logins (extremely above normal, z=3.11); logins from unusual number of PCs (extremely above normal, z=3.11)"
ESJ0670,2011-01-29,1,0.0075355035326007,0,"Flagged due to: unusual number of logins (extremely above normal, z=3.11); logins from unusual number of PCs (extremely above normal, z=3.11)"
ESJ0670,2011-02-16,1,0.0013492475360931,0,"Flagged due to: unusual number of logins (extremely above normal, z=3.11); logins from unusual number of PCs (extremely above normal, z=3.11)"
ESJ0670,2011-02-18,1,0.0533228238737593,0,"Flagged due to: unusual email activity (extremely below normal, z=-8.16); emails sent to external addresses (somewhat below normal, z=-1.97)"
ESJ0670,2011-02-28,1,0.0300428141766193,0,"Flagged due to: unusual number of logins (extremely above normal, z=3.11); logins from unusual number of PCs (extremely above normal, z=3.11)"
ESJ0670,2011-03-04,1,0.0850530668847754,0,"Flagged due to: unusual number of logins (extremely above normal, z=3.11); logins from unusual number of PCs (extremely above normal, z=3.11)"
ESJ0670,2011-04-24,1,0.0095923860757614,0,"Flagged due to: unusual email activity (extremely below normal, z=-8.16); emails sent to external addresses (somewhat below normal, z=-1.97)"
ESR0693,2010-04-16,1,0.0197960408344217,0,"Flagged due to: unusual number of logins (significantly above normal, z=2.51); logins from unusual number of PCs (significantly above normal, z=2.51)"
ESR0693,2010-05-07,1,0.0112272614542173,0,"Flagged due to: unusual number of logins (significantly above normal, z=2.51); logins from unusual number of PCs (significantly above normal, z=2.51)"
ESR0693,2010-07-29,1,0.030245792606199,0,"Flagged due to: unusual number of logins (significantly above normal, z=2.51); logins from unusual number of PCs (significantly above normal, z=2.51)"
ESR0693,2010-08-16,1,0.0568532065528424,0,"Flagged due to: unusual number of logins (significantly above normal, z=2.51); logins from unusual number of PCs (significantly above normal, z=2.51)"
ESR0693,2010-08-20,1,0.0083158252935802,0,"Flagged due to: high USB device usage (significantly above normal, z=2.75); unusual number of logins (significantly above normal, z=2.51)"
FAW0032,2010-07-16,1,0.0354671514581542,0,"Flagged due to: after-hours login activity (extremely above normal, z=10.68); unusual number of logins (extremely above normal, z=6.49)"
FBA0348,2010-10-01,1,0.0121352834650307,0,"Flagged due to: unusual number of logins (extremely above normal, z=13.1); after-hours login activity (extremely above normal, z=13.1)"
FBW0747,2011-01-10,1,0.0111850559665649,0,"Flagged due to: unusual number of logins (extremely above normal, z=3.23); logins from unusual number of PCs (extremely above normal, z=3.23)"
FEB0306,2010-02-01,1,0.0192302191138653,0,"Flagged due to: unusual email activity (extremely below normal, z=-4.39); unusual number of logins (significantly above normal, z=2.35)"
FEB0306,2010-03-22,1,0.0328223157876597,0,"Flagged due to: unusual number of logins (significantly above normal, z=2.35); high USB device usage (significantly above normal, z=2.09)"
FEB0306,2010-06-07,1,0.0206072443972441,0,"Flagged due to: unusual email activity (extremely below normal, z=-4.39); logins from unusual number of PCs (somewhat above normal, z=1.95)"
FEB0306,2011-01-17,1,0.0127795644187509,0,"Flagged due to: unusual email activity (extremely below normal, z=-4.39); unusual number of logins (significantly below normal, z=-2.46)"
FEB0306,2011-01-24,1,0.0060044551155886,0,"Flagged due to: high USB device usage (extremely above normal, z=3.16); logins from unusual number of PCs (somewhat above normal, z=1.95)"
FEB0306,2011-04-06,1,0.0195182426915548,0,"Flagged due to: unusual email activity (extremely below normal, z=-4.39); unusual number of logins (significantly below normal, z=-2.46)"
FFC0891,2010-01-05,1,0.0058633873295607,0,"Flagged due to: unusual email activity (extremely below normal, z=-5.27); emails sent to external addresses (somewhat below normal, z=-1.66)"
FFC0891,2010-01-14,1,0.0102832410961598,0,"Flagged due to: unusual number of logins (extremely above normal, z=3.19); after-hours login activity (significantly above normal, z=2.57)"
FFC0891,2010-01-29,1,0.0057157225052957,0,"Flagged due to: unusual email activity (extremely below normal, z=-3.42); unusual file access activity (somewhat above normal, z=1.97)"
FFC0891,2010-02-24,1,0.0259024481424794,0,"Flagged due to: after-hours login activity (significantly above normal, z=2.57); high USB device usage (somewhat above normal, z=1.83)"
FFC0891,2010-03-11,1,0.0302184031045048,0,"Flagged due to: unusual email activity (extremely below normal, z=-3.42); after-hours login activity (significantly above normal, z=2.57)"
FFC0891,2010-03-18,1,0.0169211738437333,0,"Flagged due to: after-hours login activity (significantly above normal, z=2.57); logins from unusual number of PCs (somewhat above normal, z=1.36)"
FFC0891,2010-03-22,1,0.0080451559037546,0,"Flagged due to: high USB device usage (significantly below normal, z=-2.05); emails sent to external addresses (somewhat below normal, z=-1.66)"
FFC0891,2010-04-07,1,0.0158257554074497,0,"Flagged due to: unusual email activity (extremely below normal, z=-3.42); emails sent to external addresses (somewhat below normal, z=-1.66)"
FFC0891,2010-04-30,1,0.0273106437709366,0,"Flagged due to: unusual number of logins (extremely above normal, z=3.19); after-hours login activity (significantly above normal, z=2.57)"
FFC0891,2010-05-08,1,0.1277703805507286,0,"Flagged due to: unusual email activity (extremely below normal, z=-5.27); after-hours login activity (significantly above normal, z=2.57)"
FFC0891,2010-05-13,1,0.0161258781349376,0,"Flagged due to: high USB device usage (significantly below normal, z=-2.05); unusual file access activity (somewhat below normal, z=-1.56)"
FFC0891,2010-05-14,1,0.0010525427304554,0,"Flagged due to: high USB device usage (significantly below normal, z=-2.05); unusual file access activity (somewhat below normal, z=-1.56)"
FFC0891,2010-06-03,1,0.0066155071672225,0,"Flagged due to: after-hours login activity (significantly above normal, z=2.57); high USB device usage (somewhat above normal, z=1.83)"
FFC0891,2010-06-29,1,0.0452487673006577,0,"Flagged due to: after-hours login activity (significantly above normal, z=2.57); high USB device usage (significantly below normal, z=-2.05)"
FFC0891,2010-07-02,1,0.0261261274815378,0,"Flagged due to: after-hours login activity (significantly above normal, z=2.57); high USB device usage (somewhat above normal, z=1.83)"
FFC0891,2010-08-12,1,0.013860566857049,0,"Flagged due to: after-hours login activity (significantly above normal, z=2.57); emails sent to external addresses (somewhat below normal, z=-1.66)"
FFC0891,2010-08-21,1,0.1277703805507286,0,"Flagged due to: unusual email activity (extremely below normal, z=-5.27); after-hours login activity (significantly above normal, z=2.57)"
FFC0891,2010-09-09,1,0.0113743332417153,0,"Flagged due to: unusual email activity (extremely below normal, z=-5.27); emails sent to external addresses (somewhat below normal, z=-1.66)"
FFC0891,2010-09-15,1,0.04674549047223,0,"Flagged due to: unusual number of logins (extremely above normal, z=3.19); after-hours login activity (significantly above normal, z=2.57)"
FFC0891,2010-09-27,1,0.0080542177527025,0,"Flagged due to: after-hours login activity (significantly above normal, z=2.57); logins from unusual number of PCs (somewhat above normal, z=1.36)"
FGW0853,2010-03-18,1,0.0164059265082163,0,"Flagged due to: unusual number of logins (extremely above normal, z=3.2); logins from unusual number of PCs (significantly above normal, z=2.75)"
FGW0853,2010-04-16,1,0.0070011766279511,0,"Flagged due to: unusual email activity (extremely below normal, z=-3.59); after-hours login activity (somewhat above normal, z=1.97)"
FGW0853,2010-05-08,1,0.0168921064804046,0,"Flagged due to: unusual email activity (extremely below normal, z=-5.76); after-hours login activity (somewhat above normal, z=1.97)"
FGW0853,2010-07-03,1,0.0168921064804046,0,"Flagged due to: unusual email activity (extremely below normal, z=-5.76); after-hours login activity (somewhat above normal, z=1.97)"
FGW0853,2010-08-21,1,0.0168921064804046,0,"Flagged due to: unusual email activity (extremely below normal, z=-5.76); after-hours login activity (somewhat above normal, z=1.97)"
FGW0853,2010-09-07,1,0.0076418882492327,0,"Flagged due to: unusual number of logins (extremely above normal, z=3.2); logins from unusual number of PCs (significantly above normal, z=2.75)"
FGW0853,2010-11-13,1,0.0168921064804046,0,"Flagged due to: unusual email activity (extremely below normal, z=-5.76); after-hours login activity (somewhat above normal, z=1.97)"
FGW0853,2011-01-14,1,0.0011110762382823,0,"Flagged due to: unusual number of logins (extremely above normal, z=3.2); logins from unusual number of PCs (significantly above normal, z=2.75)"
FGW0853,2011-04-05,1,0.0212634225157647,0,"Flagged due to: unusual number of logins (extremely above normal, z=5.08); after-hours login activity (extremely above normal, z=4.41)"
FGW0853,2011-04-07,1,0.0177020244736938,0,"Flagged due to: unusual email activity (extremely below normal, z=-4.89); after-hours login activity (somewhat above normal, z=1.97)"
FGW0853,2011-05-14,1,0.0168921064804046,0,"Flagged due to: unusual email activity (extremely below normal, z=-5.76); after-hours login activity (somewhat above normal, z=1.97)"
FIR0920,2010-03-29,1,0.0017132482602465,0,"Flagged due to: unusual email activity (extremely below normal, z=-5.96); unusual number of logins (somewhat above normal, z=1.65)"
FIR0920,2010-08-23,1,0.0023971852223769,0,"Flagged due to: after-hours login activity (extremely above normal, z=8.25); emails sent to external addresses (somewhat above normal, z=1.99)"
FKK0055,2010-02-05,1,0.0881387982521574,0,"Flagged due to: logins from unusual number of PCs (extremely above normal, z=4.19); high USB device usage (significantly above normal, z=2.69)"
FKK0055,2010-03-16,1,0.0067013676939652,0,"Flagged due to: unusual file access activity (extremely above normal, z=3.51); high USB device usage (significantly above normal, z=2.69)"
FKK0055,2010-04-05,1,0.0085540065222331,0,"Flagged due to: logins from unusual number of PCs (extremely above normal, z=4.19); unusual number of logins (significantly above normal, z=2.67)"
FKK0055,2010-05-12,1,0.0400840137300453,0,"Flagged due to: logins from unusual number of PCs (extremely above normal, z=4.19); unusual number of logins (significantly above normal, z=2.67)"
FKK0055,2010-06-16,1,0.0603733813695199,0,"Flagged due to: unusual email activity (extremely below normal, z=-7.32); emails sent to external addresses (significantly below normal, z=-2.01)"
FKK0055,2010-07-01,1,0.0103892816350641,0,"Flagged due to: logins from unusual number of PCs (extremely above normal, z=4.19); high USB device usage (significantly above normal, z=2.69)"
FKK0055,2010-07-15,1,0.0199865593850693,0,"Flagged due to: unusual email activity (extremely below normal, z=-3.52); unusual file access activity (significantly above normal, z=2.3)"
FKK0055,2010-08-05,1,0.0027476547795984,0,"Flagged due to: logins from unusual number of PCs (extremely above normal, z=4.19); unusual file access activity (significantly above normal, z=2.3)"
FKK0055,2011-01-17,1,0.0278525147290193,0,"Flagged due to: high USB device usage (significantly above normal, z=2.69); emails sent to external addresses (significantly below normal, z=-2.01)"
FKK0055,2011-05-15,1,0.0416534486333067,0,"Flagged due to: unusual email activity (extremely below normal, z=-8.27); emails sent to external addresses (significantly below normal, z=-2.01)"
FMG0527,2010-12-30,1,0.1385329093842415,0,"Flagged due to: after-hours login activity (extremely above normal, z=16.19); high USB device usage (extremely above normal, z=16.19)"
FMG0527,2011-01-05,1,0.0706954044825813,1,"Flagged due to: after-hours login activity (extremely above normal, z=16.19); unusual number of logins (extremely above normal, z=16.19)"
FMG0527,2011-01-07,1,0.0807170528914918,1,"Flagged due to: unusual file access activity (extremely above normal, z=17.66); high USB device usage (extremely above normal, z=16.19)"
FMG0527,2011-01-11,1,0.0654694791971712,1,"Flagged due to: after-hours login activity (extremely above normal, z=16.19); unusual number of logins (extremely above normal, z=16.19)"
FOB0756,2010-01-06,1,0.0168373300401037,0,"Flagged due to: unusual file access activity (extremely above normal, z=5.4); high USB device usage (significantly above normal, z=2.75)"
FOB0756,2010-05-14,1,0.0456613474607702,0,"Flagged due to: unusual email activity (extremely below normal, z=-7.38); high USB device usage (significantly above normal, z=2.75)"
FOB0756,2010-06-30,1,0.0118219979219122,0,"Flagged due to: unusual email activity (extremely below normal, z=-7.38); emails sent to external addresses (somewhat below normal, z=-1.67)"
FOB0756,2010-12-14,1,0.0017636777541019,0,"Flagged due to: high USB device usage (significantly above normal, z=2.75); unusual file access activity (significantly above normal, z=2.13)"
FOB0756,2011-01-03,1,0.0728491177510619,0,"Flagged due to: unusual email activity (extremely below normal, z=-7.38); unusual number of logins (significantly below normal, z=-2.37)"
FOB0756,2011-03-25,1,0.0469442965892498,0,"Flagged due to: unusual email activity (extremely below normal, z=-7.38); unusual number of logins (somewhat above normal, z=1.77)"
FOB0756,2011-04-28,1,0.0469442965892498,0,"Flagged due to: unusual email activity (extremely below normal, z=-7.38); unusual number of logins (somewhat above normal, z=1.77)"
FQA0854,2010-07-08,1,0.0085198755448606,0,"Flagged due to: unusual number of logins (extremely above normal, z=8.25); logins from unusual number of PCs (extremely above normal, z=8.25)"
FSC0601,2010-01-14,1,0.0713114403299973,0,"Flagged due to: unusual number of logins (extremely above normal, z=3.92); logins from unusual number of PCs (extremely above normal, z=3.92)"
FSC0601,2010-02-01,1,0.0256667521110213,0,"Flagged due to: unusual number of logins (extremely above normal, z=3.92); logins from unusual number of PCs (extremely above normal, z=3.92)"
FSC0601,2010-04-06,1,0.1137794609420767,0,"Flagged due to: unusual email activity (extremely below normal, z=-6.89); unusual number of logins (extremely above normal, z=3.92)"
FSC0601,2010-04-16,1,0.0081280657545719,0,"Flagged due to: unusual number of logins (extremely above normal, z=3.92); logins from unusual number of PCs (extremely above normal, z=3.92)"
FSC0601,2010-07-06,1,0.0103847729926853,0,"Flagged due to: unusual number of logins (extremely above normal, z=3.92); logins from unusual number of PCs (extremely above normal, z=3.92)"
FSC0601,2010-07-08,1,0.0377126988574521,0,"Flagged due to: unusual number of logins (extremely above normal, z=3.92); logins from unusual number of PCs (extremely above normal, z=3.92)"
FSC0601,2010-08-04,1,0.0251413650399192,0,"Flagged due to: unusual number of logins (extremely above normal, z=3.92); logins from unusual number of PCs (extremely above normal, z=3.92)"
FSC0601,2010-08-20,1,0.0185980898756514,0,"Flagged due to: unusual number of logins (extremely above normal, z=3.92); logins from unusual number of PCs (extremely above normal, z=3.92)"
FSC0601,2010-09-02,1,0.0055309504122481,0,"Flagged due to: unusual number of logins (extremely above normal, z=3.92); logins from unusual number of PCs (extremely above normal, z=3.92)"
FSC0601,2010-09-15,1,0.0185980898756514,0,"Flagged due to: unusual number of logins (extremely above normal, z=3.92); logins from unusual number of PCs (extremely above normal, z=3.92)"
FSC0601,2010-09-16,1,0.0125043480434905,0,"Flagged due to: unusual email activity (extremely below normal, z=-8.33); emails sent to external addresses (somewhat below normal, z=-1.61)"
FSC0601,2010-09-29,1,0.0103847729926853,0,"Flagged due to: unusual number of logins (extremely above normal, z=3.92); logins from unusual number of PCs (extremely above normal, z=3.92)"
FSC0601,2010-10-20,1,0.0057033869549913,0,"Flagged due to: unusual number of logins (extremely above normal, z=3.92); logins from unusual number of PCs (extremely above normal, z=3.92)"
FSC0601,2011-01-14,1,0.0320169266620151,0,"Flagged due to: unusual number of logins (extremely above normal, z=3.92); logins from unusual number of PCs (extremely above normal, z=3.92)"
FSC0601,2011-02-01,1,0.0343866652466304,1,"Flagged due to: unusual number of logins (extremely above normal, z=3.92); logins from unusual number of PCs (extremely above normal, z=3.92)"
FSC0601,2011-03-07,1,0.1188631593178402,1,"Flagged due to: high USB device usage (extremely above normal, z=4.94); unusual number of logins (extremely above normal, z=3.92)"
FTM0406,2010-11-22,1,0.1322312963028995,0,"Flagged due to: unusual number of logins (extremely above normal, z=15.46); after-hours login activity (extremely above normal, z=15.46)"
FTM0406,2010-11-25,1,0.0980183812120234,1,"Flagged due to: after-hours login activity (extremely above normal, z=15.46); unusual email activity (extremely below normal, z=-8.26)"
FTM0406,2010-12-01,1,0.1460554765323636,1,"Flagged due to: unusual number of logins (extremely above normal, z=15.46); after-hours login activity (extremely above normal, z=15.46)"
FTM0406,2010-12-02,1,0.0520439614859792,1,"Flagged due to: unusual number of logins (extremely above normal, z=15.46); after-hours login activity (extremely above normal, z=15.46)"
FWM0707,2010-03-08,1,0.0422017087503796,0,"Flagged due to: unusual email activity (extremely below normal, z=-5.05); unusual number of logins (extremely above normal, z=3.37)"
GCL0016,2010-01-17,1,0.0192622859643456,0,"Flagged due to: logins from unusual number of PCs (extremely above normal, z=4.53); unusual number of logins (significantly above normal, z=2.68)"
GCL0016,2010-01-29,1,0.0221869566025567,0,"Flagged due to: logins from unusual number of PCs (extremely above normal, z=4.53); unusual number of logins (significantly above normal, z=2.68)"
GCL0016,2010-05-14,1,0.0152333532047032,0,"Flagged due to: logins from unusual number of PCs (extremely above normal, z=4.53); high USB device usage (significantly above normal, z=2.64)"
GCL0016,2010-05-25,1,0.0349389724763758,0,"Flagged due to: logins from unusual number of PCs (extremely above normal, z=4.53); unusual file access activity (extremely above normal, z=3.24)"
GCL0016,2010-06-08,1,0.0010563685087534,0,"Flagged due to: high USB device usage (extremely above normal, z=4.24); unusual file access activity (significantly above normal, z=2.52)"
GCL0016,2010-08-26,1,0.0231018123422023,0,"Flagged due to: logins from unusual number of PCs (extremely above normal, z=4.53); unusual number of logins (significantly above normal, z=2.68)"
GCL0016,2010-11-04,1,0.0673101630329836,0,"Flagged due to: logins from unusual number of PCs (extremely above normal, z=4.53); unusual number of logins (significantly above normal, z=2.68)"
GCL0016,2010-11-13,1,0.0501739575245391,0,"Flagged due to: unusual email activity (extremely below normal, z=-6.66); unusual file access activity (extremely above normal, z=3.24)"
GCL0016,2010-11-20,1,0.0345013111186087,0,"Flagged due to: unusual email activity (extremely below normal, z=-4.04); high USB device usage (significantly above normal, z=2.64)"
GCL0016,2010-12-16,1,0.0684301434181771,0,"Flagged due to: logins from unusual number of PCs (extremely above normal, z=4.53); unusual number of logins (significantly above normal, z=2.68)"
GCL0016,2011-01-05,1,0.0070499465066953,0,"Flagged due to: high USB device usage (significantly above normal, z=2.64); unusual email activity (significantly below normal, z=-2.3)"
GCL0016,2011-01-14,1,0.0397361072504994,0,"Flagged due to: logins from unusual number of PCs (extremely above normal, z=4.53); unusual number of logins (significantly above normal, z=2.68)"
GCL0016,2011-01-21,1,0.0185389159272209,0,"Flagged due to: logins from unusual number of PCs (extremely above normal, z=4.53); unusual number of logins (significantly above normal, z=2.68)"
GCL0016,2011-03-30,1,0.0001445381989739,0,"Flagged due to: unusual email activity (extremely below normal, z=-8.41); emails sent to external addresses (somewhat below normal, z=-1.76)"
GCS0571,2010-01-18,1,0.0593523683624325,0,"Flagged due to: logins from unusual number of PCs (extremely above normal, z=5.05); unusual number of logins (significantly above normal, z=2.8)"
GCS0571,2010-03-19,1,0.0459138429487389,0,"Flagged due to: logins from unusual number of PCs (extremely above normal, z=5.05); unusual number of logins (significantly above normal, z=2.8)"
GCS0571,2010-06-02,1,0.007427323660675,0,"Flagged due to: logins from unusual number of PCs (extremely above normal, z=5.05); unusual file access activity (somewhat above normal, z=1.89)"
GCS0571,2010-07-15,1,0.0111074081111848,0,"Flagged due to: logins from unusual number of PCs (extremely above normal, z=5.05); unusual number of logins (significantly above normal, z=2.8)"
GHH0288,2010-01-11,1,0.0524217175072807,0,"Flagged due to: unusual email activity (extremely below normal, z=-5.28); logins from unusual number of PCs (significantly above normal, z=2.53)"
GHH0288,2010-02-06,1,0.0994923356698738,0,"Flagged due to: after-hours login activity (extremely above normal, z=5.53); unusual email activity (extremely below normal, z=-5.28)"
GHH0288,2010-02-15,1,0.0401095430238787,0,"Flagged due to: logins from unusual number of PCs (significantly above normal, z=2.53); unusual number of logins (significantly above normal, z=2.23)"
GHH0288,2010-03-20,1,0.0994923356698738,0,"Flagged due to: after-hours login activity (extremely above normal, z=5.53); unusual email activity (extremely below normal, z=-5.28)"
GHH0288,2010-03-23,1,0.0084461595203735,0,"Flagged due to: logins from unusual number of PCs (significantly above normal, z=2.53); unusual number of logins (significantly above normal, z=2.23)"
GHH0288,2010-04-07,1,0.0013610335652721,0,"Flagged due to: after-hours login activity (extremely above normal, z=5.53); unusual number of logins (significantly above normal, z=2.23)"
GHH0288,2010-04-12,1,0.0321251212373475,0,"Flagged due to: logins from unusual number of PCs (significantly above normal, z=2.53); unusual number of logins (significantly above normal, z=2.23)"
GHH0288,2010-04-16,1,0.0016089768910099,0,"Flagged due to: logins from unusual number of PCs (significantly above normal, z=2.53); unusual number of logins (significantly above normal, z=2.23)"
GHH0288,2010-05-28,1,0.0219502563257109,0,"Flagged due to: after-hours login activity (extremely above normal, z=5.53); unusual number of logins (significantly above normal, z=2.23)"
GHH0288,2010-06-09,1,0.0333910169559402,0,"Flagged due to: logins from unusual number of PCs (significantly above normal, z=2.53); unusual number of logins (significantly above normal, z=2.23)"
GHH0288,2010-06-15,1,0.0069211802276057,0,"Flagged due to: after-hours login activity (extremely above normal, z=5.53); unusual number of logins (significantly above normal, z=2.23)"
GHH0288,2010-06-21,1,0.0337487069085933,0,"Flagged due to: logins from unusual number of PCs (significantly above normal, z=2.53); unusual number of logins (significantly above normal, z=2.23)"
GHH0288,2010-08-16,1,0.0401095430238787,0,"Flagged due to: logins from unusual number of PCs (significantly above normal, z=2.53); unusual number of logins (significantly above normal, z=2.23)"
GHH0288,2010-08-17,1,0.0346464516154921,0,"Flagged due to: after-hours login activity (extremely above normal, z=5.53); unusual number of logins (significantly above normal, z=2.23)"
GHH0288,2010-10-21,1,0.0889240840188135,0,"Flagged due to: after-hours login activity (extremely above normal, z=5.53); unusual number of logins (extremely above normal, z=4.89)"
GHH0288,2010-12-09,1,0.0094014386108435,0,"Flagged due to: logins from unusual number of PCs (significantly above normal, z=2.53); unusual number of logins (significantly above normal, z=2.23)"
GHH0288,2010-12-20,1,0.0401095430238787,0,"Flagged due to: logins from unusual number of PCs (significantly above normal, z=2.53); unusual number of logins (significantly above normal, z=2.23)"
GHH0288,2010-12-21,1,0.0543583792335067,0,"Flagged due to: after-hours login activity (extremely above normal, z=5.53); unusual number of logins (significantly above normal, z=2.23)"
GHH0288,2011-01-03,1,0.0005450637707286,0,"Flagged due to: logins from unusual number of PCs (significantly above normal, z=2.53); unusual number of logins (significantly above normal, z=2.23)"
GHH0288,2011-01-25,1,0.0371183311168474,0,"Flagged due to: logins from unusual number of PCs (significantly above normal, z=2.53); unusual file access activity (significantly above normal, z=2.48)"
GHH0288,2011-02-01,1,0.0082508384932166,0,"Flagged due to: logins from unusual number of PCs (significantly above normal, z=2.53); unusual number of logins (significantly above normal, z=2.23)"
GHH0288,2011-02-07,1,0.003246541178267,0,"Flagged due to: logins from unusual number of PCs (significantly above normal, z=2.53); unusual number of logins (significantly above normal, z=2.23)"
GHH0288,2011-02-15,1,0.1041612440597605,0,"Flagged due to: unusual email activity (extremely below normal, z=-5.28); logins from unusual number of PCs (significantly above normal, z=2.53)"
GHH0288,2011-03-07,1,0.008202792070808,0,"Flagged due to: logins from unusual number of PCs (significantly above normal, z=2.53); unusual file access activity (significantly above normal, z=2.48)"
GHH0288,2011-03-10,1,0.0112863599844212,0,"Flagged due to: logins from unusual number of PCs (significantly above normal, z=2.53); unusual number of logins (significantly above normal, z=2.23)"
GHH0288,2011-03-11,1,0.0075233111229886,0,"Flagged due to: after-hours login activity (extremely above normal, z=5.53); unusual number of logins (significantly above normal, z=2.23)"
GHL0460,2010-11-03,1,0.1338147614939241,0,"Flagged due to: unusual file access activity (extremely above normal, z=11.36); unusual number of logins (extremely above normal, z=10.61)"
GHL0460,2010-11-09,1,0.0479763484620012,1,"Flagged due to: unusual number of logins (extremely above normal, z=10.61); after-hours login activity (extremely above normal, z=10.61)"
GHL0460,2010-11-12,1,0.1338147614939241,0,"Flagged due to: high USB device usage (extremely above normal, z=12.5); unusual number of logins (extremely above normal, z=10.61)"
GKO0078,2010-01-25,1,0.0994026877554652,0,"Flagged due to: unusual email activity (extremely below normal, z=-7.7); unusual number of logins (somewhat above normal, z=1.91)"
GKO0078,2010-03-04,1,0.0224088369989187,0,"Flagged due to: unusual email activity (extremely below normal, z=-3.26); unusual number of logins (somewhat above normal, z=1.91)"
GKO0078,2010-05-26,1,0.0304804487167534,0,"Flagged due to: unusual email activity (extremely below normal, z=-6.81); unusual file access activity (significantly above normal, z=2.22)"
GKO0078,2010-07-06,1,0.0085210747049245,0,"Flagged due to: unusual number of logins (significantly below normal, z=-2.59); unusual file access activity (significantly above normal, z=2.22)"
GKO0078,2010-10-26,1,0.0045789332939784,0,"Flagged due to: unusual email activity (extremely below normal, z=-4.59); unusual number of logins (somewhat above normal, z=1.91)"
GKO0078,2011-02-22,1,0.0537518537863316,0,"Flagged due to: unusual email activity (extremely below normal, z=-5.92); unusual file access activity (significantly above normal, z=2.93)"
GNS0178,2010-01-06,1,0.0296981614925161,0,"Flagged due to: logins from unusual number of PCs (extremely above normal, z=3.51); unusual number of logins (significantly above normal, z=2.09)"
GNS0178,2010-01-28,1,0.0047393772231306,0,"Flagged due to: logins from unusual number of PCs (extremely above normal, z=3.51); unusual number of logins (significantly above normal, z=2.09)"
GNS0178,2010-02-09,1,0.041607251907342,0,"Flagged due to: after-hours login activity (extremely above normal, z=3.14); unusual number of logins (significantly above normal, z=2.09)"
GNS0178,2010-03-05,1,0.009822070991755,0,"Flagged due to: after-hours login activity (extremely above normal, z=6.57); unusual number of logins (extremely above normal, z=4.07)"
GNS0178,2010-04-27,1,0.0284987798334622,0,"Flagged due to: logins from unusual number of PCs (extremely above normal, z=3.51); after-hours login activity (extremely above normal, z=3.14)"
GNS0178,2010-06-01,1,0.0252700763170246,0,"Flagged due to: logins from unusual number of PCs (extremely above normal, z=3.51); high USB device usage (significantly above normal, z=2.32)"
GNS0178,2010-06-02,1,0.0114180373877995,0,"Flagged due to: high USB device usage (extremely above normal, z=3.8); unusual number of logins (somewhat below normal, z=-1.86)"
GNS0178,2010-07-15,1,0.0054544743154973,0,"Flagged due to: after-hours login activity (extremely above normal, z=3.14); unusual number of logins (significantly above normal, z=2.09)"
GNS0178,2010-07-21,1,0.0534443572013709,0,"Flagged due to: after-hours login activity (extremely above normal, z=3.14); high USB device usage (significantly above normal, z=2.32)"
GNS0178,2010-07-22,1,0.0909232581308427,0,"Flagged due to: unusual number of logins (extremely above normal, z=4.07); logins from unusual number of PCs (extremely above normal, z=3.51)"
GNS0178,2010-08-05,1,0.0184043470135202,0,"Flagged due to: after-hours login activity (extremely above normal, z=3.14); unusual number of logins (significantly above normal, z=2.09)"
GNS0178,2010-11-11,1,0.0465032875672269,0,"Flagged due to: after-hours login activity (extremely above normal, z=3.14); unusual number of logins (significantly above normal, z=2.09)"
GNS0178,2010-11-13,1,0.0865928057747789,0,"Flagged due to: unusual email activity (extremely below normal, z=-5.19); after-hours login activity (extremely above normal, z=3.14)"
GNS0178,2010-11-23,1,0.0540615895184491,0,"Flagged due to: high USB device usage (extremely above normal, z=3.8); logins from unusual number of PCs (extremely above normal, z=3.51)"
GNS0178,2010-12-14,1,0.0313455732275216,0,"Flagged due to: logins from unusual number of PCs (extremely above normal, z=3.51); after-hours login activity (extremely above normal, z=3.14)"
GNS0178,2011-01-03,1,0.0251688382918304,0,"Flagged due to: after-hours login activity (extremely above normal, z=3.14); high USB device usage (significantly above normal, z=2.32)"
GNS0178,2011-01-08,1,0.0865928057747789,0,"Flagged due to: unusual email activity (extremely below normal, z=-5.19); after-hours login activity (extremely above normal, z=3.14)"
GNS0178,2011-01-17,1,0.0273734176398218,0,"Flagged due to: unusual email activity (extremely below normal, z=-5.19); emails sent to external addresses (significantly below normal, z=-2.07)"
GNS0178,2011-01-18,1,0.0969440623614428,0,"Flagged due to: unusual email activity (extremely below normal, z=-5.19); after-hours login activity (extremely above normal, z=3.14)"
GNS0178,2011-02-22,1,0.019289201939568,0,"Flagged due to: logins from unusual number of PCs (extremely above normal, z=3.51); unusual number of logins (significantly above normal, z=2.09)"
GNS0178,2011-02-23,1,0.0508541390472885,0,"Flagged due to: after-hours login activity (extremely above normal, z=3.14); high USB device usage (significantly above normal, z=2.32)"
GNS0178,2011-03-02,1,0.0049437973304763,0,"Flagged due to: after-hours login activity (extremely above normal, z=3.14); unusual number of logins (significantly above normal, z=2.09)"
GNS0178,2011-03-10,1,0.0089706501021125,0,"Flagged due to: unusual email activity (extremely below normal, z=-5.19); emails sent to external addresses (significantly below normal, z=-2.07)"
GNS0178,2011-04-20,1,0.0133303280959201,0,"Flagged due to: unusual email activity (extremely below normal, z=-3.96); high USB device usage (significantly above normal, z=2.32)"
GNS0178,2011-05-06,1,0.1016039392091303,0,"Flagged due to: unusual email activity (extremely below normal, z=-3.35); after-hours login activity (extremely above normal, z=3.14)"
GNS0178,2011-05-13,1,0.0802823975843661,0,"Flagged due to: unusual email activity (extremely below normal, z=-4.58); logins from unusual number of PCs (extremely above normal, z=3.51)"
GTD0219,2010-01-15,1,0.020063439760026,0,"Flagged due to: high USB device usage (somewhat below normal, z=-1.86); unusual number of logins (somewhat below normal, z=-1.45)"
GTD0219,2010-01-25,1,0.0012296939919522,0,"Flagged due to: unusual email activity (significantly below normal, z=-2.56); emails sent to external addresses (significantly below normal, z=-2.5)"
GTD0219,2010-01-28,1,0.0351929589885201,0,"Flagged due to: high USB device usage (somewhat below normal, z=-1.86); unusual file access activity (somewhat below normal, z=-1.56)"
GTD0219,2010-02-08,1,0.1004543730483316,0,"Flagged due to: unusual email activity (extremely below normal, z=-6.39); emails sent to external addresses (significantly below normal, z=-2.12)"
GTD0219,2010-02-19,1,0.0692835885404946,0,"Flagged due to: high USB device usage (somewhat below normal, z=-1.86); after-hours login activity (somewhat below normal, z=-1.74)"
GTD0219,2010-02-23,1,0.0020492319931242,0,"Flagged due to: unusual number of logins (somewhat above normal, z=1.96); logins from unusual number of PCs (somewhat above normal, z=1.96)"
GTD0219,2010-02-24,1,0.0169298854027722,0,"Flagged due to: after-hours login activity (somewhat above normal, z=1.96); high USB device usage (somewhat above normal, z=1.79)"
GTD0219,2010-03-08,1,0.0254446738632333,0,"Flagged due to: after-hours login activity (somewhat below normal, z=-1.74); unusual number of logins (somewhat below normal, z=-1.45)"
GTD0219,2010-03-11,1,0.0351929589885201,0,"Flagged due to: high USB device usage (somewhat below normal, z=-1.86); unusual file access activity (somewhat below normal, z=-1.56)"
GTD0219,2010-04-09,1,0.0049951202460912,0,"Flagged due to: unusual file access activity (significantly above normal, z=2.15); unusual number of logins (somewhat above normal, z=1.28)"
GTD0219,2010-04-16,1,0.0140636663937649,0,"Flagged due to: after-hours login activity (somewhat above normal, z=1.96); high USB device usage (somewhat above normal, z=1.79)"
GTD0219,2010-04-23,1,0.0178796209144133,0,"Flagged due to: unusual number of logins (somewhat below normal, z=-1.45); logins from unusual number of PCs (somewhat below normal, z=-1.45)"
GTD0219,2010-04-30,1,0.0060175773421821,0,"Flagged due to: unusual number of logins (somewhat below normal, z=-1.45); logins from unusual number of PCs (somewhat below normal, z=-1.45)"
GTD0219,2010-05-04,1,0.0091573183036237,0,"Flagged due to: unusual file access activity (extremely above normal, z=3.14); emails sent to external addresses (somewhat above normal, z=1.35)"
GTD0219,2010-05-18,1,0.0053788350017143,0,"Flagged due to: emails sent to external addresses (somewhat above normal, z=1.73); unusual number of logins (somewhat below normal, z=-1.45)"
GTD0219,2010-05-25,1,0.0163948521237909,0,"Flagged due to: high USB device usage (somewhat above normal, z=1.79); unusual file access activity (somewhat above normal, z=1.72)"
GZC0735,2010-06-01,1,0.0569621204100169,0,"Flagged due to: unusual email activity (extremely below normal, z=-7.66); high USB device usage (significantly above normal, z=2.29)"
GZC0735,2010-06-14,1,0.0344989953289948,0,"Flagged due to: unusual file access activity (extremely above normal, z=4.4); unusual number of logins (significantly above normal, z=2.48)"
GZC0735,2010-10-26,1,0.0154626314477342,0,"Flagged due to: unusual number of logins (significantly above normal, z=2.48); unusual file access activity (significantly above normal, z=2.28)"
GZC0735,2011-03-08,1,0.0055600362436462,0,"Flagged due to: unusual number of logins (significantly above normal, z=2.48); logins from unusual number of PCs (somewhat above normal, z=1.77)"
GZC0735,2011-04-28,1,0.0086415552668658,0,"Flagged due to: unusual number of logins (significantly below normal, z=-2.65); high USB device usage (significantly above normal, z=2.29)"
HAD0246,2010-01-10,1,0.0236941969317192,0,"Flagged due to: high USB device usage (significantly above normal, z=2.49); logins from unusual number of PCs (significantly above normal, z=2.44)"
HAD0246,2010-01-21,1,0.0549138569032263,0,"Flagged due to: unusual file access activity (extremely above normal, z=5.37); high USB device usage (significantly above normal, z=2.49)"
HAD0246,2010-01-23,1,0.0310396748440197,0,"Flagged due to: unusual file access activity (significantly above normal, z=2.16); after-hours login activity (significantly above normal, z=2.13)"
HAD0246,2010-02-11,1,0.0262520891084769,0,"Flagged due to: unusual email activity (extremely below normal, z=-5.85); unusual number of logins (somewhat below normal, z=-1.98)"
HAD0246,2010-02-15,1,0.0310396748440197,0,"Flagged due to: unusual file access activity (significantly above normal, z=2.16); after-hours login activity (significantly above normal, z=2.13)"
HAD0246,2010-02-28,1,0.010339533292951,0,"Flagged due to: high USB device usage (significantly above normal, z=2.49); logins from unusual number of PCs (significantly above normal, z=2.44)"
HAD0246,2010-03-24,1,0.0250811450815866,0,"Flagged due to: logins from unusual number of PCs (significantly above normal, z=2.44); unusual file access activity (significantly above normal, z=2.16)"
HAD0246,2010-03-27,1,0.0026817986884096,0,"Flagged due to: logins from unusual number of PCs (significantly above normal, z=2.44); unusual number of logins (somewhat above normal, z=1.56)"
HAD0246,2010-03-28,1,0.0891793919431085,0,"Flagged due to: unusual email activity (extremely below normal, z=-8.45); after-hours login activity (significantly above normal, z=2.13)"
HAD0246,2010-04-03,1,0.0290384748469023,0,"Flagged due to: unusual email activity (extremely below normal, z=-3.25); after-hours login activity (significantly above normal, z=2.13)"
HAD0246,2010-04-09,1,0.0020061953792763,0,"Flagged due to: unusual number of logins (extremely above normal, z=3.32); logins from unusual number of PCs (significantly above normal, z=2.44)"
HAD0246,2010-04-18,1,0.0583863005973598,0,"Flagged due to: unusual number of logins (extremely above normal, z=3.32); logins from unusual number of PCs (significantly above normal, z=2.44)"
HAD0246,2010-04-19,1,0.0024210156665768,0,"Flagged due to: unusual file access activity (extremely above normal, z=4.08); high USB device usage (significantly above normal, z=2.49)"
HAD0246,2010-05-02,1,0.0639997539934961,0,"Flagged due to: high USB device usage (significantly above normal, z=2.49); logins from unusual number of PCs (significantly above normal, z=2.44)"
HAD0246,2010-05-13,1,0.0317811481032371,0,"Flagged due to: high USB device usage (significantly above normal, z=2.49); after-hours login activity (significantly above normal, z=2.13)"
HAD0246,2010-05-30,1,0.0891793919431085,0,"Flagged due to: unusual email activity (extremely below normal, z=-8.45); after-hours login activity (significantly above normal, z=2.13)"
HAD0246,2010-06-12,1,0.0159994007038298,0,"Flagged due to: logins from unusual number of PCs (significantly above normal, z=2.44); after-hours login activity (significantly above normal, z=2.13)"
HAD0246,2010-06-17,1,0.0091022811477879,0,"Flagged due to: high USB device usage (extremely above normal, z=4.08); logins from unusual number of PCs (significantly above normal, z=2.44)"
HAD0246,2010-07-02,1,0.0147712018279529,0,"Flagged due to: unusual email activity (extremely below normal, z=-4.12); logins from unusual number of PCs (significantly above normal, z=2.44)"
HAD0246,2010-07-08,1,0.0088514153865684,0,"Flagged due to: high USB device usage (extremely above normal, z=4.08); unusual file access activity (significantly above normal, z=2.8)"
HAD0246,2010-07-13,1,0.0123263439645749,0,"Flagged due to: logins from unusual number of PCs (significantly above normal, z=2.44); unusual file access activity (significantly above normal, z=2.16)"
HAD0246,2010-07-23,1,0.0098696067163127,0,"Flagged due to: logins from unusual number of PCs (significantly above normal, z=2.44); unusual number of logins (somewhat above normal, z=1.56)"
HAD0246,2010-07-27,1,0.0071957265280047,0,"Flagged due to: logins from unusual number of PCs (significantly above normal, z=2.44); unusual file access activity (significantly above normal, z=2.16)"
HAD0246,2010-08-10,1,0.0810755804584779,0,"Flagged due to: unusual number of logins (extremely above normal, z=5.09); after-hours login activity (extremely above normal, z=4.71)"
HAD0246,2010-08-17,1,0.0084533274670217,0,"Flagged due to: logins from unusual number of PCs (significantly above normal, z=2.44); after-hours login activity (significantly above normal, z=2.13)"
HAD0246,2010-08-18,1,0.0114926091052973,0,"Flagged due to: unusual file access activity (extremely above normal, z=4.08); logins from unusual number of PCs (significantly above normal, z=2.44)"
HAD0246,2010-08-28,1,0.0584684680227938,0,"Flagged due to: unusual number of logins (extremely above normal, z=3.32); logins from unusual number of PCs (significantly above normal, z=2.44)"
HAD0246,2010-08-31,1,0.0652019583122933,0,"Flagged due to: unusual number of logins (extremely above normal, z=3.32); logins from unusual number of PCs (significantly above normal, z=2.44)"
HAD0246,2010-10-01,1,0.011027174436599,0,"Flagged due to: unusual file access activity (significantly above normal, z=2.16); after-hours login activity (significantly above normal, z=2.13)"
HAD0246,2010-10-06,1,0.0211011555909146,0,"Flagged due to: after-hours login activity (extremely above normal, z=4.71); unusual number of logins (extremely above normal, z=3.32)"
HAD0246,2010-10-27,1,0.025519965197471,0,"Flagged due to: unusual file access activity (extremely above normal, z=4.08); high USB device usage (significantly above normal, z=2.49)"
HAD0246,2010-11-15,1,0.1086033976591898,0,"Flagged due to: high USB device usage (significantly above normal, z=2.49); logins from unusual number of PCs (significantly above normal, z=2.44)"
HAD0246,2010-12-16,1,0.0453672823752405,0,"Flagged due to: unusual number of logins (extremely above normal, z=3.32); logins from unusual number of PCs (significantly above normal, z=2.44)"
HAD0246,2011-01-22,1,0.0165660153458289,0,"Flagged due to: high USB device usage (extremely above normal, z=4.08); unusual file access activity (extremely above normal, z=3.44)"
HAD0246,2011-02-05,1,0.014027096506728,0,"Flagged due to: logins from unusual number of PCs (significantly above normal, z=2.44); after-hours login activity (significantly above normal, z=2.13)"
HAD0246,2011-02-09,1,0.0244568305897512,0,"Flagged due to: unusual email activity (extremely below normal, z=-3.25); after-hours login activity (significantly above normal, z=2.13)"
HAD0246,2011-02-25,1,0.0031725235161412,0,"Flagged due to: logins from unusual number of PCs (significantly above normal, z=2.44); after-hours login activity (significantly above normal, z=2.13)"
HAD0246,2011-03-29,1,0.0612066520738984,0,"Flagged due to: logins from unusual number of PCs (significantly above normal, z=2.44); after-hours login activity (significantly above normal, z=2.13)"
HAD0246,2011-04-07,1,0.0010345319006842,0,"Flagged due to: unusual file access activity (extremely above normal, z=3.44); unusual number of logins (somewhat below normal, z=-1.98)"
HAD0246,2011-04-25,1,0.0480036185481974,0,"Flagged due to: unusual email activity (extremely below normal, z=-4.99); logins from unusual number of PCs (significantly above normal, z=2.44)"
HAD0246,2011-05-01,1,0.1051794899726642,0,"Flagged due to: unusual number of logins (extremely above normal, z=3.32); logins from unusual number of PCs (significantly above normal, z=2.44)"
HAD0246,2011-05-08,1,0.1195624224863116,0,"Flagged due to: unusual file access activity (extremely above normal, z=4.73); high USB device usage (significantly above normal, z=2.49)"
HAD0246,2011-05-16,1,0.0077279690771494,0,"Flagged due to: unusual email activity (extremely below normal, z=-7.59); emails sent to external addresses (somewhat below normal, z=-1.51)"
HAH0760,2010-03-24,1,0.0240733205501166,0,"Flagged due to: unusual email activity (extremely below normal, z=-4.7); unusual number of logins (somewhat below normal, z=-1.81)"
HAH0760,2011-01-03,1,0.0137870463456812,0,"Flagged due to: unusual email activity (extremely below normal, z=-7.2); unusual number of logins (somewhat below normal, z=-1.81)"
HBO0413,2011-03-14,1,0.0188870804170803,1,"Flagged due to: high USB device usage (extremely above normal, z=4.53); unusual file access activity (extremely above normal, z=3.68)"
HCL0651,2010-01-06,1,0.0870997661472472,0,"Flagged due to: unusual email activity (extremely below normal, z=-8.89); unusual number of logins (significantly below normal, z=-2.19)"
HCL0651,2010-03-01,1,0.0107515970185256,0,"Flagged due to: logins from unusual number of PCs (extremely above normal, z=3.5); unusual file access activity (significantly above normal, z=2.21)"
HCL0651,2010-07-08,1,0.0452774018396355,0,"Flagged due to: logins from unusual number of PCs (extremely above normal, z=3.5); unusual number of logins (significantly above normal, z=2.9)"
HCL0651,2010-08-04,1,0.0141061656971849,0,"Flagged due to: after-hours login activity (extremely above normal, z=10.68); logins from unusual number of PCs (extremely above normal, z=3.5)"
HCL0651,2010-08-18,1,0.0190350283150422,0,"Flagged due to: logins from unusual number of PCs (extremely above normal, z=3.5); high USB device usage (somewhat below normal, z=-1.98)"
HCL0651,2010-08-23,1,0.02435610363022,0,"Flagged due to: unusual email activity (significantly below normal, z=-2.84); unusual number of logins (significantly below normal, z=-2.19)"
HCL0651,2010-09-07,1,0.0855222645634137,0,"Flagged due to: logins from unusual number of PCs (extremely above normal, z=3.5); unusual number of logins (significantly above normal, z=2.9)"
HCL0651,2010-10-01,1,0.096590254831235,0,"Flagged due to: after-hours login activity (extremely above normal, z=10.68); logins from unusual number of PCs (extremely above normal, z=3.5)"
HCL0651,2010-10-04,1,0.0178670420206766,0,"Flagged due to: unusual email activity (significantly below normal, z=-2.84); unusual file access activity (significantly above normal, z=2.21)"
HCL0651,2011-01-28,1,0.0706258327043559,0,"Flagged due to: unusual email activity (extremely below normal, z=-8.89); emails sent to external addresses (somewhat below normal, z=-1.85)"
HCL0651,2011-02-14,1,0.008062314078081,0,"Flagged due to: unusual email activity (extremely below normal, z=-5.86); unusual file access activity (somewhat above normal, z=1.76)"
HCL0651,2011-03-29,1,0.0487229950726376,0,"Flagged due to: after-hours login activity (extremely above normal, z=10.68); logins from unusual number of PCs (extremely above normal, z=3.5)"
HCM0267,2010-12-07,1,0.0019236006750626,0,"Flagged due to: unusual email activity (extremely below normal, z=-5.87); high USB device usage (extremely below normal, z=-5.3)"
HCS0003,2010-06-15,1,0.0012142994243813,0,"Flagged due to: unusual email activity (extremely below normal, z=-8.22); emails sent to external addresses (somewhat below normal, z=-1.91)"
HCS0003,2010-08-19,1,0.022234691289192,0,"Flagged due to: unusual email activity (extremely below normal, z=-7.45); emails sent to external addresses (somewhat below normal, z=-1.91)"
HCS0003,2010-08-30,1,0.0042519115037474,0,"Flagged due to: unusual email activity (extremely below normal, z=-7.83); emails sent to external addresses (significantly below normal, z=-2.75)"
HCS0003,2010-12-17,1,0.0104144290882983,0,"Flagged due to: unusual email activity (extremely below normal, z=-7.83); emails sent to external addresses (significantly below normal, z=-2.42)"
HDD0806,2010-07-23,1,0.0175375095484104,0,"Flagged due to: after-hours login activity (extremely above normal, z=6.47); logins from unusual number of PCs (significantly above normal, z=2.6)"
HDD0806,2010-07-25,1,0.0362431308002548,0,"Flagged due to: after-hours login activity (extremely above normal, z=6.47); logins from unusual number of PCs (extremely above normal, z=5.52)"
HDD0806,2010-08-20,1,0.1312818630414863,0,"Flagged due to: unusual email activity (extremely below normal, z=-8.03); after-hours login activity (extremely above normal, z=6.47)"
HDD0806,2010-09-01,1,0.021178318280616,0,"Flagged due to: after-hours login activity (extremely above normal, z=6.47); logins from unusual number of PCs (significantly above normal, z=2.6)"
HDD0806,2010-09-15,1,0.0121000924766668,0,"Flagged due to: after-hours login activity (extremely above normal, z=6.47); logins from unusual number of PCs (significantly above normal, z=2.6)"
HDD0806,2011-01-11,1,0.0024445093240756,0,"Flagged due to: after-hours login activity (extremely above normal, z=6.47); logins from unusual number of PCs (significantly above normal, z=2.6)"
HDD0806,2011-01-29,1,0.000273490977009,0,"Flagged due to: logins from unusual number of PCs (extremely above normal, z=5.52); unusual number of logins (extremely above normal, z=4.84)"
HDD0806,2011-04-08,1,0.0185692629102562,0,"Flagged due to: after-hours login activity (extremely above normal, z=6.47); logins from unusual number of PCs (significantly above normal, z=2.6)"
HDH0928,2010-01-26,1,0.0291203229193589,0,"Flagged due to: unusual email activity (extremely below normal, z=-6.94); high USB device usage (somewhat below normal, z=-1.92)"
HDH0928,2010-06-04,1,0.0058988655941695,0,"Flagged due to: unusual email activity (extremely below normal, z=-9.34); emails sent to external addresses (somewhat below normal, z=-1.11)"
HDH0928,2011-01-10,1,0.0463091226265548,0,"Flagged due to: unusual email activity (extremely below normal, z=-8.14); high USB device usage (somewhat below normal, z=-1.92)"
HDS0367,2010-01-06,1,0.0161718636698001,0,"Flagged due to: after-hours login activity (significantly above normal, z=2.02); emails sent to external addresses (somewhat above normal, z=1.49)"
HDS0367,2010-01-13,1,0.0415289052033008,0,"Flagged due to: after-hours login activity (significantly above normal, z=2.02); high USB device usage (somewhat above normal, z=1.75)"
HDS0367,2010-01-14,1,0.0188550084437533,0,"Flagged due to: after-hours login activity (somewhat below normal, z=-1.76); high USB device usage (somewhat below normal, z=-1.68)"
HDS0367,2010-01-15,1,0.0595819390989846,0,"Flagged due to: unusual file access activity (extremely above normal, z=3.77); high USB device usage (significantly above normal, z=2.32)"
HDS0367,2010-01-20,1,0.0885992957082578,0,"Flagged due to: unusual email activity (significantly below normal, z=-2.97); emails sent to external addresses (somewhat below normal, z=-1.96)"
HDS0367,2010-01-27,1,0.0100929510584099,0,"Flagged due to: unusual number of logins (somewhat below normal, z=-1.85); logins from unusual number of PCs (somewhat below normal, z=-1.39)"
HDS0367,2010-02-02,1,0.004432262284462,0,"Flagged due to: after-hours login activity (somewhat below normal, z=-1.76); logins from unusual number of PCs (somewhat below normal, z=-1.39)"
HDS0367,2010-02-03,1,0.0222112184850055,0,"Flagged due to: unusual email activity (significantly below normal, z=-2.97); logins from unusual number of PCs (somewhat below normal, z=-1.39)"
HDS0367,2010-02-05,1,0.0084379824664524,0,"Flagged due to: unusual number of logins (somewhat below normal, z=-1.85); high USB device usage (somewhat below normal, z=-1.68)"
HDS0367,2010-02-08,1,0.0278484179980557,0,"Flagged due to: high USB device usage (somewhat below normal, z=-1.68); unusual file access activity (somewhat below normal, z=-1.48)"
HDS0367,2010-02-11,1,0.0335960612330029,0,"Flagged due to: high USB device usage (somewhat below normal, z=-1.68); unusual file access activity (somewhat below normal, z=-1.48)"
HDS0367,2010-02-16,1,0.042315548146369,0,"Flagged due to: high USB device usage (significantly below normal, z=-2.25); unusual file access activity (somewhat below normal, z=-1.48)"
HDS0367,2010-02-23,1,0.0554558593400459,0,"Flagged due to: emails sent to external addresses (somewhat below normal, z=-1.96); unusual number of logins (somewhat below normal, z=-1.85)"
HDS0367,2010-02-24,1,0.0307221583287202,0,"Flagged due to: high USB device usage (significantly below normal, z=-2.25); unusual file access activity (somewhat below normal, z=-1.48)"
HDS0367,2010-03-02,1,0.0507959819849334,0,"Flagged due to: unusual email activity (extremely below normal, z=-4.97); high USB device usage (somewhat below normal, z=-1.68)"
HDS0367,2010-03-08,1,0.0373285356628858,0,"Flagged due to: emails sent to external addresses (somewhat below normal, z=-1.96); unusual number of logins (somewhat above normal, z=1.48)"
HDS0367,2010-03-10,1,0.0550790564672023,0,"Flagged due to: unusual email activity (extremely below normal, z=-4.97); emails sent to external addresses (somewhat below normal, z=-1.96)"
HDS0367,2010-03-12,1,0.0134839281104244,0,"Flagged due to: after-hours login activity (significantly above normal, z=2.02); unusual file access activity (somewhat above normal, z=1.97)"
HDS0367,2010-03-24,1,0.0312089529949607,0,"Flagged due to: after-hours login activity (significantly above normal, z=2.02); unusual file access activity (somewhat above normal, z=1.67)"
HDS0367,2010-04-01,1,0.03322296848375,0,"Flagged due to: high USB device usage (significantly above normal, z=2.32); after-hours login activity (significantly above normal, z=2.02)"
HDS0367,2010-04-09,1,0.014928650883533,0,"Flagged due to: high USB device usage (somewhat below normal, z=-1.68); logins from unusual number of PCs (somewhat below normal, z=-1.39)"
HDS0367,2010-04-21,1,0.0062071370313965,0,"Flagged due to: unusual email activity (extremely below normal, z=-4.97); emails sent to external addresses (somewhat below normal, z=-1.62)"
HDS0367,2010-05-03,1,0.0480802511759349,0,"Flagged due to: high USB device usage (significantly below normal, z=-2.25); after-hours login activity (somewhat below normal, z=-1.76)"
HDS0367,2010-05-12,1,0.0233158538415347,0,"Flagged due to: high USB device usage (somewhat below normal, z=-1.68); unusual file access activity (somewhat below normal, z=-1.48)"
HDS0367,2010-05-13,1,0.0141855310913301,0,"Flagged due to: unusual number of logins (somewhat below normal, z=-1.85); logins from unusual number of PCs (somewhat below normal, z=-1.39)"
HDS0367,2010-05-17,1,0.0140311957532549,0,"Flagged due to: unusual email activity (somewhat below normal, z=-1.65); unusual number of logins (somewhat above normal, z=1.48)"
HDS0367,2010-06-03,1,0.0135718928817057,0,"Flagged due to: high USB device usage (significantly above normal, z=2.32); unusual number of logins (somewhat above normal, z=1.48)"
HDS0367,2010-06-18,1,0.0011536043669619,0,"Flagged due to: logins from unusual number of PCs (somewhat below normal, z=-1.39); unusual number of logins (somewhat below normal, z=-1.19)"
HDS0367,2010-06-22,1,0.018173327836079,0,"Flagged due to: high USB device usage (somewhat above normal, z=1.75); unusual number of logins (somewhat above normal, z=1.48)"
HDS0367,2010-06-28,1,0.0582385069197447,0,"Flagged due to: high USB device usage (significantly above normal, z=2.32); unusual file access activity (somewhat above normal, z=1.97)"
HDS0367,2010-07-08,1,0.1220674675351239,0,"Flagged due to: unusual email activity (extremely below normal, z=-6.96); unusual file access activity (extremely above normal, z=3.02)"
HDS0367,2010-07-21,1,0.0076733794337384,0,"Flagged due to: after-hours login activity (significantly above normal, z=2.02); unusual number of logins (somewhat above normal, z=1.48)"
HDS0367,2010-08-02,1,0.0393943798332304,0,"Flagged due to: high USB device usage (somewhat below normal, z=-1.68); emails sent to external addresses (somewhat above normal, z=1.49)"
HDS0367,2010-08-03,1,0.0233536816438426,0,"Flagged due to: high USB device usage (somewhat below normal, z=-1.68); logins from unusual number of PCs (somewhat below normal, z=-1.39)"
HDS0367,2010-08-05,1,0.0098461042584355,0,"Flagged due to: unusual file access activity (somewhat below normal, z=-1.48); logins from unusual number of PCs (somewhat below normal, z=-1.39)"
HDS0367,2010-08-17,1,0.0211756105522888,0,"Flagged due to: emails sent to external addresses (somewhat below normal, z=-1.96); high USB device usage (somewhat above normal, z=1.75)"
HDS0367,2010-08-19,1,0.0005526028679793,0,"Flagged due to: unusual number of logins (somewhat below normal, z=-1.85); high USB device usage (somewhat below normal, z=-1.68)"
HDS0367,2010-08-26,1,0.0080918633436867,0,"Flagged due to: high USB device usage (somewhat below normal, z=-1.68); logins from unusual number of PCs (somewhat below normal, z=-1.39)"
HDS0367,2010-09-15,1,0.0489430438144317,0,"Flagged due to: unusual file access activity (extremely above normal, z=3.02); after-hours login activity (significantly above normal, z=2.02)"
HDS0367,2010-09-28,1,0.0307221583287202,0,"Flagged due to: high USB device usage (significantly below normal, z=-2.25); unusual file access activity (somewhat below normal, z=-1.48)"
HDS0367,2010-09-29,1,0.0058557784050552,0,"Flagged due to: unusual email activity (extremely below normal, z=-4.3); unusual number of logins (somewhat above normal, z=1.48)"
HDS0367,2010-10-12,1,0.0245665561174596,0,"Flagged due to: after-hours login activity (somewhat below normal, z=-1.76); logins from unusual number of PCs (somewhat below normal, z=-1.39)"
HDS0367,2010-10-19,1,0.026443475622756,0,"Flagged due to: after-hours login activity (somewhat below normal, z=-1.76); emails sent to external addresses (somewhat below normal, z=-1.62)"
HDS0367,2010-11-02,1,0.0105428965404116,0,"Flagged due to: unusual number of logins (somewhat above normal, z=1.48); logins from unusual number of PCs (somewhat above normal, z=1.41)"
HDS0367,2010-11-15,1,0.0345388692415008,0,"Flagged due to: after-hours login activity (significantly above normal, z=2.02); unusual file access activity (somewhat above normal, z=1.97)"
HDS0367,2010-11-19,1,0.0108040205315865,0,"Flagged due to: unusual file access activity (significantly above normal, z=2.27); emails sent to external addresses (somewhat below normal, z=-1.62)"
HDS0367,2010-11-29,1,0.0005682960888532,0,"Flagged due to: unusual file access activity (significantly above normal, z=2.57); high USB device usage (somewhat above normal, z=1.75)"
HDS0367,2010-12-01,1,0.0142630774026689,0,"Flagged due to: unusual file access activity (somewhat above normal, z=1.82); unusual number of logins (somewhat above normal, z=1.48)"
HDS0367,2010-12-06,1,0.0335960612330029,0,"Flagged due to: high USB device usage (somewhat below normal, z=-1.68); unusual file access activity (somewhat below normal, z=-1.48)"
HDS0367,2010-12-30,1,0.052627529451227,0,"Flagged due to: unusual email activity (extremely below normal, z=-6.96); emails sent to external addresses (somewhat below normal, z=-1.96)"
HDS0367,2011-01-07,1,0.0365249966557299,0,"Flagged due to: unusual file access activity (significantly above normal, z=2.57); high USB device usage (somewhat above normal, z=1.75)"
HDS0367,2011-01-17,1,0.0584310899422958,0,"Flagged due to: high USB device usage (significantly below normal, z=-2.25); after-hours login activity (somewhat below normal, z=-1.76)"
HDS0367,2011-01-25,1,0.0112361832132527,0,"Flagged due to: unusual file access activity (somewhat below normal, z=-1.48); logins from unusual number of PCs (somewhat below normal, z=-1.39)"
HDS0367,2011-01-26,1,0.0833455505584825,0,"Flagged due to: unusual email activity (extremely below normal, z=-4.3); after-hours login activity (significantly above normal, z=2.02)"
HDS0367,2011-02-14,1,0.0529316706835436,0,"Flagged due to: after-hours login activity (somewhat below normal, z=-1.76); high USB device usage (somewhat below normal, z=-1.68)"
HDS0367,2011-02-15,1,0.024068043086096,0,"Flagged due to: unusual number of logins (somewhat below normal, z=-1.85); high USB device usage (somewhat below normal, z=-1.68)"
HDS0367,2011-03-01,1,0.0052104321825767,0,"Flagged due to: unusual file access activity (somewhat above normal, z=1.97); high USB device usage (somewhat above normal, z=1.75)"
HDS0367,2011-03-07,1,0.0015424100607965,0,"Flagged due to: unusual number of logins (somewhat below normal, z=-1.85); after-hours login activity (somewhat below normal, z=-1.76)"
HDS0367,2011-03-14,1,0.0077782173030792,0,"Flagged due to: high USB device usage (significantly above normal, z=2.32); unusual number of logins (somewhat above normal, z=1.48)"
HDS0367,2011-04-06,1,0.0358873018644101,0,"Flagged due to: unusual number of logins (somewhat below normal, z=-1.85); high USB device usage (somewhat below normal, z=-1.68)"
HDS0367,2011-04-08,1,0.0154885643009986,0,"Flagged due to: unusual number of logins (somewhat above normal, z=1.48); logins from unusual number of PCs (somewhat above normal, z=1.41)"
HDS0367,2011-04-11,1,0.0319424781041658,0,"Flagged due to: after-hours login activity (significantly above normal, z=2.02); high USB device usage (somewhat above normal, z=1.75)"
HDS0367,2011-04-26,1,0.0497768442782832,0,"Flagged due to: unusual number of logins (somewhat below normal, z=-1.85); high USB device usage (somewhat below normal, z=-1.68)"
HDS0367,2011-05-02,1,0.0064863928837756,0,"Flagged due to: unusual number of logins (somewhat above normal, z=1.48); logins from unusual number of PCs (somewhat above normal, z=1.41)"
HDS0367,2011-05-05,1,0.0186765105674463,0,"Flagged due to: after-hours login activity (significantly above normal, z=2.02); high USB device usage (somewhat above normal, z=1.75)"
HFB0347,2010-08-31,1,0.0513641104100329,0,"Flagged due to: unusual email activity (extremely below normal, z=-6.62); high USB device usage (significantly above normal, z=2.64)"
HJB0742,2010-11-16,1,0.1274722084269853,0,"Flagged due to: after-hours login activity (extremely above normal, z=15.33); high USB device usage (extremely above normal, z=15.33)"
HJB0742,2010-11-19,1,0.0630756892559433,1,"Flagged due to: after-hours login activity (extremely above normal, z=15.33); high USB device usage (extremely above normal, z=5.07)"
HJB0742,2010-11-23,1,0.0936090061619092,1,"Flagged due to: after-hours login activity (extremely above normal, z=15.33); unusual file access activity (extremely above normal, z=10.2)"
HJB0742,2010-11-24,1,0.1020346178702018,1,"Flagged due to: after-hours login activity (extremely above normal, z=15.33); unusual email activity (extremely below normal, z=-6.37)"
HLH0512,2010-01-22,1,0.0323622363947485,0,"Flagged due to: unusual number of logins (extremely above normal, z=7.32); logins from unusual number of PCs (extremely above normal, z=7.32)"
HLH0512,2011-01-04,1,0.0244663664432597,0,"Flagged due to: unusual number of logins (extremely above normal, z=7.32); logins from unusual number of PCs (extremely above normal, z=7.32)"
HPH0075,2010-05-24,1,0.0054948072129714,0,"Flagged due to: unusual email activity (extremely below normal, z=-7.13); emails sent to external addresses (somewhat below normal, z=-1.33)"
HPH0075,2010-10-25,1,0.0210680184099293,0,"Flagged due to: unusual email activity (extremely below normal, z=-8.06); emails sent to external addresses (somewhat below normal, z=-1.99)"
HRB0351,2010-02-06,1,0.0400581671452544,0,"Flagged due to: logins from unusual number of PCs (extremely above normal, z=3.05); unusual number of logins (significantly above normal, z=2.52)"
HRB0351,2010-04-17,1,0.0454116305374132,0,"Flagged due to: unusual email activity (extremely below normal, z=-10.32); unusual number of logins (significantly below normal, z=-2.01)"
HRB0351,2010-05-12,1,0.002454722421975,0,"Flagged due to: logins from unusual number of PCs (extremely above normal, z=3.05); unusual number of logins (significantly above normal, z=2.52)"
HRB0351,2010-06-11,1,0.0082357395303865,0,"Flagged due to: logins from unusual number of PCs (extremely above normal, z=3.05); unusual number of logins (significantly above normal, z=2.52)"
HRB0351,2010-09-10,1,0.0174652524849224,0,"Flagged due to: unusual email activity (extremely below normal, z=-6.53); unusual file access activity (somewhat above normal, z=1.75)"
HRB0351,2010-09-28,1,0.0657439769136162,0,"Flagged due to: unusual email activity (extremely below normal, z=-3.5); logins from unusual number of PCs (extremely above normal, z=3.05)"
HRB0351,2010-11-17,1,0.0014339906341548,0,"Flagged due to: high USB device usage (significantly above normal, z=2.8); unusual number of logins (significantly below normal, z=-2.01)"
HRB0351,2010-12-21,1,0.0035931383356143,0,"Flagged due to: logins from unusual number of PCs (extremely above normal, z=3.05); unusual number of logins (significantly above normal, z=2.52)"
HRB0351,2010-12-31,1,0.0168006470336183,0,"Flagged due to: logins from unusual number of PCs (extremely above normal, z=3.05); unusual number of logins (significantly above normal, z=2.52)"
HRB0351,2011-01-13,1,0.0214863255151742,0,"Flagged due to: logins from unusual number of PCs (extremely above normal, z=3.05); unusual number of logins (significantly above normal, z=2.52)"
HRB0351,2011-01-21,1,0.071956003490307,0,"Flagged due to: logins from unusual number of PCs (extremely above normal, z=3.05); high USB device usage (significantly above normal, z=2.8)"
HRB0351,2011-03-22,1,0.0162087083960301,0,"Flagged due to: logins from unusual number of PCs (extremely above normal, z=3.05); unusual number of logins (significantly above normal, z=2.52)"
HRD0635,2010-01-20,1,0.015745541131774,0,"Flagged due to: unusual email activity (extremely below normal, z=-9.38); emails sent to external addresses (somewhat below normal, z=-1.2)"
HRL0540,2010-01-06,1,0.0940140264788648,0,"Flagged due to: after-hours login activity (extremely above normal, z=4.69); logins from unusual number of PCs (extremely above normal, z=3.58)"
HRL0540,2010-03-09,1,0.1017214976882373,0,"Flagged due to: high USB device usage (extremely below normal, z=-9.16); unusual email activity (extremely below normal, z=-6.8)"
HRL0540,2010-04-16,1,0.030089342020232,0,"Flagged due to: after-hours login activity (extremely above normal, z=4.69); logins from unusual number of PCs (extremely above normal, z=3.58)"
HRL0540,2010-04-27,1,0.0503729070508028,0,"Flagged due to: after-hours login activity (extremely above normal, z=4.69); logins from unusual number of PCs (extremely above normal, z=3.58)"
HRL0540,2010-05-10,1,0.0399543019776695,0,"Flagged due to: after-hours login activity (extremely above normal, z=4.69); logins from unusual number of PCs (extremely above normal, z=3.58)"
HRL0540,2010-05-18,1,0.028813660767364,0,"Flagged due to: after-hours login activity (extremely above normal, z=4.69); logins from unusual number of PCs (extremely above normal, z=3.58)"
HRL0540,2010-05-20,1,0.0216434576984821,0,"Flagged due to: logins from unusual number of PCs (extremely above normal, z=3.58); unusual number of logins (significantly above normal, z=2.57)"
HRL0540,2010-06-10,1,0.0147153179849848,0,"Flagged due to: unusual email activity (extremely below normal, z=-3.65); unusual file access activity (somewhat above normal, z=1.98)"
HRL0540,2010-06-23,1,0.0780756094848883,0,"Flagged due to: after-hours login activity (extremely above normal, z=4.69); logins from unusual number of PCs (extremely above normal, z=3.58)"
HRL0540,2010-07-06,1,0.0263504260313219,0,"Flagged due to: logins from unusual number of PCs (extremely above normal, z=3.58); high USB device usage (somewhat below normal, z=-1.69)"
HRL0540,2010-07-15,1,0.0263545123932705,0,"Flagged due to: logins from unusual number of PCs (extremely above normal, z=3.58); unusual number of logins (significantly above normal, z=2.57)"
HRL0540,2010-07-20,1,0.0270206149714461,0,"Flagged due to: logins from unusual number of PCs (extremely above normal, z=3.58); unusual number of logins (significantly above normal, z=2.57)"
HRL0540,2010-07-29,1,0.0540582228725632,0,"Flagged due to: after-hours login activity (extremely above normal, z=4.69); logins from unusual number of PCs (extremely above normal, z=3.58)"
HRL0540,2010-09-22,1,0.0367821094450718,0,"Flagged due to: logins from unusual number of PCs (extremely above normal, z=3.58); unusual number of logins (significantly above normal, z=2.57)"
HRL0540,2010-09-27,1,0.0274650203017324,0,"Flagged due to: logins from unusual number of PCs (extremely above normal, z=3.58); unusual number of logins (significantly above normal, z=2.57)"
HRL0540,2010-10-20,1,0.0763706871241139,0,"Flagged due to: after-hours login activity (extremely above normal, z=4.69); logins from unusual number of PCs (extremely above normal, z=3.58)"
HRL0540,2010-11-03,1,0.1000696743608425,0,"Flagged due to: after-hours login activity (extremely above normal, z=4.69); logins from unusual number of PCs (extremely above normal, z=3.58)"
HRL0540,2010-11-05,1,0.0480031394029751,0,"Flagged due to: after-hours login activity (extremely above normal, z=4.69); logins from unusual number of PCs (extremely above normal, z=3.58)"
HRL0540,2010-12-14,1,0.0402651447784476,0,"Flagged due to: after-hours login activity (extremely above normal, z=4.69); logins from unusual number of PCs (extremely above normal, z=3.58)"
HRL0540,2011-02-15,1,0.0432267028344534,0,"Flagged due to: after-hours login activity (extremely above normal, z=4.69); logins from unusual number of PCs (extremely above normal, z=3.58)"
HRL0540,2011-02-25,1,0.0291391353328562,0,"Flagged due to: after-hours login activity (extremely above normal, z=4.69); logins from unusual number of PCs (extremely above normal, z=3.58)"
HRL0540,2011-03-21,1,0.0842739407516777,0,"Flagged due to: high USB device usage (extremely below normal, z=-9.16); unusual email activity (extremely below normal, z=-6.8)"
HSB0196,2010-02-08,1,0.0321958115301928,0,"Flagged due to: after-hours login activity (extremely above normal, z=4.77); unusual number of logins (extremely above normal, z=4.65)"
HSB0196,2010-02-16,1,0.0040363797618796,0,"Flagged due to: after-hours login activity (extremely above normal, z=4.77); unusual number of logins (extremely above normal, z=4.65)"
HSB0196,2010-04-14,1,0.0503510793687248,0,"Flagged due to: unusual email activity (extremely below normal, z=-8.14); unusual file access activity (significantly below normal, z=-2.65)"
HSB0196,2010-05-14,1,0.0085001319310606,0,"Flagged due to: unusual email activity (extremely below normal, z=-9.19); emails sent to external addresses (somewhat below normal, z=-1.13)"
HSB0196,2010-06-12,1,0.0253810334269815,0,"Flagged due to: after-hours login activity (extremely above normal, z=4.77); unusual number of logins (extremely above normal, z=4.65)"
HSB0196,2010-06-23,1,0.038677369158463,0,"Flagged due to: after-hours login activity (extremely above normal, z=9.72); unusual number of logins (extremely above normal, z=9.49)"
HSB0196,2010-07-23,1,0.0299986571116035,0,"Flagged due to: after-hours login activity (extremely above normal, z=4.77); unusual number of logins (extremely above normal, z=4.65)"
HSB0196,2010-08-20,1,0.0248711660384818,0,"Flagged due to: after-hours login activity (extremely above normal, z=4.77); unusual number of logins (extremely above normal, z=4.65)"
HSB0196,2010-08-27,1,0.0410286576204224,0,"Flagged due to: after-hours login activity (extremely above normal, z=4.77); unusual number of logins (extremely above normal, z=4.65)"
HSB0196,2010-09-15,1,0.0245122904380631,0,"Flagged due to: after-hours login activity (extremely above normal, z=4.77); unusual number of logins (extremely above normal, z=4.65)"
HSB0196,2010-10-12,1,0.0369644495860883,0,"Flagged due to: after-hours login activity (extremely above normal, z=4.77); unusual number of logins (extremely above normal, z=4.65)"
HSB0196,2011-02-03,1,0.1418269448181203,0,"Flagged due to: unusual email activity (extremely below normal, z=-9.19); after-hours login activity (extremely above normal, z=4.77)"
HSB0196,2011-03-01,1,0.027333960449242,0,"Flagged due to: after-hours login activity (extremely above normal, z=4.77); unusual number of logins (extremely above normal, z=4.65)"
HSB0196,2011-03-16,1,0.0217468336402152,0,"Flagged due to: after-hours login activity (extremely above normal, z=4.77); unusual number of logins (extremely above normal, z=4.65)"
HTH0007,2010-06-22,1,0.0542829347021425,0,"Flagged due to: unusual email activity (extremely below normal, z=-9.61); emails sent to external addresses (significantly below normal, z=-2.04)"
HTH0007,2010-11-18,1,0.0076141240085827,0,"Flagged due to: logins from unusual number of PCs (extremely above normal, z=13.1); unusual number of logins (significantly above normal, z=2.88)"
HTH0007,2010-11-29,1,0.0134290117233145,0,"Flagged due to: unusual email activity (extremely below normal, z=-9.22); emails sent to external addresses (somewhat below normal, z=-1.55)"
HVF0067,2010-01-11,1,0.0201500274016298,0,"Flagged due to: logins from unusual number of PCs (extremely above normal, z=4.53); unusual number of logins (significantly above normal, z=2.82)"
HVF0067,2010-02-23,1,0.0249856362009163,0,"Flagged due to: high USB device usage (extremely above normal, z=3.1); unusual number of logins (significantly below normal, z=-2.05)"
HVF0067,2010-10-21,1,0.031092917084568,0,"Flagged due to: logins from unusual number of PCs (extremely above normal, z=4.53); unusual number of logins (significantly above normal, z=2.82)"
HVF0067,2010-11-10,1,0.0410266241743145,0,"Flagged due to: logins from unusual number of PCs (extremely above normal, z=4.53); unusual number of logins (significantly above normal, z=2.82)"
HVF0067,2010-12-06,1,0.0019533345371192,0,"Flagged due to: logins from unusual number of PCs (extremely above normal, z=4.53); unusual number of logins (significantly above normal, z=2.82)"
HVF0067,2011-01-13,1,0.0401047831537845,0,"Flagged due to: unusual email activity (extremely below normal, z=-8.18); emails sent to external addresses (somewhat below normal, z=-1.83)"
HVF0067,2011-02-15,1,0.0311414713751521,0,"Flagged due to: logins from unusual number of PCs (extremely above normal, z=4.53); emails sent to external addresses (somewhat above normal, z=1.66)"
HVF0067,2011-03-10,1,0.0120900797776136,0,"Flagged due to: logins from unusual number of PCs (extremely above normal, z=4.53); unusual number of logins (significantly above normal, z=2.82)"
HWM0342,2010-11-08,1,0.0258453645900141,0,"Flagged due to: unusual number of logins (extremely above normal, z=4.14); logins from unusual number of PCs (extremely above normal, z=4.14)"
HWW0436,2010-01-19,1,0.0159750865194637,0,"Flagged due to: after-hours login activity (extremely above normal, z=4.54); unusual number of logins (somewhat above normal, z=1.7)"
HWW0436,2010-03-18,1,0.010165659500683,0,"Flagged due to: unusual email activity (extremely below normal, z=-5.57); logins from unusual number of PCs (somewhat above normal, z=1.51)"
HWW0436,2010-04-19,1,0.0115192454815746,0,"Flagged due to: high USB device usage (somewhat below normal, z=-1.92); unusual number of logins (somewhat above normal, z=1.7)"
HWW0436,2010-05-06,1,0.0575712155524916,0,"Flagged due to: unusual email activity (extremely below normal, z=-6.22); high USB device usage (somewhat below normal, z=-1.92)"
HWW0436,2010-05-11,1,0.0115192454815746,0,"Flagged due to: high USB device usage (somewhat below normal, z=-1.92); unusual number of logins (somewhat above normal, z=1.7)"
HWW0436,2010-08-20,1,0.0208139330879914,0,"Flagged due to: after-hours login activity (extremely above normal, z=4.54); emails sent to external addresses (somewhat below normal, z=-1.85)"
HWW0436,2010-09-27,1,0.0250158075618017,0,"Flagged due to: after-hours login activity (extremely above normal, z=4.54); unusual number of logins (extremely above normal, z=3.68)"
HWW0436,2010-09-29,1,0.0703814406155538,0,"Flagged due to: after-hours login activity (extremely above normal, z=4.54); unusual number of logins (extremely above normal, z=3.68)"
HWW0436,2010-10-04,1,0.0130980267828646,0,"Flagged due to: unusual email activity (extremely below normal, z=-6.22); emails sent to external addresses (somewhat below normal, z=-1.85)"
HWW0436,2010-10-27,1,0.011098068613314,0,"Flagged due to: after-hours login activity (extremely above normal, z=4.54); emails sent to external addresses (significantly above normal, z=2.01)"
HWW0436,2010-11-18,1,0.0618835077941546,0,"Flagged due to: after-hours login activity (extremely above normal, z=4.54); unusual number of logins (extremely above normal, z=3.68)"
HWW0436,2010-11-23,1,0.1091271434523246,0,"Flagged due to: unusual email activity (extremely below normal, z=-6.22); after-hours login activity (extremely above normal, z=4.54)"
HWW0436,2010-12-13,1,0.0727394883012821,0,"Flagged due to: after-hours login activity (extremely above normal, z=4.54); unusual number of logins (extremely above normal, z=3.68)"
HWW0436,2010-12-22,1,0.0030610112308013,0,"Flagged due to: after-hours login activity (extremely above normal, z=4.54); unusual number of logins (somewhat above normal, z=1.7)"
HWW0436,2011-01-15,1,0.1412557832664468,0,"Flagged due to: unusual email activity (extremely below normal, z=-6.22); after-hours login activity (extremely above normal, z=4.54)"
HWW0436,2011-02-02,1,0.0134823176923326,0,"Flagged due to: unusual email activity (extremely below normal, z=-3.63); unusual number of logins (somewhat above normal, z=1.7)"
HWW0436,2011-03-07,1,0.0136738257975238,0,"Flagged due to: unusual email activity (extremely below normal, z=-5.57); emails sent to external addresses (somewhat below normal, z=-1.85)"
HWW0436,2011-03-16,1,0.0214515307147998,0,"Flagged due to: high USB device usage (extremely above normal, z=3.1); unusual file access activity (somewhat above normal, z=1.92)"
HWY0038,2010-03-02,1,0.0374311478067221,0,"Flagged due to: unusual email activity (extremely below normal, z=-5.85); emails sent to external addresses (significantly below normal, z=-2.21)"
HXL0968,2010-09-30,1,0.0701231405521712,1,"Flagged due to: unusual email activity (extremely above normal, z=13.56); emails sent to external addresses (extremely above normal, z=6.91)"
IAR0694,2010-05-03,1,0.0109078911613286,0,"Flagged due to: unusual email activity (extremely below normal, z=-5.97); unusual number of logins (somewhat above normal, z=1.95)"
IBB0359,2010-01-22,1,0.0226229096639142,0,"Flagged due to: unusual number of logins (somewhat below normal, z=-1.86); emails sent to external addresses (somewhat above normal, z=1.72)"
IBB0359,2010-01-27,1,0.0053590560413143,0,"Flagged due to: after-hours login activity (somewhat below normal, z=-1.76); logins from unusual number of PCs (somewhat below normal, z=-1.37)"
IBB0359,2010-02-02,1,0.0073991366932192,0,"Flagged due to: unusual file access activity (somewhat below normal, z=-1.48); high USB device usage (somewhat below normal, z=-1.43)"
IBB0359,2010-02-04,1,0.0073991366932192,0,"Flagged due to: unusual file access activity (somewhat below normal, z=-1.48); high USB device usage (somewhat below normal, z=-1.43)"
IBB0359,2010-02-25,1,0.0277397201518311,0,"Flagged due to: unusual email activity (extremely below normal, z=-3.72); after-hours login activity (somewhat above normal, z=1.34)"
IBB0359,2010-03-11,1,0.0001042990091294,0,"Flagged due to: emails sent to external addresses (somewhat above normal, z=1.72); unusual file access activity (somewhat below normal, z=-1.48)"
IBB0359,2010-03-19,1,0.0268383231259207,0,"Flagged due to: high USB device usage (somewhat above normal, z=1.63); unusual file access activity (somewhat above normal, z=1.57)"
IBB0359,2010-03-24,1,0.0262767356636191,0,"Flagged due to: emails sent to external addresses (somewhat below normal, z=-1.88); unusual number of logins (somewhat below normal, z=-1.86)"
IBB0359,2010-03-26,1,0.0365440637103036,0,"Flagged due to: unusual file access activity (significantly above normal, z=2.21); high USB device usage (somewhat above normal, z=1.63)"
IBB0359,2010-04-05,1,0.0418996607614909,0,"Flagged due to: high USB device usage (significantly below normal, z=-2.04); unusual email activity (somewhat below normal, z=-2.0)"
IBB0359,2010-04-07,1,0.0055638264364872,0,"Flagged due to: high USB device usage (somewhat above normal, z=1.63); emails sent to external addresses (somewhat below normal, z=-1.52)"
IBB0359,2010-04-23,1,0.0831651675772575,0,"Flagged due to: unusual email activity (extremely below normal, z=-6.03); after-hours login activity (significantly above normal, z=2.12)"
IBB0359,2010-04-29,1,0.03371862041619,0,"Flagged due to: emails sent to external addresses (significantly above normal, z=2.08); high USB device usage (somewhat above normal, z=1.63)"
IBB0359,2010-05-08,1,0.1282740641641595,0,"Flagged due to: high USB device usage (extremely below normal, z=-6.93); unusual email activity (extremely below normal, z=-6.03)"
IBB0359,2010-05-28,1,0.0669720936287482,0,"Flagged due to: after-hours login activity (significantly above normal, z=2.89); unusual number of logins (significantly above normal, z=2.08)"
IBB0359,2010-06-08,1,0.0039191305879953,0,"Flagged due to: after-hours login activity (significantly above normal, z=2.12); unusual file access activity (somewhat below normal, z=-1.48)"
IBB0359,2010-06-10,1,0.0213754570529942,0,"Flagged due to: high USB device usage (significantly below normal, z=-2.04); logins from unusual number of PCs (somewhat below normal, z=-1.37)"
IBB0359,2010-06-11,1,0.0489108231812323,0,"Flagged due to: unusual email activity (extremely below normal, z=-4.88); emails sent to external addresses (somewhat below normal, z=-1.52)"
IBB0359,2010-06-22,1,0.0600221116611667,0,"Flagged due to: unusual file access activity (significantly above normal, z=2.86); emails sent to external addresses (somewhat above normal, z=1.72)"
IBB0359,2010-07-06,1,0.0569394003879198,0,"Flagged due to: unusual email activity (extremely below normal, z=-5.45); emails sent to external addresses (somewhat below normal, z=-1.88)"
IBB0359,2010-07-15,1,0.065274743552473,0,"Flagged due to: unusual email activity (extremely below normal, z=-3.72); after-hours login activity (somewhat below normal, z=-1.76)"
IBB0359,2010-07-16,1,0.0042177286258476,0,"Flagged due to: high USB device usage (somewhat above normal, z=1.63); unusual file access activity (somewhat above normal, z=1.57)"
IBB0359,2010-07-30,1,0.0489894841517203,0,"Flagged due to: after-hours login activity (significantly above normal, z=2.12); unusual number of logins (significantly above normal, z=2.08)"
IBB0359,2010-08-09,1,0.0444013283108847,0,"Flagged due to: after-hours login activity (somewhat below normal, z=-1.76); high USB device usage (somewhat below normal, z=-1.43)"
IBB0359,2010-08-10,1,0.0045228624079365,0,"Flagged due to: high USB device usage (somewhat above normal, z=1.63); unusual number of logins (somewhat above normal, z=1.43)"
IBB0359,2010-08-18,1,0.0096477302445783,0,"Flagged due to: after-hours login activity (significantly above normal, z=2.12); logins from unusual number of PCs (significantly above normal, z=2.09)"
IBB0359,2010-09-09,1,0.0263202895942332,0,"Flagged due to: after-hours login activity (somewhat below normal, z=-1.76); logins from unusual number of PCs (somewhat below normal, z=-1.37)"
IBB0359,2010-09-29,1,0.0140014441667867,0,"Flagged due to: after-hours login activity (somewhat below normal, z=-1.76); unusual file access activity (somewhat below normal, z=-1.48)"
IBB0359,2010-10-12,1,0.0296245732895736,0,"Flagged due to: unusual file access activity (significantly above normal, z=2.53); unusual number of logins (somewhat above normal, z=1.43)"
IBB0359,2010-10-28,1,0.0343774027373573,0,"Flagged due to: unusual file access activity (significantly above normal, z=2.53); high USB device usage (somewhat above normal, z=1.63)"
IBB0359,2010-11-05,1,0.0781585367455601,0,"Flagged due to: unusual file access activity (significantly above normal, z=2.53); logins from unusual number of PCs (significantly above normal, z=2.09)"
IBB0359,2010-11-12,1,0.0544012633274532,0,"Flagged due to: unusual file access activity (extremely above normal, z=3.82); logins from unusual number of PCs (somewhat above normal, z=1.4)"
IBB0359,2010-12-10,1,0.0062926027485061,0,"Flagged due to: emails sent to external addresses (somewhat above normal, z=1.72); high USB device usage (somewhat above normal, z=1.63)"
IBB0359,2010-12-17,1,0.0532022136657982,0,"Flagged due to: unusual email activity (extremely below normal, z=-3.72); unusual file access activity (somewhat below normal, z=-1.48)"
IBB0359,2011-01-07,1,0.0509325786484132,0,"Flagged due to: unusual file access activity (significantly above normal, z=2.86); high USB device usage (somewhat above normal, z=1.63)"
IBB0359,2011-01-12,1,0.0698593914732803,0,"Flagged due to: unusual email activity (extremely below normal, z=-4.88); emails sent to external addresses (somewhat below normal, z=-1.52)"
IBB0359,2011-01-21,1,0.0556240465258183,0,"Flagged due to: unusual email activity (extremely below normal, z=-5.45); emails sent to external addresses (somewhat below normal, z=-1.88)"
IBB0359,2011-02-10,1,0.0060053739682033,0,"Flagged due to: after-hours login activity (significantly above normal, z=2.12); high USB device usage (somewhat above normal, z=1.63)"
IBB0359,2011-02-15,1,0.0003342638568092,0,"Flagged due to: after-hours login activity (significantly above normal, z=2.12); high USB device usage (somewhat above normal, z=1.63)"
IBB0359,2011-02-22,1,0.0572981388987305,0,"Flagged due to: logins from unusual number of PCs (significantly above normal, z=2.09); unusual number of logins (significantly above normal, z=2.08)"
IBB0359,2011-03-22,1,0.0144816137888144,0,"Flagged due to: after-hours login activity (somewhat below normal, z=-1.76); logins from unusual number of PCs (somewhat below normal, z=-1.37)"
IBB0359,2011-04-08,1,0.0101460486854417,0,"Flagged due to: unusual file access activity (somewhat above normal, z=1.73); high USB device usage (somewhat above normal, z=1.63)"
IBB0359,2011-04-12,1,0.0087529489217331,0,"Flagged due to: after-hours login activity (significantly above normal, z=2.12); high USB device usage (somewhat above normal, z=1.63)"
IBB0359,2011-04-18,1,0.0553427248911233,0,"Flagged due to: unusual email activity (significantly below normal, z=-2.57); unusual file access activity (significantly above normal, z=2.05)"
IBB0359,2011-04-29,1,0.095450452397687,0,"Flagged due to: unusual file access activity (extremely above normal, z=3.34); unusual email activity (extremely below normal, z=-3.15)"
IBB0359,2011-05-02,1,0.0020960289480945,0,"Flagged due to: unusual file access activity (somewhat below normal, z=-1.48); logins from unusual number of PCs (somewhat below normal, z=-1.37)"
IBB0359,2011-05-11,1,0.0048318561519226,0,"Flagged due to: unusual file access activity (somewhat above normal, z=1.89); high USB device usage (somewhat above normal, z=1.63)"
IBB0359,2011-05-12,1,0.0310108413477991,0,"Flagged due to: high USB device usage (significantly below normal, z=-2.04); unusual file access activity (somewhat below normal, z=-1.48)"
IBB0359,2011-05-13,1,0.0090298223734472,0,"Flagged due to: logins from unusual number of PCs (significantly above normal, z=2.09); unusual number of logins (significantly above normal, z=2.08)"
IBB0696,2010-01-06,1,0.010912629398508,0,"Flagged due to: unusual email activity (extremely below normal, z=-5.05); unusual number of logins (somewhat below normal, z=-1.89)"
IBB0696,2010-03-30,1,0.0388344155439895,0,"Flagged due to: logins from unusual number of PCs (extremely above normal, z=3.93); unusual number of logins (significantly above normal, z=2.61)"
IBB0696,2010-04-26,1,0.0126035547677446,0,"Flagged due to: logins from unusual number of PCs (extremely above normal, z=3.93); unusual number of logins (significantly above normal, z=2.61)"
IBB0696,2010-05-27,1,0.002746626447725,0,"Flagged due to: logins from unusual number of PCs (extremely above normal, z=3.93); high USB device usage (somewhat below normal, z=-1.97)"
IBB0696,2010-07-08,1,0.0374457494701059,0,"Flagged due to: logins from unusual number of PCs (extremely above normal, z=3.93); unusual number of logins (significantly above normal, z=2.61)"
IBB0696,2010-08-18,1,0.0128072194967462,0,"Flagged due to: logins from unusual number of PCs (extremely above normal, z=3.93); unusual number of logins (significantly above normal, z=2.61)"
IBB0696,2010-09-07,1,0.0030989935559679,0,"Flagged due to: unusual email activity (extremely below normal, z=-5.05); unusual number of logins (somewhat below normal, z=-1.89)"
IBB0696,2010-12-09,1,0.0374457494701059,0,"Flagged due to: logins from unusual number of PCs (extremely above normal, z=3.93); unusual number of logins (significantly above normal, z=2.61)"
IBB0696,2011-01-24,1,0.0374457494701059,0,"Flagged due to: logins from unusual number of PCs (extremely above normal, z=3.93); unusual number of logins (significantly above normal, z=2.61)"
IBB0696,2011-02-15,1,0.0126035547677446,0,"Flagged due to: logins from unusual number of PCs (extremely above normal, z=3.93); unusual number of logins (significantly above normal, z=2.61)"
IBM0671,2010-01-19,1,0.0479513396136956,0,"Flagged due to: unusual email activity (extremely below normal, z=-3.72); high USB device usage (significantly above normal, z=2.4)"
IBM0671,2010-02-15,1,0.081764287010919,0,"Flagged due to: unusual email activity (extremely below normal, z=-5.32); high USB device usage (significantly above normal, z=2.4)"
IBM0671,2010-03-31,1,0.0173170544872451,0,"Flagged due to: unusual email activity (extremely below normal, z=-7.72); emails sent to external addresses (significantly below normal, z=-2.01)"
IBM0671,2010-08-27,1,0.0274343841514242,0,"Flagged due to: unusual email activity (extremely below normal, z=-7.72); emails sent to external addresses (significantly below normal, z=-2.01)"
IBM0671,2010-09-07,1,0.016941030469971,0,"Flagged due to: logins from unusual number of PCs (extremely above normal, z=4.86); unusual file access activity (significantly above normal, z=2.07)"
IBM0671,2010-12-20,1,0.008721558339097,0,"Flagged due to: logins from unusual number of PCs (extremely above normal, z=4.86); high USB device usage (significantly above normal, z=2.4)"
IBM0671,2011-02-01,1,0.1224812165260033,0,"Flagged due to: unusual email activity (extremely below normal, z=-6.92); logins from unusual number of PCs (extremely above normal, z=4.86)"
IBP0883,2010-03-13,1,0.006672546633039,0,"Flagged due to: unusual email activity (extremely below normal, z=-5.26); after-hours login activity (somewhat above normal, z=1.86)"
IBP0883,2010-10-02,1,0.006672546633039,0,"Flagged due to: unusual email activity (extremely below normal, z=-5.26); after-hours login activity (somewhat above normal, z=1.86)"
IBP0883,2010-11-06,1,0.006672546633039,0,"Flagged due to: unusual email activity (extremely below normal, z=-5.26); after-hours login activity (somewhat above normal, z=1.86)"
IBS0836,2010-02-05,1,0.0103557202483385,0,"Flagged due to: after-hours login activity (extremely above normal, z=3.63); unusual number of logins (significantly above normal, z=2.54)"
IBS0836,2010-02-23,1,0.0761784294062448,0,"Flagged due to: after-hours login activity (extremely above normal, z=7.52); logins from unusual number of PCs (extremely above normal, z=4.79)"
IBS0836,2010-03-13,1,0.0732305822854811,0,"Flagged due to: unusual email activity (extremely below normal, z=-3.78); after-hours login activity (extremely above normal, z=3.63)"
IBS0836,2010-03-28,1,0.0732305822854811,0,"Flagged due to: unusual email activity (extremely below normal, z=-3.78); after-hours login activity (extremely above normal, z=3.63)"
IBS0836,2010-06-05,1,0.0732305822854811,0,"Flagged due to: unusual email activity (extremely below normal, z=-3.78); after-hours login activity (extremely above normal, z=3.63)"
IBS0836,2010-07-10,1,0.0062593195668543,0,"Flagged due to: unusual email activity (extremely below normal, z=-3.78); unusual number of logins (somewhat below normal, z=-2.0)"
IBS0836,2010-09-21,1,0.0161630285130282,0,"Flagged due to: logins from unusual number of PCs (extremely above normal, z=4.79); unusual number of logins (significantly above normal, z=2.54)"
IBS0836,2010-10-09,1,0.0732305822854811,0,"Flagged due to: unusual email activity (extremely below normal, z=-3.78); after-hours login activity (extremely above normal, z=3.63)"
IBS0836,2010-10-21,1,0.0161630285130282,0,"Flagged due to: logins from unusual number of PCs (extremely above normal, z=4.79); unusual number of logins (significantly above normal, z=2.54)"
IBS0836,2010-11-04,1,0.0062593195668543,0,"Flagged due to: unusual email activity (extremely below normal, z=-3.78); unusual number of logins (somewhat below normal, z=-2.0)"
IBS0836,2010-12-10,1,0.0796664588694077,0,"Flagged due to: logins from unusual number of PCs (extremely above normal, z=4.79); unusual email activity (extremely below normal, z=-3.78)"
IBS0836,2011-01-20,1,0.0261152623805256,0,"Flagged due to: logins from unusual number of PCs (extremely above normal, z=4.79); unusual number of logins (significantly above normal, z=2.54)"
IBS0836,2011-01-23,1,0.0732305822854811,0,"Flagged due to: unusual email activity (extremely below normal, z=-3.78); after-hours login activity (extremely above normal, z=3.63)"
IBS0836,2011-02-18,1,0.0062593195668543,0,"Flagged due to: unusual email activity (extremely below normal, z=-3.78); unusual number of logins (somewhat below normal, z=-2.0)"
IBS0836,2011-02-23,1,0.1071058472563716,0,"Flagged due to: logins from unusual number of PCs (extremely above normal, z=4.79); high USB device usage (extremely above normal, z=3.37)"
ICH0294,2010-03-12,1,0.0541433537374564,0,"Flagged due to: unusual email activity (extremely below normal, z=-5.51); unusual file access activity (significantly above normal, z=2.21)"
ICH0294,2010-04-06,1,0.011599221359172,0,"Flagged due to: unusual file access activity (significantly below normal, z=-2.07); high USB device usage (significantly above normal, z=2.04)"
ICH0294,2010-05-27,1,0.0249835039543366,0,"Flagged due to: unusual file access activity (significantly below normal, z=-2.07); high USB device usage (somewhat below normal, z=-1.89)"
ICH0294,2010-11-12,1,0.0249835039543366,0,"Flagged due to: unusual file access activity (significantly below normal, z=-2.07); high USB device usage (somewhat below normal, z=-1.89)"
ICH0294,2010-11-17,1,0.0189371706877908,0,"Flagged due to: unusual email activity (extremely below normal, z=-5.51); unusual number of logins (somewhat above normal, z=1.78)"
ICH0294,2011-02-25,1,0.0408239906388258,0,"Flagged due to: unusual email activity (extremely below normal, z=-5.51); unusual file access activity (significantly below normal, z=-2.07)"
ICH0294,2011-04-06,1,0.0181406245093922,0,"Flagged due to: unusual email activity (extremely below normal, z=-5.51); unusual number of logins (somewhat above normal, z=1.78)"
IEB0153,2010-05-07,1,0.0181338978546098,0,"Flagged due to: unusual number of logins (extremely above normal, z=5.72); logins from unusual number of PCs (extremely above normal, z=5.72)"
IEB0153,2010-08-02,1,0.0712815354142728,0,"Flagged due to: unusual number of logins (extremely above normal, z=5.72); logins from unusual number of PCs (extremely above normal, z=5.72)"
IIW0249,2010-01-05,1,0.0343637415904857,0,"Flagged due to: logins from unusual number of PCs (extremely above normal, z=4.23); unusual number of logins (extremely above normal, z=3.07)"
IIW0249,2010-01-16,1,0.1026694633588941,0,"Flagged due to: high USB device usage (extremely below normal, z=-6.85); unusual email activity (extremely below normal, z=-5.32)"
IIW0249,2010-01-27,1,0.0259470563517749,0,"Flagged due to: after-hours login activity (extremely above normal, z=4.23); unusual number of logins (extremely above normal, z=3.07)"
IIW0249,2010-02-03,1,0.0026044713013417,0,"Flagged due to: after-hours login activity (extremely above normal, z=4.23); unusual number of logins (extremely above normal, z=3.07)"
IIW0249,2010-03-01,1,0.0257378703978214,0,"Flagged due to: logins from unusual number of PCs (extremely above normal, z=4.23); unusual number of logins (extremely above normal, z=3.07)"
IIW0249,2010-03-18,1,0.064425169389552,0,"Flagged due to: after-hours login activity (extremely above normal, z=4.23); unusual number of logins (extremely above normal, z=3.07)"
IIW0249,2010-04-03,1,0.1026694633588941,0,"Flagged due to: high USB device usage (extremely below normal, z=-6.85); unusual email activity (extremely below normal, z=-5.32)"
IIW0249,2010-04-16,1,0.0606057950355434,0,"Flagged due to: after-hours login activity (extremely above normal, z=4.23); unusual number of logins (extremely above normal, z=3.07)"
IIW0249,2010-04-19,1,0.0188092503943377,0,"Flagged due to: logins from unusual number of PCs (extremely above normal, z=4.23); unusual number of logins (extremely above normal, z=3.07)"
IIW0249,2010-05-18,1,0.0114222820809756,0,"Flagged due to: logins from unusual number of PCs (extremely above normal, z=4.23); unusual number of logins (extremely above normal, z=3.07)"
IIW0249,2010-05-19,1,0.0329935136899217,0,"Flagged due to: logins from unusual number of PCs (extremely above normal, z=4.23); unusual number of logins (extremely above normal, z=3.07)"
IIW0249,2010-05-29,1,0.1026694633588941,0,"Flagged due to: high USB device usage (extremely below normal, z=-6.85); unusual email activity (extremely below normal, z=-5.32)"
IIW0249,2010-06-08,1,0.0340726837212586,0,"Flagged due to: after-hours login activity (extremely above normal, z=4.23); unusual number of logins (extremely above normal, z=3.07)"
IIW0249,2010-07-16,1,0.0090406311683609,0,"Flagged due to: after-hours login activity (extremely above normal, z=4.23); unusual number of logins (extremely above normal, z=3.07)"
IIW0249,2010-07-23,1,0.014406054932213,0,"Flagged due to: logins from unusual number of PCs (extremely above normal, z=4.23); unusual number of logins (extremely above normal, z=3.07)"
IIW0249,2010-07-24,1,0.1026694633588941,0,"Flagged due to: high USB device usage (extremely below normal, z=-6.85); unusual email activity (extremely below normal, z=-5.32)"
IIW0249,2010-08-05,1,0.0816004077886428,0,"Flagged due to: after-hours login activity (extremely above normal, z=4.23); unusual number of logins (extremely above normal, z=3.07)"
IIW0249,2010-08-28,1,0.1026694633588941,0,"Flagged due to: high USB device usage (extremely below normal, z=-6.85); unusual email activity (extremely below normal, z=-5.32)"
IIW0249,2010-08-30,1,0.0117292543852021,0,"Flagged due to: logins from unusual number of PCs (extremely above normal, z=4.23); unusual number of logins (extremely above normal, z=3.07)"
IIW0249,2010-10-06,1,0.0658531456789923,0,"Flagged due to: after-hours login activity (extremely above normal, z=4.23); unusual file access activity (extremely above normal, z=3.82)"
IIW0249,2010-10-12,1,0.0114222820809756,0,"Flagged due to: logins from unusual number of PCs (extremely above normal, z=4.23); unusual number of logins (extremely above normal, z=3.07)"
IIW0249,2010-10-15,1,0.0026044713013417,0,"Flagged due to: after-hours login activity (extremely above normal, z=4.23); unusual number of logins (extremely above normal, z=3.07)"
IIW0249,2010-10-29,1,0.0295001014857583,0,"Flagged due to: logins from unusual number of PCs (extremely above normal, z=4.23); unusual number of logins (extremely above normal, z=3.07)"
IIW0249,2010-11-04,1,0.0483837635799437,0,"Flagged due to: after-hours login activity (extremely above normal, z=4.23); unusual number of logins (extremely above normal, z=3.07)"
IIW0249,2010-11-11,1,0.0114222820809756,0,"Flagged due to: logins from unusual number of PCs (extremely above normal, z=4.23); unusual number of logins (extremely above normal, z=3.07)"
IIW0249,2010-12-01,1,0.023199493817223,0,"Flagged due to: logins from unusual number of PCs (extremely above normal, z=4.23); unusual number of logins (extremely above normal, z=3.07)"
IIW0249,2010-12-03,1,0.0446176603256356,0,"Flagged due to: after-hours login activity (extremely above normal, z=4.23); unusual number of logins (extremely above normal, z=3.07)"
IIW0249,2010-12-10,1,0.0394256727766926,0,"Flagged due to: after-hours login activity (extremely above normal, z=4.23); unusual number of logins (extremely above normal, z=3.07)"
IIW0249,2010-12-24,1,0.1026694633588941,0,"Flagged due to: high USB device usage (extremely below normal, z=-6.85); unusual email activity (extremely below normal, z=-5.32)"
IIW0249,2010-12-27,1,0.0318361872620597,0,"Flagged due to: logins from unusual number of PCs (extremely above normal, z=4.23); unusual number of logins (extremely above normal, z=3.07)"
IIW0249,2011-01-07,1,0.023199493817223,0,"Flagged due to: logins from unusual number of PCs (extremely above normal, z=4.23); unusual number of logins (extremely above normal, z=3.07)"
IIW0249,2011-02-01,1,0.0114222820809756,0,"Flagged due to: logins from unusual number of PCs (extremely above normal, z=4.23); unusual number of logins (extremely above normal, z=3.07)"
IIW0249,2011-03-21,1,0.0341087146216959,0,"Flagged due to: logins from unusual number of PCs (extremely above normal, z=4.23); unusual number of logins (extremely above normal, z=3.07)"
IIW0249,2011-04-08,1,0.0009532333023648,0,"Flagged due to: logins from unusual number of PCs (extremely above normal, z=4.23); unusual number of logins (extremely above normal, z=3.07)"
IIW0249,2011-04-14,1,0.0446176603256356,0,"Flagged due to: after-hours login activity (extremely above normal, z=4.23); unusual number of logins (extremely above normal, z=3.07)"
IIW0249,2011-05-09,1,0.0050334913240237,0,"Flagged due to: logins from unusual number of PCs (extremely above normal, z=4.23); unusual number of logins (extremely above normal, z=3.07)"
IJM0444,2010-01-04,1,0.0417298773155235,0,"Flagged due to: unusual email activity (extremely below normal, z=-6.94); emails sent to external addresses (somewhat below normal, z=-1.6)"
IJM0444,2010-02-02,1,0.015380165873538,0,"Flagged due to: after-hours login activity (extremely above normal, z=4.87); unusual number of logins (somewhat above normal, z=1.6)"
IJM0444,2010-03-24,1,0.030469101134289,0,"Flagged due to: after-hours login activity (extremely above normal, z=4.87); unusual number of logins (extremely above normal, z=3.44)"
IJM0444,2010-04-12,1,0.0684499980579683,0,"Flagged due to: after-hours login activity (extremely above normal, z=4.87); unusual email activity (significantly below normal, z=-2.93)"
IJM0444,2010-07-15,1,0.0123797354736894,0,"Flagged due to: unusual number of logins (significantly below normal, z=-2.09); emails sent to external addresses (somewhat above normal, z=1.42)"
IJM0444,2010-07-22,1,0.0001109874742833,0,"Flagged due to: emails sent to external addresses (significantly above normal, z=2.28); unusual number of logins (somewhat above normal, z=1.6)"
IJM0444,2010-08-20,1,0.0393733312255339,0,"Flagged due to: after-hours login activity (extremely above normal, z=4.87); high USB device usage (significantly above normal, z=2.15)"
IJM0444,2010-09-02,1,0.0693903366139145,0,"Flagged due to: after-hours login activity (extremely above normal, z=4.87); unusual number of logins (extremely above normal, z=3.44)"
IJM0444,2010-09-23,1,0.0083042488093059,0,"Flagged due to: unusual email activity (extremely below normal, z=-5.33); emails sent to external addresses (somewhat below normal, z=-1.6)"
IJM0444,2010-10-27,1,0.0481731252883745,0,"Flagged due to: after-hours login activity (extremely above normal, z=4.87); unusual number of logins (extremely above normal, z=3.44)"
IJM0444,2010-11-08,1,0.0038393127129732,0,"Flagged due to: unusual email activity (extremely below normal, z=-4.53); unusual number of logins (significantly below normal, z=-2.09)"
IJM0444,2010-11-13,1,0.1291410007736655,0,"Flagged due to: unusual email activity (extremely below normal, z=-6.94); after-hours login activity (extremely above normal, z=4.87)"
IJM0444,2010-12-28,1,0.0045239423898564,0,"Flagged due to: high USB device usage (significantly above normal, z=2.15); unusual file access activity (somewhat above normal, z=1.8)"
IJM0444,2011-02-01,1,0.0017027319929875,0,"Flagged due to: after-hours login activity (extremely above normal, z=4.87); high USB device usage (significantly above normal, z=2.15)"
IJM0444,2011-03-02,1,0.0279407222865648,0,"Flagged due to: after-hours login activity (extremely above normal, z=4.87); unusual number of logins (somewhat above normal, z=1.6)"
IJM0444,2011-04-05,1,0.0002843468144265,0,"Flagged due to: after-hours login activity (extremely above normal, z=4.87); unusual file access activity (somewhat below normal, z=-1.24)"
IJM0444,2011-05-02,1,0.0189807607083348,0,"Flagged due to: unusual email activity (extremely below normal, z=-6.13); emails sent to external addresses (somewhat below normal, z=-1.6)"
IJM0776,2010-09-01,1,0.0003586133199489,1,"Flagged due to: high USB device usage (extremely above normal, z=4.5); unusual file access activity (significantly above normal, z=2.64)"
IKP0472,2010-04-08,1,0.0175239651368975,0,"Flagged due to: unusual email activity (extremely below normal, z=-5.86); unusual number of logins (significantly above normal, z=2.19)"
IKP0472,2010-07-09,1,0.034458069900056,0,"Flagged due to: unusual email activity (extremely below normal, z=-5.86); unusual number of logins (significantly below normal, z=-2.43)"
IKP0472,2010-07-31,1,0.0012171127763338,0,"Flagged due to: unusual email activity (extremely below normal, z=-5.86); logins from unusual number of PCs (somewhat above normal, z=1.71)"
IKP0472,2010-08-10,1,0.0654095983035853,0,"Flagged due to: unusual email activity (extremely below normal, z=-5.86); unusual number of logins (significantly above normal, z=2.19)"
IKP0472,2010-10-14,1,0.0012171127763338,0,"Flagged due to: unusual email activity (extremely below normal, z=-5.86); logins from unusual number of PCs (somewhat above normal, z=1.71)"
IKP0472,2011-01-05,1,0.0288381686683023,0,"Flagged due to: unusual file access activity (extremely above normal, z=4.49); unusual number of logins (significantly below normal, z=-2.43)"
IKP0472,2011-03-23,1,0.0389612202400282,0,"Flagged due to: unusual file access activity (significantly above normal, z=2.33); unusual number of logins (significantly above normal, z=2.19)"
IKP0472,2011-03-30,1,0.034458069900056,0,"Flagged due to: unusual email activity (extremely below normal, z=-5.86); unusual number of logins (significantly below normal, z=-2.43)"
IKP0472,2011-04-13,1,0.0358161361341143,0,"Flagged due to: unusual email activity (extremely below normal, z=-5.86); unusual number of logins (significantly above normal, z=2.19)"
IKR0401,2010-04-21,1,0.0264395790622793,0,"Flagged due to: unusual email activity (extremely below normal, z=-6.52); high USB device usage (somewhat below normal, z=-1.97)"
IKR0401,2011-02-02,1,0.0105385340923117,1,"Flagged due to: high USB device usage (extremely above normal, z=4.3); unusual file access activity (extremely above normal, z=3.3)"
IKR0401,2011-02-17,1,0.0329191730113401,1,"Flagged due to: unusual file access activity (extremely above normal, z=3.3); high USB device usage (extremely above normal, z=3.25)"
ILH0958,2010-08-04,1,0.0312628427745738,0,"Flagged due to: logins from unusual number of PCs (significantly above normal, z=2.95); high USB device usage (significantly above normal, z=2.37)"
ILH0958,2011-02-15,1,0.0235255457267379,0,"Flagged due to: unusual number of logins (extremely above normal, z=3.68); logins from unusual number of PCs (significantly above normal, z=2.95)"
ILH0958,2011-05-10,1,0.0413959321205923,0,"Flagged due to: unusual email activity (extremely below normal, z=-6.11); unusual number of logins (significantly below normal, z=-2.22)"
ILJ0526,2010-03-04,1,0.0066904742017745,0,"Flagged due to: unusual number of logins (extremely above normal, z=3.57); logins from unusual number of PCs (significantly above normal, z=2.83)"
ILJ0526,2011-04-29,1,0.0061379888487416,0,"Flagged due to: unusual email activity (significantly above normal, z=2.42); high USB device usage (significantly above normal, z=2.22)"
IRM0931,2010-01-08,1,0.0069630169940215,0,"Flagged due to: after-hours login activity (extremely above normal, z=3.36); unusual number of logins (somewhat above normal, z=1.45)"
IRM0931,2010-01-12,1,0.0124104592608076,0,"Flagged due to: after-hours login activity (extremely above normal, z=3.36); emails sent to external addresses (somewhat below normal, z=-1.52)"
IRM0931,2010-03-01,1,0.0377607399060285,0,"Flagged due to: after-hours login activity (extremely above normal, z=3.36); unusual number of logins (somewhat above normal, z=1.45)"
IRM0931,2010-03-24,1,0.0228192537859338,0,"Flagged due to: after-hours login activity (extremely above normal, z=3.36); unusual file access activity (somewhat above normal, z=1.83)"
IRM0931,2010-03-30,1,0.0194142850861532,0,"Flagged due to: after-hours login activity (extremely above normal, z=3.36); unusual number of logins (somewhat above normal, z=1.45)"
IRM0931,2010-04-13,1,0.0069807469785811,0,"Flagged due to: unusual email activity (extremely below normal, z=-3.37); logins from unusual number of PCs (somewhat above normal, z=1.38)"
IRM0931,2010-04-15,1,0.0228416982402942,0,"Flagged due to: unusual email activity (extremely below normal, z=-6.25); emails sent to external addresses (somewhat below normal, z=-1.96)"
IRM0931,2010-04-18,1,0.0201727064633129,0,"Flagged due to: unusual email activity (extremely below normal, z=-4.81); high USB device usage (significantly above normal, z=2.15)"
IRM0931,2010-04-23,1,0.0820945479462473,0,"Flagged due to: after-hours login activity (extremely above normal, z=3.36); unusual email activity (significantly below normal, z=-2.65)"
IRM0931,2010-04-29,1,0.0252161246721424,0,"Flagged due to: unusual email activity (extremely below normal, z=-3.37); unusual file access activity (somewhat above normal, z=1.83)"
IRM0931,2010-05-13,1,0.0068826035484148,0,"Flagged due to: unusual email activity (significantly below normal, z=-2.65); emails sent to external addresses (somewhat below normal, z=-1.96)"
IRM0931,2010-05-17,1,0.081375331809558,0,"Flagged due to: after-hours login activity (extremely above normal, z=3.36); unusual number of logins (extremely above normal, z=3.31)"
IRM0931,2010-06-27,1,0.002000762951439,0,"Flagged due to: after-hours login activity (extremely above normal, z=3.36); unusual number of logins (somewhat above normal, z=1.45)"
IRM0931,2010-07-16,1,0.0069447283770762,0,"Flagged due to: after-hours login activity (extremely above normal, z=3.36); emails sent to external addresses (somewhat below normal, z=-1.52)"
IRM0931,2010-07-18,1,0.0416024019376022,0,"Flagged due to: after-hours login activity (extremely above normal, z=3.36); unusual number of logins (somewhat above normal, z=1.45)"
IRM0931,2010-07-27,1,0.0300828206178731,0,"Flagged due to: after-hours login activity (extremely above normal, z=3.36); high USB device usage (significantly above normal, z=2.15)"
IRM0931,2010-07-30,1,0.0416024019376022,0,"Flagged due to: after-hours login activity (extremely above normal, z=3.36); unusual number of logins (somewhat above normal, z=1.45)"
IRM0931,2010-08-06,1,0.0608208963727981,0,"Flagged due to: after-hours login activity (extremely above normal, z=3.36); unusual number of logins (extremely above normal, z=3.31)"
IRM0931,2010-08-11,1,0.013305329187741,0,"Flagged due to: after-hours login activity (extremely above normal, z=3.36); unusual number of logins (somewhat above normal, z=1.45)"
IRM0931,2010-08-12,1,0.0547939963064936,0,"Flagged due to: unusual email activity (extremely below normal, z=-6.25); emails sent to external addresses (somewhat below normal, z=-1.96)"
IRM0931,2010-08-20,1,0.0419052034591174,0,"Flagged due to: after-hours login activity (extremely above normal, z=3.36); unusual number of logins (extremely above normal, z=3.31)"
IRM0931,2010-08-30,1,0.0017670303449223,0,"Flagged due to: unusual email activity (extremely below normal, z=-4.81); unusual file access activity (somewhat below normal, z=-1.2)"
IRM0931,2010-09-06,1,0.0077857507643253,0,"Flagged due to: after-hours login activity (extremely above normal, z=3.36); unusual file access activity (somewhat above normal, z=1.57)"
IRM0931,2010-09-15,1,0.0641237508836639,0,"Flagged due to: after-hours login activity (extremely above normal, z=3.36); unusual number of logins (extremely above normal, z=3.31)"
IRM0931,2010-09-27,1,0.0195364793925235,0,"Flagged due to: after-hours login activity (extremely above normal, z=3.36); high USB device usage (significantly above normal, z=2.15)"
IRM0931,2010-09-30,1,0.0351520313987059,0,"Flagged due to: after-hours login activity (extremely above normal, z=3.36); unusual number of logins (extremely above normal, z=3.31)"
IRM0931,2010-10-03,1,0.12894603295907,0,"Flagged due to: unusual email activity (extremely below normal, z=-6.25); after-hours login activity (extremely above normal, z=3.36)"
IRM0931,2010-10-10,1,0.0062938355921199,0,"Flagged due to: high USB device usage (extremely above normal, z=3.26); unusual file access activity (somewhat above normal, z=1.57)"
IRM0931,2010-10-14,1,0.002000762951439,0,"Flagged due to: after-hours login activity (extremely above normal, z=3.36); unusual number of logins (somewhat above normal, z=1.45)"
IRM0931,2010-10-16,1,0.0288463230506188,0,"Flagged due to: after-hours login activity (extremely above normal, z=3.36); unusual number of logins (extremely above normal, z=3.31)"
IRM0931,2010-11-12,1,0.0478452263493793,0,"Flagged due to: after-hours login activity (extremely above normal, z=3.36); unusual number of logins (extremely above normal, z=3.31)"
IRM0931,2010-11-27,1,0.0137085592059329,0,"Flagged due to: unusual email activity (extremely below normal, z=-5.53); emails sent to external addresses (somewhat below normal, z=-1.96)"
IRM0931,2010-12-24,1,0.0260738778284236,0,"Flagged due to: after-hours login activity (extremely above normal, z=3.36); unusual number of logins (extremely above normal, z=3.31)"
IRM0931,2011-02-12,1,0.0316281256526054,0,"Flagged due to: after-hours login activity (extremely above normal, z=3.36); unusual number of logins (somewhat above normal, z=1.45)"
IRM0931,2011-02-25,1,0.0379455266058844,0,"Flagged due to: after-hours login activity (extremely above normal, z=3.36); high USB device usage (significantly above normal, z=2.15)"
IRM0931,2011-04-03,1,0.0640230949458011,0,"Flagged due to: after-hours login activity (extremely above normal, z=3.36); high USB device usage (significantly above normal, z=2.15)"
IRM0931,2011-04-06,1,0.0192863707304853,0,"Flagged due to: high USB device usage (significantly above normal, z=2.15); emails sent to external addresses (somewhat below normal, z=-1.96)"
IRM0931,2011-04-28,1,0.0130958159847395,0,"Flagged due to: after-hours login activity (extremely above normal, z=3.36); unusual number of logins (extremely above normal, z=3.31)"
IRM0931,2011-05-17,1,0.12894603295907,0,"Flagged due to: unusual email activity (extremely below normal, z=-6.25); after-hours login activity (extremely above normal, z=3.36)"
IUB0565,2010-11-19,1,0.004275627441454,1,"Flagged due to: high USB device usage (extremely above normal, z=4.22); unusual file access activity (extremely above normal, z=3.02)"
JAD0609,2011-03-07,1,0.0209849296268962,0,"Flagged due to: unusual email activity (extremely below normal, z=-7.48); unusual number of logins (somewhat above normal, z=1.66)"
JAJ0849,2010-03-08,1,0.0066649864964942,0,"Flagged due to: unusual number of logins (extremely above normal, z=3.97); after-hours login activity (significantly above normal, z=2.66)"
JAJ0849,2010-09-12,1,0.0275125447908174,0,"Flagged due to: unusual email activity (extremely below normal, z=-5.01); after-hours login activity (significantly above normal, z=2.66)"
JAJ0849,2011-03-18,1,0.0066649864964942,0,"Flagged due to: unusual number of logins (extremely above normal, z=3.97); after-hours login activity (significantly above normal, z=2.66)"
JAV0361,2010-02-02,1,0.0486159452280591,0,"Flagged due to: unusual email activity (extremely below normal, z=-7.18); emails sent to external addresses (somewhat below normal, z=-1.78)"
JAV0361,2010-09-15,1,0.0486159452280591,0,"Flagged due to: unusual email activity (extremely below normal, z=-7.18); emails sent to external addresses (somewhat below normal, z=-1.78)"
JAV0361,2011-03-14,1,0.0313344690000769,0,"Flagged due to: unusual email activity (extremely below normal, z=-6.5); unusual number of logins (somewhat below normal, z=-1.46)"
JBD0616,2010-04-12,1,0.0125495704727291,0,"Flagged due to: logins from unusual number of PCs (extremely above normal, z=4.53); unusual email activity (significantly below normal, z=-2.03)"
JBD0616,2010-04-28,1,0.0082271437996936,0,"Flagged due to: unusual email activity (extremely below normal, z=-6.63); emails sent to external addresses (somewhat below normal, z=-1.42)"
JBD0616,2010-11-08,1,0.0168613634110607,0,"Flagged due to: unusual email activity (extremely below normal, z=-7.77); emails sent to external addresses (somewhat below normal, z=-1.69)"
JBD0616,2010-12-21,1,0.0026162514839022,0,"Flagged due to: logins from unusual number of PCs (extremely above normal, z=4.53); high USB device usage (significantly below normal, z=-2.59)"
JBD0616,2011-03-29,1,0.010089867901446,0,"Flagged due to: logins from unusual number of PCs (extremely above normal, z=4.53); high USB device usage (significantly below normal, z=-2.59)"
JBM0350,2010-02-09,1,0.008072985383698,0,"Flagged due to: unusual email activity (extremely below normal, z=-5.23); after-hours login activity (somewhat above normal, z=1.85)"
JBM0350,2010-03-24,1,0.0150763438550883,0,"Flagged due to: logins from unusual number of PCs (extremely above normal, z=4.56); unusual number of logins (extremely above normal, z=3.83)"
JBM0350,2010-04-17,1,0.0310589021363844,0,"Flagged due to: unusual email activity (extremely below normal, z=-7.42); after-hours login activity (somewhat above normal, z=1.85)"
JBM0350,2010-10-19,1,0.0141905254380385,0,"Flagged due to: logins from unusual number of PCs (extremely above normal, z=4.56); unusual number of logins (extremely above normal, z=3.83)"
JBM0350,2010-11-17,1,0.0127349382834714,0,"Flagged due to: logins from unusual number of PCs (extremely above normal, z=4.56); after-hours login activity (somewhat above normal, z=1.85)"
JBM0350,2011-01-08,1,0.0310589021363844,0,"Flagged due to: unusual email activity (extremely below normal, z=-7.42); after-hours login activity (somewhat above normal, z=1.85)"
JBM0350,2011-02-26,1,0.0310589021363844,0,"Flagged due to: unusual email activity (extremely below normal, z=-7.42); after-hours login activity (somewhat above normal, z=1.85)"
JBM0350,2011-05-14,1,0.0310589021363844,0,"Flagged due to: unusual email activity (extremely below normal, z=-7.42); after-hours login activity (somewhat above normal, z=1.85)"
JCC0225,2010-10-25,1,0.0363035901230596,0,"Flagged due to: unusual email activity (extremely below normal, z=-10.13); emails sent to external addresses (significantly below normal, z=-2.04)"
JCC0225,2011-05-06,1,0.0479712688918627,0,"Flagged due to: unusual email activity (extremely below normal, z=-7.29); after-hours login activity (somewhat below normal, z=-1.74)"
JCG0316,2010-03-05,1,0.0980947985857056,0,"Flagged due to: unusual email activity (extremely below normal, z=-5.87); unusual number of logins (significantly below normal, z=-2.51)"
JCG0316,2010-03-26,1,0.00267325933003,0,"Flagged due to: unusual number of logins (somewhat above normal, z=1.97); high USB device usage (somewhat below normal, z=-1.94)"
JCG0316,2010-04-12,1,0.0004271266600522,0,"Flagged due to: high USB device usage (somewhat below normal, z=-1.94); unusual file access activity (somewhat below normal, z=-1.83)"
JCG0316,2010-06-09,1,0.0185889939206408,0,"Flagged due to: unusual file access activity (somewhat above normal, z=1.98); unusual number of logins (somewhat above normal, z=1.97)"
JCG0316,2010-07-08,1,0.072236510783669,0,"Flagged due to: unusual email activity (extremely below normal, z=-6.38); unusual number of logins (somewhat above normal, z=1.97)"
JCG0316,2010-09-13,1,0.0164511062018852,0,"Flagged due to: unusual number of logins (somewhat above normal, z=1.97); high USB device usage (somewhat below normal, z=-1.94)"
JCG0316,2010-10-14,1,0.0164511062018852,0,"Flagged due to: unusual number of logins (somewhat above normal, z=1.97); high USB device usage (somewhat below normal, z=-1.94)"
JCG0316,2010-10-28,1,0.0068068588045269,0,"Flagged due to: unusual email activity (extremely below normal, z=-4.33); unusual number of logins (somewhat above normal, z=1.97)"
JCG0316,2010-12-06,1,0.0216266645355759,0,"Flagged due to: unusual email activity (extremely below normal, z=-6.38); emails sent to external addresses (somewhat below normal, z=-1.53)"
JCG0316,2011-01-21,1,0.0053838341544288,0,"Flagged due to: unusual email activity (extremely below normal, z=-5.36); emails sent to external addresses (significantly below normal, z=-2.08)"
JCG0316,2011-04-04,1,0.0005325996430752,0,"Flagged due to: high USB device usage (somewhat below normal, z=-1.94); unusual file access activity (somewhat below normal, z=-1.83)"
JCG0316,2011-04-26,1,0.0148632062685103,0,"Flagged due to: high USB device usage (somewhat below normal, z=-1.94); unusual file access activity (somewhat below normal, z=-1.83)"
JCG0316,2011-05-05,1,0.0037125628086488,0,"Flagged due to: unusual number of logins (somewhat above normal, z=1.97); high USB device usage (somewhat above normal, z=1.91)"
JCR0172,2010-06-01,1,0.0327142640948073,0,"Flagged due to: unusual email activity (extremely below normal, z=-6.68); unusual file access activity (significantly above normal, z=2.47)"
JCR0172,2010-06-03,1,0.0454184129057377,0,"Flagged due to: unusual email activity (extremely below normal, z=-4.58); high USB device usage (significantly above normal, z=2.42)"
JCR0172,2010-08-26,1,0.0153081589027377,0,"Flagged due to: unusual email activity (extremely below normal, z=-8.77); emails sent to external addresses (somewhat below normal, z=-1.93)"
JDB0169,2010-09-23,1,0.0271566504968571,0,"Flagged due to: unusual email activity (extremely below normal, z=-7.21); unusual file access activity (somewhat below normal, z=-1.93)"
JDB0169,2010-10-29,1,0.0233326619907194,0,"Flagged due to: unusual email activity (extremely below normal, z=-6.67); unusual file access activity (somewhat below normal, z=-1.63)"
JDC0030,2010-01-04,1,0.005065592010216,0,"Flagged due to: logins from unusual number of PCs (extremely above normal, z=3.55); unusual number of logins (significantly above normal, z=2.55)"
JDC0030,2010-01-14,1,0.0880171150641414,0,"Flagged due to: unusual email activity (extremely below normal, z=-6.53); unusual file access activity (significantly above normal, z=2.66)"
JDC0030,2010-02-05,1,0.0966560456731111,0,"Flagged due to: logins from unusual number of PCs (extremely above normal, z=3.55); unusual file access activity (extremely above normal, z=3.37)"
JDC0030,2010-02-07,1,0.0075989837280729,0,"Flagged due to: unusual file access activity (extremely above normal, z=3.02); high USB device usage (significantly above normal, z=2.44)"
JDC0030,2010-03-10,1,0.0341013234640866,0,"Flagged due to: logins from unusual number of PCs (extremely above normal, z=3.55); unusual number of logins (significantly above normal, z=2.55)"
JDC0030,2010-03-26,1,0.0175001632713578,0,"Flagged due to: logins from unusual number of PCs (extremely above normal, z=3.55); unusual file access activity (significantly above normal, z=2.66)"
JDC0030,2010-04-30,1,0.0121161905715807,0,"Flagged due to: logins from unusual number of PCs (extremely above normal, z=3.55); unusual file access activity (extremely above normal, z=3.37)"
JDC0030,2010-05-07,1,0.0562925724373933,0,"Flagged due to: logins from unusual number of PCs (extremely above normal, z=3.55); unusual number of logins (significantly above normal, z=2.55)"
JDC0030,2010-08-29,1,0.006407429060631,0,"Flagged due to: unusual email activity (extremely below normal, z=-5.02); unusual number of logins (somewhat below normal, z=-1.98)"
JDC0030,2010-10-01,1,0.0621371292086072,0,"Flagged due to: logins from unusual number of PCs (extremely above normal, z=3.55); high USB device usage (significantly above normal, z=2.44)"
JDC0030,2010-10-02,1,0.069236470622892,0,"Flagged due to: logins from unusual number of PCs (extremely above normal, z=3.55); unusual number of logins (significantly above normal, z=2.55)"
JDC0030,2010-11-04,1,0.011611968170159,0,"Flagged due to: logins from unusual number of PCs (extremely above normal, z=3.55); unusual number of logins (significantly above normal, z=2.55)"
JDC0030,2011-01-11,1,0.014513266788826,0,"Flagged due to: unusual email activity (extremely below normal, z=-8.05); emails sent to external addresses (significantly below normal, z=-2.31)"
JDC0030,2011-02-14,1,0.0349759887065119,0,"Flagged due to: logins from unusual number of PCs (extremely above normal, z=3.55); unusual number of logins (significantly above normal, z=2.55)"
JDF0593,2010-01-09,1,0.0020983474543888,0,"Flagged due to: after-hours login activity (significantly above normal, z=2.27); logins from unusual number of PCs (somewhat above normal, z=1.97)"
JDF0593,2010-01-11,1,0.0325282787207144,0,"Flagged due to: unusual email activity (extremely below normal, z=-3.67); unusual file access activity (somewhat above normal, z=1.68)"
JDF0593,2010-01-18,1,0.0165933837588705,0,"Flagged due to: unusual email activity (extremely below normal, z=-3.67); logins from unusual number of PCs (somewhat above normal, z=1.97)"
JDF0593,2010-01-23,1,0.0800912239975312,0,"Flagged due to: high USB device usage (extremely below normal, z=-5.38); unusual email activity (extremely below normal, z=-3.67)"
JDF0593,2010-01-30,1,0.0800912239975312,0,"Flagged due to: high USB device usage (extremely below normal, z=-5.38); unusual email activity (extremely below normal, z=-3.67)"
JDF0593,2010-02-26,1,0.0394500581620378,0,"Flagged due to: after-hours login activity (significantly above normal, z=2.27); unusual file access activity (significantly above normal, z=2.25)"
JDF0593,2010-03-03,1,0.0132548528793894,0,"Flagged due to: unusual number of logins (extremely above normal, z=3.25); after-hours login activity (significantly above normal, z=2.27)"
JDF0593,2010-03-16,1,0.0318716528528275,0,"Flagged due to: unusual number of logins (extremely above normal, z=3.25); after-hours login activity (significantly above normal, z=2.27)"
JDF0593,2010-03-19,1,0.0958961761499161,0,"Flagged due to: unusual number of logins (extremely above normal, z=3.25); unusual file access activity (significantly above normal, z=2.82)"
JDF0593,2010-05-08,1,0.0800912239975312,0,"Flagged due to: high USB device usage (extremely below normal, z=-5.38); unusual email activity (extremely below normal, z=-3.67)"
JDF0593,2010-05-22,1,0.0800912239975312,0,"Flagged due to: high USB device usage (extremely below normal, z=-5.38); unusual email activity (extremely below normal, z=-3.67)"
JDF0593,2010-05-25,1,0.0369691196256226,0,"Flagged due to: unusual number of logins (extremely above normal, z=3.25); after-hours login activity (significantly above normal, z=2.27)"
JDF0593,2010-05-26,1,0.043675214669189,0,"Flagged due to: unusual email activity (extremely below normal, z=-3.67); logins from unusual number of PCs (somewhat above normal, z=1.97)"
JDF0593,2010-05-27,1,0.04218446286398,0,"Flagged due to: unusual file access activity (significantly above normal, z=2.82); after-hours login activity (significantly above normal, z=2.27)"
JDF0593,2010-06-05,1,0.0640737948819276,0,"Flagged due to: after-hours login activity (significantly above normal, z=2.27); unusual file access activity (significantly above normal, z=2.25)"
JDF0593,2010-06-15,1,0.0053052885534743,0,"Flagged due to: unusual file access activity (significantly above normal, z=2.25); logins from unusual number of PCs (somewhat above normal, z=1.97)"
JDF0593,2010-06-16,1,0.0030043902399997,0,"Flagged due to: after-hours login activity (significantly above normal, z=2.27); high USB device usage (somewhat below normal, z=-1.52)"
JDF0593,2010-06-25,1,0.0132582773413526,0,"Flagged due to: after-hours login activity (significantly above normal, z=2.27); unusual file access activity (significantly above normal, z=2.25)"
JDF0593,2010-07-19,1,0.035988873623835,0,"Flagged due to: unusual number of logins (extremely above normal, z=3.25); after-hours login activity (significantly above normal, z=2.27)"
JDF0593,2010-08-31,1,0.0524115343764749,0,"Flagged due to: unusual email activity (extremely below normal, z=-3.67); unusual file access activity (significantly above normal, z=2.82)"
JDF0593,2010-09-18,1,0.0800912239975312,0,"Flagged due to: high USB device usage (extremely below normal, z=-5.38); unusual email activity (extremely below normal, z=-3.67)"
JDF0593,2010-10-12,1,0.0078302517211374,0,"Flagged due to: after-hours login activity (significantly above normal, z=2.27); unusual file access activity (somewhat above normal, z=1.68)"
JDF0593,2010-11-08,1,0.0478818108337615,0,"Flagged due to: after-hours login activity (significantly above normal, z=2.27); unusual file access activity (significantly above normal, z=2.25)"
JDF0593,2010-11-24,1,0.0511389776411334,0,"Flagged due to: unusual email activity (extremely below normal, z=-3.67); after-hours login activity (significantly above normal, z=2.27)"
JDF0593,2010-11-26,1,0.0800912239975312,0,"Flagged due to: high USB device usage (extremely below normal, z=-5.38); unusual email activity (extremely below normal, z=-3.67)"
JDF0593,2010-12-01,1,0.0742625775370042,0,"Flagged due to: unusual file access activity (significantly above normal, z=2.82); after-hours login activity (significantly above normal, z=2.27)"
JDF0593,2010-12-07,1,0.0241119655002454,0,"Flagged due to: unusual number of logins (extremely above normal, z=3.25); after-hours login activity (significantly above normal, z=2.27)"
JDF0593,2010-12-11,1,0.0800912239975312,0,"Flagged due to: high USB device usage (extremely below normal, z=-5.38); unusual email activity (extremely below normal, z=-3.67)"
JDF0593,2011-01-02,1,0.0500217316901765,0,"Flagged due to: unusual email activity (extremely below normal, z=-3.67); after-hours login activity (significantly above normal, z=2.27)"
JDF0593,2011-01-06,1,0.0511389776411334,0,"Flagged due to: unusual email activity (extremely below normal, z=-3.67); after-hours login activity (significantly above normal, z=2.27)"
JDF0593,2011-01-22,1,0.0800912239975312,0,"Flagged due to: high USB device usage (extremely below normal, z=-5.38); unusual email activity (extremely below normal, z=-3.67)"
JDF0593,2011-02-01,1,0.0324134228068585,0,"Flagged due to: unusual email activity (extremely below normal, z=-3.67); after-hours login activity (significantly above normal, z=2.27)"
JDF0593,2011-03-12,1,0.0399031168908405,0,"Flagged due to: high USB device usage (extremely below normal, z=-5.38); unusual email activity (extremely below normal, z=-3.67)"
JDF0593,2011-03-15,1,0.0241119655002454,0,"Flagged due to: unusual number of logins (extremely above normal, z=3.25); after-hours login activity (significantly above normal, z=2.27)"
JDF0593,2011-05-04,1,0.0103149932504121,0,"Flagged due to: unusual file access activity (extremely above normal, z=5.11); logins from unusual number of PCs (somewhat above normal, z=1.97)"
JDF0593,2011-05-05,1,0.0078302517211374,0,"Flagged due to: after-hours login activity (significantly above normal, z=2.27); unusual file access activity (somewhat above normal, z=1.68)"
JDF0593,2011-05-17,1,0.0800912239975312,0,"Flagged due to: high USB device usage (extremely below normal, z=-5.38); unusual email activity (extremely below normal, z=-3.67)"
JFC0557,2010-06-09,1,0.0307746458709765,0,"Flagged due to: unusual email activity (extremely below normal, z=-8.08); high USB device usage (somewhat above normal, z=1.86)"
JFC0557,2010-09-03,1,0.0178808974049095,0,"Flagged due to: unusual email activity (extremely below normal, z=-7.15); unusual file access activity (significantly below normal, z=-2.35)"
JFC0557,2011-02-01,1,0.0038956041589814,0,"Flagged due to: unusual email activity (extremely below normal, z=-4.36); unusual number of logins (somewhat below normal, z=-1.87)"
JGT0221,2010-06-29,1,0.0744739363451166,0,"Flagged due to: unusual email activity (extremely below normal, z=-7.67); emails sent to external addresses (somewhat below normal, z=-1.97)"
JGT0221,2010-07-15,1,0.0181829096638058,1,"Flagged due to: high USB device usage (significantly above normal, z=2.0); unusual number of logins (somewhat above normal, z=1.9)"
JHP0583,2010-01-14,1,0.0540472695529509,0,"Flagged due to: after-hours login activity (significantly above normal, z=2.82); logins from unusual number of PCs (somewhat above normal, z=1.88)"
JHP0583,2010-01-20,1,0.014352394507661,0,"Flagged due to: after-hours login activity (significantly above normal, z=2.82); logins from unusual number of PCs (somewhat above normal, z=1.88)"
JHP0583,2010-02-03,1,0.0381763309953068,0,"Flagged due to: unusual number of logins (extremely above normal, z=3.95); after-hours login activity (significantly above normal, z=2.82)"
JHP0583,2010-02-08,1,0.0272611782901573,0,"Flagged due to: unusual email activity (extremely below normal, z=-5.27); high USB device usage (extremely above normal, z=3.08)"
JHP0583,2010-02-17,1,0.0257299324633716,0,"Flagged due to: after-hours login activity (significantly above normal, z=2.82); logins from unusual number of PCs (somewhat above normal, z=1.88)"
JHP0583,2010-03-10,1,0.0473249443551649,0,"Flagged due to: after-hours login activity (significantly above normal, z=2.82); high USB device usage (significantly above normal, z=2.05)"
JHP0583,2010-04-02,1,0.0455226072018698,0,"Flagged due to: unusual number of logins (extremely above normal, z=3.95); after-hours login activity (significantly above normal, z=2.82)"
JHP0583,2010-04-14,1,0.0041772980078196,0,"Flagged due to: unusual email activity (extremely below normal, z=-5.27); high USB device usage (somewhat below normal, z=-1.06)"
JHP0583,2010-04-27,1,0.0102612588244178,0,"Flagged due to: after-hours login activity (significantly above normal, z=2.82); logins from unusual number of PCs (somewhat above normal, z=1.88)"
JHP0583,2010-04-30,1,0.0047027581375489,0,"Flagged due to: high USB device usage (significantly above normal, z=2.05); logins from unusual number of PCs (somewhat above normal, z=1.88)"
JHP0583,2010-05-09,1,0.1148481219428492,0,"Flagged due to: unusual email activity (extremely below normal, z=-5.27); after-hours login activity (significantly above normal, z=2.82)"
JHP0583,2010-05-13,1,0.0040879025125658,0,"Flagged due to: after-hours login activity (significantly above normal, z=2.82); unusual number of logins (somewhat above normal, z=1.86)"
JHP0583,2010-05-28,1,0.0266579363210155,0,"Flagged due to: after-hours login activity (significantly above normal, z=2.82); unusual number of logins (somewhat above normal, z=1.86)"
JHP0583,2010-06-02,1,0.045493136147208,0,"Flagged due to: after-hours login activity (significantly above normal, z=2.82); high USB device usage (significantly below normal, z=-2.09)"
JHP0583,2010-06-12,1,0.0079851645625373,0,"Flagged due to: after-hours login activity (significantly above normal, z=2.82); unusual number of logins (somewhat above normal, z=1.86)"
JHP0583,2010-08-05,1,0.0166388657059457,0,"Flagged due to: unusual email activity (extremely below normal, z=-5.27); logins from unusual number of PCs (somewhat above normal, z=1.88)"
JHP0583,2010-08-06,1,0.069486041145478,0,"Flagged due to: after-hours login activity (significantly above normal, z=2.82); high USB device usage (significantly below normal, z=-2.09)"
JHP0583,2010-08-18,1,0.0389592994750334,0,"Flagged due to: unusual email activity (extremely below normal, z=-5.27); logins from unusual number of PCs (somewhat above normal, z=1.88)"
JHP0583,2010-08-20,1,0.069486041145478,0,"Flagged due to: after-hours login activity (significantly above normal, z=2.82); high USB device usage (significantly below normal, z=-2.09)"
JHP0583,2010-09-29,1,0.0154365661837869,0,"Flagged due to: after-hours login activity (significantly above normal, z=2.82); logins from unusual number of PCs (somewhat above normal, z=1.88)"
JHP0583,2010-10-04,1,0.0047027581375489,0,"Flagged due to: high USB device usage (significantly above normal, z=2.05); logins from unusual number of PCs (somewhat above normal, z=1.88)"
JHP0583,2010-10-05,1,0.0598084822552421,0,"Flagged due to: after-hours login activity (significantly above normal, z=2.82); logins from unusual number of PCs (somewhat above normal, z=1.88)"
JHP0583,2010-10-20,1,0.0077580389901708,0,"Flagged due to: unusual email activity (extremely below normal, z=-5.27); unusual number of logins (significantly below normal, z=-2.33)"
JHP0583,2010-11-13,1,0.1148481219428492,0,"Flagged due to: unusual email activity (extremely below normal, z=-5.27); after-hours login activity (significantly above normal, z=2.82)"
JHP0583,2010-11-19,1,0.0079851645625373,0,"Flagged due to: after-hours login activity (significantly above normal, z=2.82); unusual number of logins (somewhat above normal, z=1.86)"
JHP0583,2010-11-20,1,0.069486041145478,0,"Flagged due to: after-hours login activity (significantly above normal, z=2.82); high USB device usage (significantly below normal, z=-2.09)"
JHP0583,2011-01-04,1,0.0022958863366653,0,"Flagged due to: after-hours login activity (significantly above normal, z=2.82); unusual number of logins (somewhat above normal, z=1.86)"
JHP0583,2011-03-03,1,0.0367664906678254,0,"Flagged due to: after-hours login activity (significantly above normal, z=2.82); logins from unusual number of PCs (somewhat above normal, z=1.88)"
JHP0583,2011-03-10,1,0.0126981073188112,0,"Flagged due to: high USB device usage (significantly below normal, z=-2.09); logins from unusual number of PCs (somewhat above normal, z=1.88)"
JHP0583,2011-03-11,1,0.0132309812534771,0,"Flagged due to: after-hours login activity (significantly above normal, z=2.82); unusual number of logins (somewhat above normal, z=1.86)"
JHP0583,2011-03-28,1,0.0120192471325213,0,"Flagged due to: unusual email activity (extremely below normal, z=-5.27); unusual file access activity (somewhat below normal, z=-1.35)"
JHP0583,2011-03-29,1,0.0279065524101017,0,"Flagged due to: high USB device usage (significantly below normal, z=-2.09); logins from unusual number of PCs (somewhat above normal, z=1.88)"
JHP0583,2011-04-11,1,0.0330918209452802,0,"Flagged due to: after-hours login activity (significantly above normal, z=2.82); logins from unusual number of PCs (somewhat above normal, z=1.88)"
JHP0583,2011-05-11,1,0.0017135171028698,0,"Flagged due to: logins from unusual number of PCs (somewhat above normal, z=1.88); unusual number of logins (somewhat above normal, z=1.86)"
JHP0583,2011-05-13,1,0.0552955818372966,0,"Flagged due to: after-hours login activity (significantly above normal, z=2.82); logins from unusual number of PCs (somewhat above normal, z=1.88)"
JJB0700,2010-01-18,1,0.0396186649428315,0,"Flagged due to: unusual email activity (extremely below normal, z=-5.06); unusual number of logins (extremely above normal, z=3.58)"
JJB0700,2010-08-12,1,0.0396186649428315,0,"Flagged due to: unusual email activity (extremely below normal, z=-5.06); unusual number of logins (extremely above normal, z=3.58)"
JJB0700,2011-01-13,1,0.0385202397903635,0,"Flagged due to: unusual email activity (extremely above normal, z=5.33); unusual number of logins (extremely above normal, z=3.58)"
JJH0613,2010-01-25,1,0.0242827739442013,0,"Flagged due to: unusual email activity (extremely below normal, z=-6.21); unusual file access activity (somewhat below normal, z=-1.7)"
JJH0613,2010-01-27,1,0.0931584226727182,0,"Flagged due to: unusual email activity (extremely below normal, z=-4.44); unusual number of logins (significantly above normal, z=2.23)"
JJH0613,2010-04-27,1,0.0017872110185965,0,"Flagged due to: high USB device usage (significantly above normal, z=2.86); unusual number of logins (significantly above normal, z=2.23)"
JJH0613,2010-05-27,1,0.0211333466918495,0,"Flagged due to: unusual number of logins (significantly above normal, z=2.23); emails sent to external addresses (significantly above normal, z=2.13)"
JJH0613,2010-09-13,1,0.0250318198915944,0,"Flagged due to: unusual number of logins (significantly above normal, z=2.23); unusual email activity (significantly below normal, z=-2.08)"
JJH0613,2010-09-16,1,0.0203386224418946,0,"Flagged due to: unusual email activity (extremely below normal, z=-6.8); emails sent to external addresses (somewhat below normal, z=-1.84)"
JJH0613,2010-10-18,1,0.0114074793027366,0,"Flagged due to: unusual number of logins (significantly above normal, z=2.23); high USB device usage (somewhat above normal, z=1.89)"
JJH0613,2010-10-27,1,0.0122314965002201,0,"Flagged due to: unusual number of logins (significantly above normal, z=2.23); high USB device usage (somewhat above normal, z=1.89)"
JJH0613,2011-03-17,1,0.0120009601482046,0,"Flagged due to: unusual email activity (extremely below normal, z=-5.03); logins from unusual number of PCs (somewhat above normal, z=1.68)"
JJH0613,2011-03-18,1,0.0179522136030929,0,"Flagged due to: unusual email activity (extremely below normal, z=-8.57); emails sent to external addresses (somewhat below normal, z=-1.84)"
JJM0203,2010-01-22,1,0.0203723325541993,0,"Flagged due to: unusual number of logins (significantly above normal, z=2.06); high USB device usage (somewhat below normal, z=-1.95)"
JJM0203,2010-06-14,1,0.0132659027021215,0,"Flagged due to: unusual email activity (extremely below normal, z=-11.32); logins from unusual number of PCs (somewhat above normal, z=1.74)"
JJM0203,2010-10-04,1,0.0064096040862733,1,"Flagged due to: high USB device usage (extremely above normal, z=5.01); unusual file access activity (extremely above normal, z=3.19)"
JJM0203,2010-10-14,1,0.0561330403583755,1,"Flagged due to: high USB device usage (extremely above normal, z=4.02); unusual file access activity (significantly above normal, z=2.14)"
JJM0203,2010-10-19,1,0.0668207538075854,1,"Flagged due to: high USB device usage (extremely above normal, z=5.01); unusual file access activity (extremely above normal, z=3.72)"
JLM0364,2010-01-07,1,0.0172176358819315,0,"Flagged due to: unusual email activity (extremely below normal, z=-7.13); emails sent to external addresses (somewhat below normal, z=-1.5)"
JMB0308,2010-07-12,1,0.0846350300135045,0,"Flagged due to: unusual number of logins (extremely above normal, z=12.04); high USB device usage (extremely above normal, z=12.04)"
JMB0308,2010-07-14,1,0.005493311095828,1,"Flagged due to: unusual number of logins (extremely above normal, z=12.04); high USB device usage (significantly above normal, z=2.34)"
JMB0308,2010-07-15,1,0.0291717714981277,1,"Flagged due to: unusual number of logins (extremely above normal, z=12.04); high USB device usage (significantly above normal, z=2.34)"
JMB0308,2010-07-20,1,0.0106645236171104,1,"Flagged due to: unusual number of logins (extremely above normal, z=12.04); high USB device usage (significantly above normal, z=2.34)"
JMC0925,2010-02-17,1,0.002541870092887,0,"Flagged due to: unusual number of logins (extremely above normal, z=3.01); after-hours login activity (significantly above normal, z=2.24)"
JMC0925,2010-03-06,1,0.0525434524774154,0,"Flagged due to: unusual email activity (extremely below normal, z=-6.85); after-hours login activity (significantly above normal, z=2.24)"
JMC0925,2010-04-27,1,0.0076001868803947,0,"Flagged due to: after-hours login activity (extremely above normal, z=4.91); unusual number of logins (extremely above normal, z=3.01)"
JMC0925,2010-09-30,1,0.052510709110606,0,"Flagged due to: unusual email activity (extremely below normal, z=-6.85); after-hours login activity (significantly above normal, z=2.24)"
JMC0925,2010-10-02,1,0.0525434524774154,0,"Flagged due to: unusual email activity (extremely below normal, z=-6.85); after-hours login activity (significantly above normal, z=2.24)"
JMC0925,2010-11-06,1,0.0525434524774154,0,"Flagged due to: unusual email activity (extremely below normal, z=-6.85); after-hours login activity (significantly above normal, z=2.24)"
JMC0925,2011-02-03,1,0.0087733911518562,0,"Flagged due to: logins from unusual number of PCs (extremely above normal, z=3.62); unusual number of logins (extremely above normal, z=3.01)"
JMC0925,2011-05-14,1,0.0525434524774154,0,"Flagged due to: unusual email activity (extremely below normal, z=-6.85); after-hours login activity (significantly above normal, z=2.24)"
JMD0520,2010-01-19,1,0.0046863367597815,0,"Flagged due to: after-hours login activity (extremely above normal, z=3.31); unusual number of logins (somewhat above normal, z=1.77)"
JMD0520,2010-03-06,1,0.1309798081889589,0,"Flagged due to: unusual email activity (extremely below normal, z=-6.57); after-hours login activity (extremely above normal, z=3.31)"
JMD0520,2010-03-19,1,0.007429801367135,0,"Flagged due to: logins from unusual number of PCs (significantly above normal, z=2.22); unusual email activity (significantly below normal, z=-2.04)"
JMD0520,2010-03-23,1,0.0006530200118255,0,"Flagged due to: logins from unusual number of PCs (significantly above normal, z=2.22); unusual email activity (significantly below normal, z=-2.04)"
JMD0520,2010-04-12,1,0.0258136130097289,0,"Flagged due to: after-hours login activity (extremely above normal, z=3.31); logins from unusual number of PCs (significantly above normal, z=2.22)"
JMD0520,2010-04-16,1,0.0151293762417855,0,"Flagged due to: logins from unusual number of PCs (significantly above normal, z=2.22); high USB device usage (somewhat below normal, z=-1.9)"
JMD0520,2010-04-30,1,0.0141073235516101,0,"Flagged due to: high USB device usage (somewhat below normal, z=-1.9); unusual number of logins (somewhat below normal, z=-1.8)"
JMD0520,2010-05-18,1,0.0403585888008672,0,"Flagged due to: logins from unusual number of PCs (significantly above normal, z=2.22); high USB device usage (somewhat below normal, z=-1.9)"
JMD0520,2010-05-20,1,0.0960361591353303,0,"Flagged due to: logins from unusual number of PCs (extremely above normal, z=4.8); unusual number of logins (extremely above normal, z=3.55)"
JMD0520,2010-05-27,1,0.0141073235516101,0,"Flagged due to: high USB device usage (somewhat below normal, z=-1.9); unusual number of logins (somewhat below normal, z=-1.8)"
JMD0520,2010-06-01,1,0.0433919189246717,0,"Flagged due to: logins from unusual number of PCs (significantly above normal, z=2.22); high USB device usage (significantly above normal, z=2.09)"
JMD0520,2010-07-03,1,0.1309798081889589,0,"Flagged due to: unusual email activity (extremely below normal, z=-6.57); after-hours login activity (extremely above normal, z=3.31)"
JMD0520,2010-07-08,1,0.0229809107951528,0,"Flagged due to: logins from unusual number of PCs (significantly above normal, z=2.22); high USB device usage (somewhat below normal, z=-1.9)"
JMD0520,2010-08-09,1,0.0151673674179321,0,"Flagged due to: unusual number of logins (extremely above normal, z=3.55); after-hours login activity (extremely above normal, z=3.31)"
JMD0520,2010-08-17,1,0.0453734558636567,0,"Flagged due to: after-hours login activity (extremely above normal, z=3.31); high USB device usage (significantly above normal, z=2.09)"
JMD0520,2010-08-18,1,0.0002258332372563,0,"Flagged due to: logins from unusual number of PCs (significantly above normal, z=2.22); emails sent to external addresses (somewhat above normal, z=1.79)"
JMD0520,2010-09-14,1,0.0713971695388228,0,"Flagged due to: logins from unusual number of PCs (extremely above normal, z=4.8); unusual number of logins (extremely above normal, z=3.55)"
JMD0520,2010-09-29,1,0.0211765589197192,0,"Flagged due to: logins from unusual number of PCs (significantly above normal, z=2.22); unusual email activity (significantly below normal, z=-2.04)"
JMD0520,2010-10-07,1,0.0123477511011977,0,"Flagged due to: unusual email activity (extremely below normal, z=-6.57); unusual file access activity (somewhat above normal, z=1.41)"
JMD0520,2010-10-20,1,0.0582792807747691,0,"Flagged due to: unusual number of logins (extremely above normal, z=3.55); after-hours login activity (extremely above normal, z=3.31)"
JMD0520,2010-10-21,1,0.0675146976197976,0,"Flagged due to: logins from unusual number of PCs (significantly above normal, z=2.22); unusual email activity (significantly below normal, z=-2.04)"
JMD0520,2010-10-27,1,0.0531604568454161,0,"Flagged due to: logins from unusual number of PCs (significantly above normal, z=2.22); unusual email activity (significantly below normal, z=-2.04)"
JMD0520,2010-10-28,1,0.0537017549267538,0,"Flagged due to: after-hours login activity (extremely above normal, z=3.31); unusual file access activity (significantly above normal, z=2.34)"
JMD0520,2010-11-05,1,0.0155089613701649,0,"Flagged due to: logins from unusual number of PCs (significantly above normal, z=2.22); high USB device usage (significantly above normal, z=2.09)"
JMD0520,2010-11-23,1,0.0263021257629857,0,"Flagged due to: after-hours login activity (extremely above normal, z=3.31); logins from unusual number of PCs (significantly above normal, z=2.22)"
JMD0520,2010-12-13,1,0.0457411085230708,0,"Flagged due to: logins from unusual number of PCs (extremely above normal, z=4.8); unusual number of logins (extremely above normal, z=3.55)"
JMD0520,2011-01-04,1,0.0447926215248667,0,"Flagged due to: after-hours login activity (extremely above normal, z=3.31); unusual email activity (significantly below normal, z=-2.04)"
JMD0520,2011-01-27,1,0.0304365766795766,0,"Flagged due to: after-hours login activity (extremely above normal, z=3.31); unusual number of logins (somewhat above normal, z=1.77)"
JMD0520,2011-03-07,1,0.0151293762417855,0,"Flagged due to: logins from unusual number of PCs (significantly above normal, z=2.22); high USB device usage (somewhat below normal, z=-1.9)"
JMD0520,2011-03-29,1,0.0141073235516101,0,"Flagged due to: high USB device usage (somewhat below normal, z=-1.9); unusual number of logins (somewhat below normal, z=-1.8)"
JMK0099,2010-04-26,1,0.0066640933478893,0,"Flagged due to: unusual email activity (extremely below normal, z=-6.58); emails sent to external addresses (significantly below normal, z=-2.25)"
JMK0099,2010-06-04,1,0.0150166494988475,0,"Flagged due to: unusual email activity (extremely below normal, z=-5.06); unusual number of logins (somewhat above normal, z=1.9)"
JMK0099,2010-08-12,1,0.0482559842285256,0,"Flagged due to: unusual file access activity (significantly above normal, z=2.89); high USB device usage (significantly above normal, z=2.29)"
JMK0099,2010-09-27,1,0.035208357937571,0,"Flagged due to: unusual file access activity (extremely above normal, z=3.92); unusual number of logins (significantly below normal, z=-2.43)"
JMK0099,2010-09-28,1,0.019682729763314,0,"Flagged due to: high USB device usage (significantly above normal, z=2.29); unusual number of logins (somewhat above normal, z=1.9)"
JMK0099,2010-11-10,1,0.0080487649455476,0,"Flagged due to: high USB device usage (extremely above normal, z=3.72); unusual file access activity (significantly above normal, z=2.2)"
JMK0099,2010-11-12,1,0.0314041264910859,0,"Flagged due to: unusual email activity (extremely below normal, z=-3.54); high USB device usage (significantly above normal, z=2.29)"
JMK0099,2011-01-24,1,0.0184301668767488,0,"Flagged due to: unusual email activity (extremely below normal, z=-5.06); unusual number of logins (significantly below normal, z=-2.43)"
JMK0099,2011-02-03,1,0.0081354626682573,0,"Flagged due to: high USB device usage (significantly above normal, z=2.29); unusual number of logins (somewhat above normal, z=1.9)"
JNJ0556,2010-11-03,1,0.0129056045040508,0,"Flagged due to: unusual email activity (extremely below normal, z=-6.46); emails sent to external addresses (significantly below normal, z=-2.01)"
JNJ0556,2011-01-11,1,0.019562843865273,0,"Flagged due to: unusual email activity (extremely below normal, z=-8.4); emails sent to external addresses (significantly below normal, z=-2.01)"
JNJ0556,2011-03-30,1,0.0499774089334351,0,"Flagged due to: unusual email activity (extremely below normal, z=-5.5); high USB device usage (significantly below normal, z=-2.84)"
JRG0207,2011-01-18,1,0.1338532739328873,0,"Flagged due to: unusual file access activity (extremely above normal, z=12.35); unusual number of logins (extremely above normal, z=11.68)"
JRG0207,2011-01-19,1,0.0323676517573913,1,"Flagged due to: unusual number of logins (extremely above normal, z=11.68); after-hours login activity (extremely above normal, z=11.68)"
JRG0207,2011-01-20,1,0.1435513754651579,1,"Flagged due to: unusual file access activity (extremely above normal, z=13.74); unusual number of logins (extremely above normal, z=11.68)"
JRG0207,2011-01-28,1,0.1347811530773817,0,"Flagged due to: unusual number of logins (extremely above normal, z=11.68); after-hours login activity (extremely above normal, z=11.68)"
JTM0223,2010-03-23,1,0.0687055547515397,0,"Flagged due to: unusual email activity (extremely below normal, z=-6.72); emails sent to external addresses (significantly below normal, z=-2.13)"
JTM0223,2010-06-29,1,0.0111831314398119,0,"Flagged due to: emails sent to external addresses (significantly below normal, z=-2.13); after-hours login activity (somewhat below normal, z=-1.76)"
JTM0223,2010-07-22,1,0.0356739455310222,1,"Flagged due to: high USB device usage (significantly above normal, z=2.0); after-hours login activity (somewhat above normal, z=1.98)"
JTM0223,2010-07-23,1,0.0361488337234532,1,"Flagged due to: unusual email activity (extremely below normal, z=-4.8); emails sent to external addresses (significantly below normal, z=-2.13)"
JTS0389,2010-04-06,1,0.0437366094395315,0,"Flagged due to: unusual email activity (extremely below normal, z=-5.75); unusual number of logins (somewhat above normal, z=1.87)"
JTS0389,2010-04-08,1,0.0166649291426331,0,"Flagged due to: unusual email activity (extremely below normal, z=-7.26); emails sent to external addresses (significantly below normal, z=-2.04)"
JTS0389,2010-06-28,1,0.0076628012625844,0,"Flagged due to: unusual email activity (significantly below normal, z=-2.74); unusual number of logins (somewhat above normal, z=1.87)"
JTS0389,2010-07-06,1,0.0054976828209218,0,"Flagged due to: unusual email activity (extremely below normal, z=-3.49); unusual number of logins (somewhat above normal, z=1.87)"
JTS0389,2010-07-26,1,0.0141212602953353,0,"Flagged due to: unusual file access activity (extremely above normal, z=3.58); high USB device usage (significantly above normal, z=2.57)"
JTS0389,2010-09-14,1,0.0040723814207201,0,"Flagged due to: high USB device usage (significantly above normal, z=2.57); unusual number of logins (somewhat above normal, z=1.87)"
JTS0389,2011-01-27,1,0.0238199802217748,0,"Flagged due to: unusual email activity (extremely below normal, z=-4.25); high USB device usage (significantly above normal, z=2.57)"
JTS0389,2011-03-07,1,0.0351470303670301,0,"Flagged due to: unusual file access activity (extremely above normal, z=3.13); unusual number of logins (somewhat above normal, z=1.87)"
JTS0389,2011-04-04,1,0.0437366094395315,0,"Flagged due to: unusual email activity (extremely below normal, z=-5.75); unusual number of logins (somewhat above normal, z=1.87)"
KBB0189,2011-03-22,1,0.0117493398254843,0,"Flagged due to: unusual email activity (extremely below normal, z=-8.6); emails sent to external addresses (somewhat below normal, z=-1.86)"
KBG0549,2010-04-06,1,0.0791910055152599,0,"Flagged due to: unusual email activity (extremely below normal, z=-7.62); logins from unusual number of PCs (extremely above normal, z=3.74)"
KBG0549,2010-04-16,1,0.039574811650447,0,"Flagged due to: unusual email activity (extremely below normal, z=-6.74); logins from unusual number of PCs (extremely above normal, z=3.74)"
KBG0549,2010-10-19,1,0.0532832383482261,0,"Flagged due to: logins from unusual number of PCs (extremely above normal, z=3.74); unusual number of logins (significantly above normal, z=2.81)"
KBG0549,2010-11-29,1,0.0316843225519638,0,"Flagged due to: logins from unusual number of PCs (extremely above normal, z=3.74); unusual number of logins (significantly above normal, z=2.81)"
KBG0549,2011-01-31,1,0.013316413996022,0,"Flagged due to: logins from unusual number of PCs (extremely above normal, z=3.74); unusual file access activity (significantly above normal, z=2.65)"
KBG0549,2011-03-07,1,0.0229627309848736,0,"Flagged due to: logins from unusual number of PCs (extremely above normal, z=3.74); high USB device usage (significantly above normal, z=2.91)"
KBG0549,2011-03-17,1,0.0489875554830205,0,"Flagged due to: unusual email activity (extremely below normal, z=-8.49); emails sent to external addresses (significantly below normal, z=-2.28)"
KBG0549,2011-04-06,1,0.0105853406833609,0,"Flagged due to: high USB device usage (significantly above normal, z=2.91); unusual number of logins (significantly below normal, z=-2.2)"
KBG0549,2011-05-09,1,0.0020639266077787,0,"Flagged due to: unusual file access activity (extremely above normal, z=3.54); high USB device usage (significantly above normal, z=2.91)"
KBG0549,2011-05-11,1,0.0071558303101141,0,"Flagged due to: unusual email activity (extremely below normal, z=-7.62); emails sent to external addresses (significantly below normal, z=-2.28)"
KBP0008,2010-02-15,1,0.0037954532032419,0,"Flagged due to: unusual email activity (extremely below normal, z=-5.36); emails sent to external addresses (significantly below normal, z=-2.05)"
KBP0008,2010-03-23,1,0.0334855162604034,0,"Flagged due to: unusual email activity (extremely below normal, z=-5.36); unusual number of logins (somewhat above normal, z=1.93)"
KBP0008,2010-07-29,1,0.0846557699437574,0,"Flagged due to: unusual email activity (extremely below normal, z=-11.93); unusual number of logins (significantly below normal, z=-2.45)"
KCF0045,2010-03-23,1,0.0446122684258984,0,"Flagged due to: unusual email activity (extremely below normal, z=-6.33); after-hours login activity (somewhat below normal, z=-1.63)"
KCF0045,2011-04-04,1,0.0307880409200681,0,"Flagged due to: unusual email activity (extremely below normal, z=-6.33); emails sent to external addresses (somewhat below normal, z=-1.47)"
KCO0122,2010-01-11,1,0.1168219982293806,0,"Flagged due to: unusual email activity (extremely below normal, z=-4.43); logins from unusual number of PCs (extremely above normal, z=4.3)"
KCO0122,2010-01-15,1,0.0186740913422976,0,"Flagged due to: unusual email activity (significantly below normal, z=-2.07); after-hours login activity (somewhat above normal, z=1.93)"
KCO0122,2010-02-11,1,0.0376615818816512,0,"Flagged due to: logins from unusual number of PCs (extremely above normal, z=4.3); high USB device usage (somewhat above normal, z=1.88)"
KCO0122,2010-02-12,1,0.0428875676200659,0,"Flagged due to: after-hours login activity (somewhat above normal, z=1.93); high USB device usage (somewhat below normal, z=-1.89)"
KCO0122,2010-03-06,1,0.1318722214737996,0,"Flagged due to: unusual email activity (extremely below normal, z=-6.78); emails sent to external addresses (significantly below normal, z=-2.19)"
KCO0122,2010-03-20,1,0.1092314047890918,0,"Flagged due to: unusual email activity (extremely below normal, z=-6.78); emails sent to external addresses (significantly below normal, z=-2.19)"
KCO0122,2010-03-24,1,0.0406351114615222,0,"Flagged due to: after-hours login activity (somewhat above normal, z=1.93); unusual file access activity (somewhat above normal, z=1.8)"
KCO0122,2010-03-25,1,0.0218089567446685,0,"Flagged due to: after-hours login activity (somewhat above normal, z=1.93); high USB device usage (somewhat below normal, z=-1.89)"
KCO0122,2010-04-12,1,0.0188013073653442,0,"Flagged due to: logins from unusual number of PCs (extremely above normal, z=4.3); unusual number of logins (somewhat above normal, z=1.61)"
KCO0122,2010-04-16,1,0.0524111384134501,0,"Flagged due to: logins from unusual number of PCs (extremely above normal, z=4.3); unusual number of logins (somewhat above normal, z=1.61)"
KCO0122,2010-04-17,1,0.1092314047890918,0,"Flagged due to: unusual email activity (extremely below normal, z=-6.78); emails sent to external addresses (significantly below normal, z=-2.19)"
KCO0122,2010-05-07,1,0.0092915747509793,0,"Flagged due to: logins from unusual number of PCs (extremely above normal, z=4.3); after-hours login activity (somewhat above normal, z=1.93)"
KCO0122,2010-05-27,1,0.0048342759768659,0,"Flagged due to: after-hours login activity (somewhat above normal, z=1.93); high USB device usage (somewhat below normal, z=-1.89)"
KCO0122,2010-06-02,1,0.0151869734407791,0,"Flagged due to: unusual email activity (significantly below normal, z=-2.07); after-hours login activity (somewhat above normal, z=1.93)"
KCO0122,2010-06-15,1,0.0018693872270154,0,"Flagged due to: after-hours login activity (somewhat above normal, z=1.93); unusual number of logins (somewhat above normal, z=1.61)"
KCO0122,2010-07-20,1,0.0131024813758966,0,"Flagged due to: logins from unusual number of PCs (extremely above normal, z=4.3); unusual number of logins (somewhat above normal, z=1.61)"
KCO0122,2010-07-29,1,0.0682814570021626,0,"Flagged due to: after-hours login activity (extremely above normal, z=4.36); logins from unusual number of PCs (extremely above normal, z=4.3)"
KCO0122,2010-09-07,1,0.003673774433203,0,"Flagged due to: logins from unusual number of PCs (extremely above normal, z=4.3); emails sent to external addresses (somewhat above normal, z=1.74)"
KCO0122,2010-09-15,1,0.0845497031598749,0,"Flagged due to: logins from unusual number of PCs (extremely above normal, z=4.3); unusual file access activity (significantly above normal, z=2.79)"
KCO0122,2010-09-22,1,0.0132572503237418,0,"Flagged due to: after-hours login activity (somewhat above normal, z=1.93); emails sent to external addresses (somewhat below normal, z=-1.75)"
KCO0122,2010-10-02,1,0.1318722214737996,0,"Flagged due to: unusual email activity (extremely below normal, z=-6.78); emails sent to external addresses (significantly below normal, z=-2.19)"
KCO0122,2010-11-01,1,0.0080993850661262,0,"Flagged due to: emails sent to external addresses (significantly below normal, z=-2.19); high USB device usage (somewhat below normal, z=-1.89)"
KCO0122,2010-11-13,1,0.1318722214737996,0,"Flagged due to: unusual email activity (extremely below normal, z=-6.78); emails sent to external addresses (significantly below normal, z=-2.19)"
KCO0122,2010-12-21,1,0.0406907716831503,0,"Flagged due to: high USB device usage (significantly above normal, z=2.82); emails sent to external addresses (significantly below normal, z=-2.19)"
KCO0122,2011-01-24,1,0.0229202523311348,0,"Flagged due to: after-hours login activity (somewhat above normal, z=1.93); high USB device usage (somewhat below normal, z=-1.89)"
KCO0122,2011-02-09,1,0.034954262401141,0,"Flagged due to: logins from unusual number of PCs (extremely above normal, z=4.3); unusual number of logins (somewhat above normal, z=1.61)"
KCO0122,2011-03-07,1,0.0012239715058944,0,"Flagged due to: logins from unusual number of PCs (extremely above normal, z=4.3); unusual file access activity (somewhat above normal, z=1.14)"
KCO0122,2011-03-31,1,0.0229202523311348,0,"Flagged due to: after-hours login activity (somewhat above normal, z=1.93); high USB device usage (somewhat below normal, z=-1.89)"
KCO0122,2011-04-08,1,0.002070658142908,0,"Flagged due to: after-hours login activity (somewhat above normal, z=1.93); unusual file access activity (somewhat above normal, z=1.8)"
KCS0173,2010-03-03,1,0.0114428948494835,0,"Flagged due to: unusual email activity (extremely below normal, z=-7.28); emails sent to external addresses (somewhat below normal, z=-1.6)"
KCS0173,2010-03-18,1,0.0728457886535828,0,"Flagged due to: unusual email activity (extremely below normal, z=-7.86); high USB device usage (significantly above normal, z=2.24)"
KCS0173,2010-03-22,1,0.0348835088264333,0,"Flagged due to: unusual file access activity (significantly above normal, z=2.83); unusual number of logins (significantly above normal, z=2.43)"
KCS0173,2010-09-28,1,0.0707110428958341,0,"Flagged due to: unusual email activity (extremely below normal, z=-6.7); unusual number of logins (significantly above normal, z=2.43)"
KCS0173,2011-01-07,1,0.0099145578131066,0,"Flagged due to: unusual file access activity (significantly above normal, z=2.83); unusual email activity (significantly below normal, z=-2.63)"
KJJ0293,2010-01-19,1,0.0398923964845923,0,"Flagged due to: unusual email activity (extremely below normal, z=-5.05); unusual number of logins (significantly above normal, z=2.31)"
KJJ0293,2010-02-19,1,0.0008726358978514,0,"Flagged due to: unusual file access activity (extremely above normal, z=4.03); unusual number of logins (significantly above normal, z=2.31)"
KJJ0293,2010-05-13,1,0.0302874891603462,0,"Flagged due to: unusual file access activity (extremely above normal, z=3.18); unusual number of logins (significantly above normal, z=2.31)"
KJJ0293,2010-08-02,1,0.0302874891603462,0,"Flagged due to: unusual file access activity (extremely above normal, z=3.18); unusual number of logins (significantly above normal, z=2.31)"
KJJ0293,2010-10-19,1,0.0012558232524386,0,"Flagged due to: unusual number of logins (significantly above normal, z=2.31); unusual file access activity (somewhat above normal, z=1.9)"
KJJ0293,2011-03-17,1,0.0118531861693931,0,"Flagged due to: unusual file access activity (significantly above normal, z=2.33); unusual number of logins (significantly above normal, z=2.31)"
KJP0371,2010-01-19,1,0.015926615571168,0,"Flagged due to: unusual email activity (extremely below normal, z=-5.1); emails sent to external addresses (somewhat below normal, z=-1.72)"
KJP0371,2010-05-13,1,0.0062693353104509,0,"Flagged due to: unusual email activity (extremely below normal, z=-6.0); unusual number of logins (somewhat above normal, z=1.39)"
KJP0371,2010-08-30,1,0.0469784970258508,0,"Flagged due to: unusual email activity (extremely below normal, z=-6.9); after-hours login activity (somewhat above normal, z=1.97)"
KJP0371,2011-03-17,1,0.0564004724939023,0,"Flagged due to: unusual email activity (extremely below normal, z=-7.79); emails sent to external addresses (somewhat below normal, z=-1.72)"
KKW0879,2010-01-15,1,0.0069933601537354,0,"Flagged due to: logins from unusual number of PCs (significantly above normal, z=2.64); unusual number of logins (somewhat above normal, z=1.92)"
KKW0879,2010-02-18,1,0.0818083583487651,0,"Flagged due to: unusual number of logins (extremely above normal, z=4.26); after-hours login activity (extremely above normal, z=4.15)"
KKW0879,2010-03-11,1,0.0320215779369643,0,"Flagged due to: unusual email activity (extremely below normal, z=-3.24); logins from unusual number of PCs (significantly above normal, z=2.64)"
KKW0879,2010-03-12,1,0.058143787504047,0,"Flagged due to: unusual number of logins (extremely above normal, z=4.26); after-hours login activity (extremely above normal, z=4.15)"
KKW0879,2010-03-27,1,0.0183511601359238,0,"Flagged due to: after-hours login activity (extremely above normal, z=4.15); unusual number of logins (somewhat above normal, z=1.92)"
KKW0879,2010-04-05,1,0.014937547014959,0,"Flagged due to: unusual email activity (extremely below normal, z=-6.75); emails sent to external addresses (somewhat below normal, z=-1.83)"
KKW0879,2010-04-07,1,0.013963400774646,0,"Flagged due to: after-hours login activity (extremely above normal, z=4.15); unusual number of logins (somewhat above normal, z=1.92)"
KKW0879,2010-05-27,1,0.0781046844481944,0,"Flagged due to: unusual number of logins (extremely above normal, z=4.26); after-hours login activity (extremely above normal, z=4.15)"
KKW0879,2010-06-02,1,0.0188781266329186,0,"Flagged due to: unusual number of logins (extremely above normal, z=4.26); logins from unusual number of PCs (significantly above normal, z=2.64)"
KKW0879,2010-08-11,1,0.0805823889166403,0,"Flagged due to: after-hours login activity (extremely above normal, z=4.15); unusual number of logins (somewhat above normal, z=1.92)"
KKW0879,2010-09-30,1,0.0048026258076573,0,"Flagged due to: logins from unusual number of PCs (significantly above normal, z=2.64); unusual number of logins (somewhat above normal, z=1.92)"
KKW0879,2010-10-15,1,0.0252506793323639,0,"Flagged due to: logins from unusual number of PCs (significantly above normal, z=2.64); unusual number of logins (somewhat above normal, z=1.92)"
KKW0879,2010-11-04,1,0.019137823365219,0,"Flagged due to: after-hours login activity (extremely above normal, z=4.15); unusual number of logins (somewhat above normal, z=1.92)"
KKW0879,2010-11-10,1,0.0167323155339788,0,"Flagged due to: logins from unusual number of PCs (significantly above normal, z=2.64); unusual file access activity (significantly above normal, z=2.49)"
KKW0879,2010-11-12,1,0.041069532443514,0,"Flagged due to: after-hours login activity (extremely above normal, z=4.15); unusual number of logins (somewhat above normal, z=1.92)"
KKW0879,2010-12-11,1,0.1236340784373626,0,"Flagged due to: high USB device usage (extremely below normal, z=-9.1); unusual email activity (extremely below normal, z=-6.75)"
KKW0879,2010-12-17,1,0.0023210267429778,0,"Flagged due to: logins from unusual number of PCs (significantly above normal, z=2.64); unusual number of logins (somewhat above normal, z=1.92)"
KKW0879,2010-12-25,1,0.1020555804547438,0,"Flagged due to: unusual number of logins (extremely above normal, z=4.26); after-hours login activity (extremely above normal, z=4.15)"
KKW0879,2011-01-28,1,0.0411281659765028,0,"Flagged due to: unusual email activity (extremely below normal, z=-6.25); emails sent to external addresses (somewhat below normal, z=-1.83)"
KKW0879,2011-01-29,1,0.1236340784373626,0,"Flagged due to: high USB device usage (extremely below normal, z=-9.1); unusual email activity (extremely below normal, z=-6.75)"
KKW0879,2011-02-07,1,0.0761368236637189,0,"Flagged due to: unusual email activity (extremely below normal, z=-6.75); unusual file access activity (significantly above normal, z=2.13)"
KKW0879,2011-02-10,1,0.0097809922694537,0,"Flagged due to: after-hours login activity (extremely above normal, z=4.15); unusual number of logins (somewhat above normal, z=1.92)"
KKW0879,2011-02-23,1,0.0010463450935754,0,"Flagged due to: after-hours login activity (extremely above normal, z=4.15); unusual number of logins (somewhat above normal, z=1.92)"
KKW0879,2011-03-26,1,0.0611808701903555,0,"Flagged due to: unusual number of logins (extremely above normal, z=4.26); after-hours login activity (extremely above normal, z=4.15)"
KKW0879,2011-04-01,1,0.1028969994703532,0,"Flagged due to: unusual number of logins (extremely above normal, z=4.26); after-hours login activity (extremely above normal, z=4.15)"
KKW0879,2011-04-26,1,0.016202936945924,0,"Flagged due to: logins from unusual number of PCs (significantly above normal, z=2.64); unusual number of logins (somewhat above normal, z=1.92)"
KLH0596,2011-02-01,1,0.1391125326114841,0,"Flagged due to: unusual file access activity (extremely above normal, z=12.23); unusual number of logins (extremely above normal, z=12.0)"
KLH0596,2011-02-07,1,0.1350419735780205,0,"Flagged due to: unusual number of logins (extremely above normal, z=12.0); after-hours login activity (extremely above normal, z=12.0)"
KMB0922,2010-01-06,1,0.093410878211159,0,"Flagged due to: logins from unusual number of PCs (extremely above normal, z=4.51); after-hours login activity (extremely above normal, z=4.33)"
KMB0922,2010-01-12,1,0.0509520980178821,0,"Flagged due to: unusual email activity (extremely below normal, z=-6.16); emails sent to external addresses (somewhat below normal, z=-1.99)"
KMB0922,2010-01-22,1,0.0800266168297124,0,"Flagged due to: unusual email activity (extremely below normal, z=-6.16); emails sent to external addresses (somewhat below normal, z=-1.99)"
KMB0922,2010-01-23,1,0.1070529617754535,0,"Flagged due to: unusual email activity (extremely below normal, z=-6.16); emails sent to external addresses (somewhat below normal, z=-1.99)"
KMB0922,2010-02-11,1,0.0332298551468415,0,"Flagged due to: logins from unusual number of PCs (extremely above normal, z=4.51); unusual number of logins (extremely above normal, z=3.18)"
KMB0922,2010-03-05,1,0.0193623307442053,0,"Flagged due to: logins from unusual number of PCs (significantly above normal, z=2.06); unusual number of logins (somewhat above normal, z=1.53)"
KMB0922,2010-03-19,1,0.0268563736203311,0,"Flagged due to: logins from unusual number of PCs (significantly above normal, z=2.06); after-hours login activity (somewhat above normal, z=1.93)"
KMB0922,2010-03-23,1,0.0097068869667867,0,"Flagged due to: high USB device usage (significantly above normal, z=2.15); logins from unusual number of PCs (significantly above normal, z=2.06)"
KMB0922,2010-04-06,1,0.0099802230572386,0,"Flagged due to: logins from unusual number of PCs (significantly above normal, z=2.06); after-hours login activity (somewhat above normal, z=1.93)"
KMB0922,2010-04-17,1,0.1070529617754535,0,"Flagged due to: unusual email activity (extremely below normal, z=-6.16); emails sent to external addresses (somewhat below normal, z=-1.99)"
KMB0922,2010-04-27,1,0.0910630513910112,0,"Flagged due to: logins from unusual number of PCs (extremely above normal, z=4.51); after-hours login activity (extremely above normal, z=4.33)"
KMB0922,2010-05-08,1,0.1070529617754535,0,"Flagged due to: unusual email activity (extremely below normal, z=-6.16); emails sent to external addresses (somewhat below normal, z=-1.99)"
KMB0922,2010-05-20,1,0.0178315351458703,0,"Flagged due to: emails sent to external addresses (somewhat below normal, z=-1.99); after-hours login activity (somewhat above normal, z=1.93)"
KMB0922,2010-06-14,1,0.0235629974366246,0,"Flagged due to: logins from unusual number of PCs (significantly above normal, z=2.06); after-hours login activity (somewhat above normal, z=1.93)"
KMB0922,2010-07-06,1,0.0252733018621451,0,"Flagged due to: high USB device usage (significantly above normal, z=2.15); after-hours login activity (somewhat above normal, z=1.93)"
KMB0922,2010-08-16,1,0.0197678510386977,0,"Flagged due to: logins from unusual number of PCs (extremely above normal, z=4.51); unusual number of logins (extremely above normal, z=3.18)"
KMB0922,2010-09-02,1,0.009196754044116,0,"Flagged due to: logins from unusual number of PCs (significantly above normal, z=2.06); after-hours login activity (somewhat above normal, z=1.93)"
KMB0922,2010-09-07,1,0.0215757216602244,0,"Flagged due to: logins from unusual number of PCs (significantly above normal, z=2.06); after-hours login activity (somewhat above normal, z=1.93)"
KMB0922,2010-09-14,1,0.0882065305969439,0,"Flagged due to: logins from unusual number of PCs (extremely above normal, z=4.51); unusual number of logins (extremely above normal, z=3.18)"
KMB0922,2010-10-01,1,0.0172314816954697,0,"Flagged due to: unusual number of logins (extremely above normal, z=3.18); logins from unusual number of PCs (significantly above normal, z=2.06)"
KMB0922,2010-10-19,1,0.0215937216112314,0,"Flagged due to: logins from unusual number of PCs (significantly above normal, z=2.06); after-hours login activity (somewhat above normal, z=1.93)"
KMB0922,2010-11-03,1,0.0095759578602093,0,"Flagged due to: after-hours login activity (somewhat above normal, z=1.93); emails sent to external addresses (somewhat above normal, z=1.72)"
KMB0922,2010-11-13,1,0.1070529617754535,0,"Flagged due to: unusual email activity (extremely below normal, z=-6.16); emails sent to external addresses (somewhat below normal, z=-1.99)"
KMB0922,2010-11-17,1,0.0217592643542886,0,"Flagged due to: logins from unusual number of PCs (significantly above normal, z=2.06); after-hours login activity (somewhat above normal, z=1.93)"
KMB0922,2010-11-23,1,0.0112109954932774,0,"Flagged due to: after-hours login activity (extremely above normal, z=4.33); unusual number of logins (extremely above normal, z=3.18)"
KMB0922,2010-12-21,1,0.0051983853327228,0,"Flagged due to: logins from unusual number of PCs (significantly above normal, z=2.06); after-hours login activity (somewhat above normal, z=1.93)"
KMB0922,2011-01-26,1,0.0144354438572893,0,"Flagged due to: logins from unusual number of PCs (significantly above normal, z=2.06); after-hours login activity (somewhat above normal, z=1.93)"
KMB0922,2011-02-03,1,0.0123711001534368,0,"Flagged due to: logins from unusual number of PCs (significantly above normal, z=2.06); after-hours login activity (somewhat above normal, z=1.93)"
KMB0922,2011-02-04,1,0.0275041992559776,0,"Flagged due to: after-hours login activity (somewhat above normal, z=1.93); unusual file access activity (somewhat above normal, z=1.63)"
KMB0922,2011-02-23,1,0.0279230126167703,0,"Flagged due to: high USB device usage (significantly above normal, z=2.15); logins from unusual number of PCs (significantly above normal, z=2.06)"
KMB0922,2011-03-07,1,0.026816893404389,0,"Flagged due to: logins from unusual number of PCs (extremely above normal, z=4.51); unusual number of logins (somewhat above normal, z=1.53)"
KMB0922,2011-03-19,1,0.1070529617754535,0,"Flagged due to: unusual email activity (extremely below normal, z=-6.16); emails sent to external addresses (somewhat below normal, z=-1.99)"
KMB0922,2011-05-06,1,0.0151743099953218,0,"Flagged due to: unusual file access activity (significantly above normal, z=2.21); after-hours login activity (somewhat above normal, z=1.93)"
KMW0545,2010-01-19,1,0.0035788162047921,0,"Flagged due to: unusual email activity (extremely below normal, z=-8.06); emails sent to external addresses (somewhat below normal, z=-1.83)"
KMW0545,2010-04-01,1,0.0035788162047921,0,"Flagged due to: unusual email activity (extremely below normal, z=-8.06); emails sent to external addresses (somewhat below normal, z=-1.83)"
KMW0545,2011-01-11,1,0.0241343849040193,0,"Flagged due to: high USB device usage (significantly above normal, z=2.66); unusual file access activity (significantly above normal, z=2.55)"
KPC0073,2010-07-06,1,0.0697958394464913,0,"Flagged due to: unusual number of logins (extremely above normal, z=11.83); after-hours login activity (extremely above normal, z=11.83)"
KPC0073,2010-07-07,1,0.0676116014023575,1,"Flagged due to: unusual number of logins (extremely above normal, z=11.83); after-hours login activity (extremely above normal, z=11.83)"
KPC0073,2010-07-09,1,0.104534833446275,1,"Flagged due to: high USB device usage (extremely above normal, z=17.79); unusual number of logins (extremely above normal, z=11.83)"
KPC0073,2010-07-12,1,0.0977771558766769,1,"Flagged due to: unusual number of logins (extremely above normal, z=11.83); after-hours login activity (extremely above normal, z=11.83)"
KPC0073,2010-07-15,1,0.0936646246572882,1,"Flagged due to: unusual number of logins (extremely above normal, z=11.83); after-hours login activity (extremely above normal, z=11.83)"
KPR0497,2010-01-19,1,0.0511268598612291,0,"Flagged due to: unusual email activity (extremely below normal, z=-8.33); unusual number of logins (significantly above normal, z=2.1)"
KRG0158,2010-06-08,1,0.0141626658101727,0,"Flagged due to: unusual email activity (extremely below normal, z=-9.77); emails sent to external addresses (somewhat below normal, z=-1.83)"
KRG0158,2011-02-23,1,0.0126284510691367,0,"Flagged due to: unusual email activity (extremely below normal, z=-9.77); emails sent to external addresses (somewhat below normal, z=-1.83)"
KRL0501,2011-01-05,1,0.0103001188402599,1,"Flagged due to: high USB device usage (extremely above normal, z=4.98); unusual file access activity (extremely above normal, z=3.69)"
KRV0372,2011-02-04,1,0.0368575830243634,0,"Flagged due to: unusual email activity (extremely below normal, z=-7.04); unusual number of logins (somewhat above normal, z=1.4)"
KRV0372,2011-02-25,1,0.0452121063943198,0,"Flagged due to: unusual email activity (extremely below normal, z=-7.04); emails sent to external addresses (significantly below normal, z=-2.13)"
KRV0372,2011-05-13,1,0.0612695142045937,0,"Flagged due to: unusual email activity (extremely below normal, z=-8.09); unusual number of logins (somewhat below normal, z=-1.51)"
KSP0357,2010-03-23,1,0.0338812723263705,0,"Flagged due to: unusual email activity (extremely below normal, z=-6.65); emails sent to external addresses (somewhat below normal, z=-1.49)"
KSP0357,2010-04-19,1,0.0045386434150896,0,"Flagged due to: emails sent to external addresses (significantly above normal, z=2.49); after-hours login activity (significantly above normal, z=2.09)"
KSP0357,2010-07-13,1,0.0124133304638605,0,"Flagged due to: unusual email activity (extremely below normal, z=-5.25); emails sent to external addresses (somewhat below normal, z=-1.49)"
KSP0357,2010-11-04,1,0.0338812723263705,0,"Flagged due to: unusual email activity (extremely below normal, z=-6.65); emails sent to external addresses (somewhat below normal, z=-1.49)"
KWE0082,2010-02-22,1,0.0257039596347453,0,"Flagged due to: unusual email activity (extremely below normal, z=-8.73); emails sent to external addresses (significantly below normal, z=-2.0)"
KWE0082,2010-06-30,1,0.0064590219621799,0,"Flagged due to: unusual email activity (extremely below normal, z=-6.74); emails sent to external addresses (significantly below normal, z=-2.0)"
KWE0082,2010-10-13,1,0.006360570071816,0,"Flagged due to: unusual email activity (extremely below normal, z=-8.73); emails sent to external addresses (significantly below normal, z=-2.0)"
LBC0356,2010-04-15,1,0.0778210923703429,0,"Flagged due to: unusual email activity (extremely below normal, z=-8.61); emails sent to external addresses (significantly below normal, z=-2.16)"
LBC0356,2010-08-11,1,0.063322936852223,0,"Flagged due to: unusual email activity (extremely below normal, z=-8.61); emails sent to external addresses (significantly below normal, z=-2.16)"
LBC0356,2010-09-27,1,0.0245948392409449,0,"Flagged due to: unusual email activity (extremely below normal, z=-6.19); emails sent to external addresses (somewhat below normal, z=-1.8)"
LBF0214,2010-01-09,1,0.1083895246526426,0,"Flagged due to: unusual email activity (extremely below normal, z=-6.26); after-hours login activity (significantly above normal, z=2.43)"
LBF0214,2010-01-15,1,0.0378694724628039,0,"Flagged due to: unusual number of logins (extremely above normal, z=3.04); after-hours login activity (significantly above normal, z=2.43)"
LBF0214,2010-01-20,1,0.016634091639787,0,"Flagged due to: high USB device usage (significantly above normal, z=2.15); logins from unusual number of PCs (somewhat above normal, z=1.66)"
LBF0214,2010-02-06,1,0.1083895246526426,0,"Flagged due to: unusual email activity (extremely below normal, z=-6.26); after-hours login activity (significantly above normal, z=2.43)"
LBF0214,2010-02-09,1,0.0744452952188895,0,"Flagged due to: unusual email activity (extremely below normal, z=-6.26); unusual number of logins (significantly below normal, z=-2.07)"
LBF0214,2010-02-17,1,0.0707562116224389,0,"Flagged due to: unusual number of logins (extremely above normal, z=3.04); after-hours login activity (significantly above normal, z=2.43)"
LBF0214,2010-02-28,1,0.00733498923433,0,"Flagged due to: unusual email activity (extremely below normal, z=-4.86); logins from unusual number of PCs (somewhat above normal, z=1.66)"
LBF0214,2010-03-05,1,0.0034359387537118,0,"Flagged due to: after-hours login activity (significantly above normal, z=2.43); emails sent to external addresses (somewhat below normal, z=-1.34)"
LBF0214,2010-03-21,1,0.0088202092259422,0,"Flagged due to: after-hours login activity (significantly above normal, z=2.43); logins from unusual number of PCs (somewhat above normal, z=1.66)"
LBF0214,2010-03-25,1,0.0028639173933872,0,"Flagged due to: high USB device usage (extremely above normal, z=3.24); logins from unusual number of PCs (somewhat above normal, z=1.66)"
LBF0214,2010-04-06,1,0.0156716749980623,0,"Flagged due to: unusual email activity (extremely below normal, z=-5.8); emails sent to external addresses (somewhat below normal, z=-1.34)"
LBF0214,2010-04-12,1,0.0214316851413763,0,"Flagged due to: unusual number of logins (extremely above normal, z=3.04); after-hours login activity (significantly above normal, z=2.43)"
LBF0214,2010-04-30,1,0.0633038865652022,0,"Flagged due to: unusual email activity (extremely below normal, z=-4.39); unusual number of logins (extremely above normal, z=3.04)"
LBF0214,2010-05-05,1,0.0440067296863614,0,"Flagged due to: after-hours login activity (significantly above normal, z=2.43); emails sent to external addresses (somewhat below normal, z=-1.34)"
LBF0214,2010-05-16,1,0.0073316294251267,0,"Flagged due to: after-hours login activity (significantly above normal, z=2.43); unusual file access activity (somewhat above normal, z=1.78)"
LBF0214,2010-05-19,1,0.0666021285842134,0,"Flagged due to: unusual email activity (extremely below normal, z=-5.33); logins from unusual number of PCs (somewhat above normal, z=1.66)"
LBF0214,2010-05-28,1,0.0115897331887873,0,"Flagged due to: after-hours login activity (significantly above normal, z=2.43); high USB device usage (significantly above normal, z=2.15)"
LBF0214,2010-06-14,1,0.0357623823503683,0,"Flagged due to: unusual file access activity (extremely above normal, z=3.13); after-hours login activity (significantly above normal, z=2.43)"
LBF0214,2010-06-25,1,0.0093763927633334,0,"Flagged due to: after-hours login activity (significantly above normal, z=2.43); emails sent to external addresses (somewhat above normal, z=1.77)"
LBF0214,2010-06-29,1,0.0325606879004066,0,"Flagged due to: after-hours login activity (significantly above normal, z=2.43); emails sent to external addresses (significantly above normal, z=2.4)"
LBF0214,2010-06-30,1,0.0304852863331602,0,"Flagged due to: unusual email activity (significantly below normal, z=-2.99); logins from unusual number of PCs (somewhat above normal, z=1.66)"
LBF0214,2010-07-02,1,0.0314844036286061,0,"Flagged due to: unusual number of logins (extremely above normal, z=3.04); after-hours login activity (significantly above normal, z=2.43)"
LBF0214,2010-07-17,1,0.008042859235389,0,"Flagged due to: unusual file access activity (extremely above normal, z=3.46); logins from unusual number of PCs (somewhat above normal, z=1.66)"
LBF0214,2010-08-17,1,0.0220296199456316,0,"Flagged due to: unusual number of logins (extremely above normal, z=3.04); after-hours login activity (significantly above normal, z=2.43)"
LBF0214,2010-08-24,1,0.0457575794330967,0,"Flagged due to: unusual number of logins (extremely above normal, z=3.04); after-hours login activity (significantly above normal, z=2.43)"
LBF0214,2010-09-30,1,0.0073864908692385,0,"Flagged due to: after-hours login activity (significantly above normal, z=2.43); logins from unusual number of PCs (somewhat above normal, z=1.66)"
LBF0214,2010-11-01,1,0.048315193383767,0,"Flagged due to: unusual number of logins (extremely above normal, z=3.04); after-hours login activity (significantly above normal, z=2.43)"
LBF0214,2010-11-12,1,0.0875557678684413,0,"Flagged due to: unusual email activity (extremely below normal, z=-5.8); after-hours login activity (significantly above normal, z=2.43)"
LBF0214,2010-12-07,1,0.0404201544121863,0,"Flagged due to: unusual file access activity (significantly above normal, z=2.45); after-hours login activity (significantly above normal, z=2.43)"
LBF0214,2010-12-20,1,0.0125963352962642,0,"Flagged due to: after-hours login activity (significantly above normal, z=2.43); logins from unusual number of PCs (somewhat above normal, z=1.66)"
LBF0214,2011-01-04,1,0.0240652859302983,0,"Flagged due to: unusual email activity (extremely below normal, z=-5.33); emails sent to external addresses (somewhat below normal, z=-1.65)"
LBF0214,2011-01-12,1,0.0146244521105671,0,"Flagged due to: unusual number of logins (extremely above normal, z=3.04); after-hours login activity (significantly above normal, z=2.43)"
LBF0214,2011-01-21,1,0.0642620978830592,0,"Flagged due to: after-hours login activity (significantly above normal, z=2.43); unusual file access activity (significantly above normal, z=2.12)"
LBF0214,2011-01-29,1,0.0845997818483025,0,"Flagged due to: high USB device usage (extremely above normal, z=3.24); after-hours login activity (significantly above normal, z=2.43)"
LBF0214,2011-02-23,1,0.0053555020111462,0,"Flagged due to: after-hours login activity (significantly above normal, z=2.43); unusual file access activity (somewhat above normal, z=1.78)"
LBF0214,2011-03-07,1,0.0206163937347291,0,"Flagged due to: unusual email activity (extremely below normal, z=-3.46); logins from unusual number of PCs (somewhat above normal, z=1.66)"
LBF0214,2011-04-02,1,0.0138694845330336,0,"Flagged due to: after-hours login activity (significantly above normal, z=2.43); emails sent to external addresses (somewhat below normal, z=-1.65)"
LBF0214,2011-04-03,1,0.0312410309301482,0,"Flagged due to: unusual number of logins (extremely above normal, z=3.04); after-hours login activity (significantly above normal, z=2.43)"
LBF0214,2011-04-10,1,0.0125667766861071,0,"Flagged due to: after-hours login activity (significantly above normal, z=2.43); unusual file access activity (somewhat above normal, z=1.78)"
LBF0214,2011-04-27,1,0.0180386351988475,0,"Flagged due to: after-hours login activity (significantly above normal, z=2.43); logins from unusual number of PCs (somewhat above normal, z=1.66)"
LBF0214,2011-05-13,1,0.119742085291932,0,"Flagged due to: unusual number of logins (extremely above normal, z=3.04); after-hours login activity (significantly above normal, z=2.43)"
LBH0942,2010-09-04,1,0.0266044908771992,0,"Flagged due to: unusual email activity (extremely below normal, z=-3.1); high USB device usage (significantly below normal, z=-2.54)"
LBH0942,2011-05-12,1,0.0218359868052232,0,"Flagged due to: unusual email activity (extremely below normal, z=-4.8); high USB device usage (significantly below normal, z=-2.54)"
LCB0664,2010-01-06,1,0.0124075964171522,0,"Flagged due to: unusual number of logins (significantly above normal, z=2.47); unusual file access activity (significantly above normal, z=2.21)"
LCB0664,2010-08-02,1,0.0188871220140712,0,"Flagged due to: unusual number of logins (significantly above normal, z=2.47); unusual file access activity (significantly above normal, z=2.21)"
LCB0664,2010-08-24,1,8.965928002979684e-05,0,"Flagged due to: unusual email activity (extremely below normal, z=-7.83); emails sent to external addresses (somewhat below normal, z=-1.71)"
LCB0664,2010-09-24,1,0.024362671163404,0,"Flagged due to: unusual email activity (extremely below normal, z=-7.83); high USB device usage (significantly below normal, z=-2.46)"
LCB0664,2011-02-25,1,0.0344130485918319,0,"Flagged due to: unusual file access activity (significantly above normal, z=2.79); unusual number of logins (significantly above normal, z=2.47)"
LCB0664,2011-05-13,1,0.0344130485918319,0,"Flagged due to: unusual file access activity (significantly above normal, z=2.79); unusual number of logins (significantly above normal, z=2.47)"
LCC0819,2010-07-26,1,0.0439104250165849,1,"Flagged due to: high USB device usage (extremely above normal, z=4.23); unusual file access activity (significantly above normal, z=2.64)"
LCC0819,2010-08-02,1,0.0218984353419106,1,"Flagged due to: high USB device usage (extremely above normal, z=4.23); unusual file access activity (significantly above normal, z=2.64)"
LCC0819,2010-08-10,1,0.0274879366599474,1,"Flagged due to: high USB device usage (extremely above normal, z=4.23); unusual file access activity (extremely above normal, z=3.16)"
LDD0560,2010-02-08,1,0.0405219597886792,0,"Flagged due to: unusual number of logins (extremely above normal, z=3.22); unusual email activity (extremely above normal, z=3.12)"
LDD0560,2010-02-14,1,0.0405219597886792,0,"Flagged due to: unusual number of logins (extremely above normal, z=3.22); unusual email activity (extremely above normal, z=3.12)"
LDG0459,2010-01-06,1,0.0157171496502958,0,"Flagged due to: unusual email activity (extremely below normal, z=-4.86); unusual number of logins (somewhat above normal, z=1.99)"
LDG0459,2010-02-23,1,0.0079144767180375,0,"Flagged due to: unusual file access activity (significantly above normal, z=2.96); unusual number of logins (somewhat above normal, z=1.99)"
LDG0459,2010-09-14,1,0.0150966539047805,0,"Flagged due to: unusual file access activity (extremely above normal, z=4.12); unusual number of logins (somewhat above normal, z=1.99)"
LDG0459,2010-10-07,1,0.0048574645971294,0,"Flagged due to: high USB device usage (significantly above normal, z=2.3); unusual number of logins (somewhat above normal, z=1.99)"
LDG0459,2010-11-16,1,0.0471352826273357,0,"Flagged due to: unusual file access activity (significantly above normal, z=2.96); high USB device usage (significantly above normal, z=2.3)"
LDG0459,2011-01-03,1,0.0676512852808218,0,"Flagged due to: unusual email activity (extremely below normal, z=-4.86); unusual file access activity (significantly above normal, z=2.57)"
LDG0459,2011-03-07,1,0.0157171496502958,0,"Flagged due to: unusual email activity (extremely below normal, z=-4.86); unusual number of logins (somewhat above normal, z=1.99)"
LDG0459,2011-04-26,1,0.0208112471689255,0,"Flagged due to: high USB device usage (extremely above normal, z=3.79); unusual number of logins (somewhat above normal, z=1.99)"
LIM0674,2010-01-20,1,0.0270642668365392,0,"Flagged due to: unusual email activity (extremely below normal, z=-4.97); unusual file access activity (significantly above normal, z=2.5)"
LIM0674,2010-02-01,1,0.0524304052859722,0,"Flagged due to: high USB device usage (significantly above normal, z=2.5); unusual file access activity (significantly above normal, z=2.5)"
LIM0674,2010-04-08,1,0.0369897346092007,0,"Flagged due to: unusual file access activity (extremely above normal, z=4.65); high USB device usage (significantly above normal, z=2.5)"
LIM0674,2010-04-14,1,0.0068546065725171,0,"Flagged due to: high USB device usage (significantly above normal, z=2.5); unusual number of logins (somewhat above normal, z=1.79)"
LIM0674,2010-07-16,1,0.0450784421929648,0,"Flagged due to: unusual file access activity (extremely above normal, z=3.22); high USB device usage (significantly above normal, z=2.5)"
LIM0674,2010-07-30,1,0.0065998498157342,0,"Flagged due to: after-hours login activity (extremely above normal, z=3.89); unusual number of logins (somewhat above normal, z=1.79)"
LIM0674,2010-08-03,1,0.0946006989163495,0,"Flagged due to: unusual email activity (extremely below normal, z=-6.46); high USB device usage (significantly above normal, z=2.5)"
LIM0674,2010-09-24,1,0.0080071021880367,0,"Flagged due to: after-hours login activity (extremely above normal, z=3.89); emails sent to external addresses (somewhat below normal, z=-1.89)"
LIM0674,2010-11-10,1,0.0157056813220954,0,"Flagged due to: after-hours login activity (extremely above normal, z=3.89); unusual number of logins (extremely above normal, z=3.73)"
LIM0674,2010-11-28,1,0.027382436779163,0,"Flagged due to: after-hours login activity (extremely above normal, z=3.89); unusual number of logins (extremely above normal, z=3.73)"
LIM0674,2011-01-05,1,0.0567921363501736,0,"Flagged due to: after-hours login activity (extremely above normal, z=3.89); unusual file access activity (significantly above normal, z=2.5)"
LIM0674,2011-02-15,1,0.1040409829205819,0,"Flagged due to: unusual email activity (extremely below normal, z=-6.46); after-hours login activity (extremely above normal, z=3.89)"
LIM0674,2011-02-19,1,0.0998857106728264,0,"Flagged due to: unusual email activity (extremely below normal, z=-6.46); after-hours login activity (extremely above normal, z=3.89)"
LIM0674,2011-03-01,1,0.0307520175500264,0,"Flagged due to: high USB device usage (significantly above normal, z=2.5); unusual number of logins (somewhat above normal, z=1.79)"
LIM0674,2011-03-14,1,0.0150639637590406,0,"Flagged due to: unusual number of logins (extremely above normal, z=3.73); unusual file access activity (somewhat above normal, z=1.78)"
LIM0674,2011-03-31,1,0.0254818427398685,0,"Flagged due to: unusual file access activity (extremely above normal, z=5.37); high USB device usage (significantly above normal, z=2.5)"
LIM0674,2011-05-04,1,0.0728761861530095,0,"Flagged due to: unusual email activity (extremely below normal, z=-4.97); after-hours login activity (extremely above normal, z=3.89)"
LJJ0905,2011-05-13,1,0.0621968561755205,0,"Flagged due to: unusual email activity (extremely below normal, z=-5.36); unusual number of logins (extremely above normal, z=4.03)"
LJR0523,2010-07-29,1,0.1510079750049394,0,"Flagged due to: unusual number of logins (extremely above normal, z=12.45); after-hours login activity (extremely above normal, z=12.45)"
LJR0523,2010-07-31,1,0.0537854448113203,1,"Flagged due to: unusual email activity (extremely below normal, z=-7.81); high USB device usage (extremely above normal, z=6.19)"
LJR0523,2010-08-05,1,0.0693975490196631,1,"Flagged due to: unusual number of logins (extremely above normal, z=12.45); after-hours login activity (extremely above normal, z=12.45)"
LJR0523,2010-08-07,1,0.1163718979658031,1,"Flagged due to: after-hours login activity (extremely above normal, z=12.45); unusual email activity (extremely below normal, z=-7.81)"
LJR0523,2010-08-11,1,0.1573322588040581,1,"Flagged due to: unusual number of logins (extremely above normal, z=12.45); after-hours login activity (extremely above normal, z=12.45)"
LJT0817,2010-06-14,1,0.0307467929431675,0,"Flagged due to: high USB device usage (extremely above normal, z=3.02); logins from unusual number of PCs (significantly above normal, z=2.93)"
LJT0817,2010-07-06,1,0.0226305248158478,0,"Flagged due to: logins from unusual number of PCs (significantly above normal, z=2.93); unusual number of logins (significantly above normal, z=2.44)"
LJT0817,2010-09-02,1,0.0537338851896533,0,"Flagged due to: logins from unusual number of PCs (significantly above normal, z=2.93); unusual number of logins (significantly above normal, z=2.44)"
LJT0817,2010-09-15,1,0.0130149051744803,0,"Flagged due to: logins from unusual number of PCs (significantly above normal, z=2.93); unusual number of logins (significantly above normal, z=2.44)"
LJT0817,2010-11-15,1,0.0040980119000243,0,"Flagged due to: logins from unusual number of PCs (significantly above normal, z=2.93); unusual number of logins (significantly above normal, z=2.44)"
LJT0817,2011-01-10,1,0.0239221812426169,0,"Flagged due to: unusual email activity (extremely below normal, z=-8.8); emails sent to external addresses (somewhat below normal, z=-1.67)"
LJT0817,2011-01-13,1,0.0407825348428105,0,"Flagged due to: logins from unusual number of PCs (significantly above normal, z=2.93); unusual number of logins (significantly above normal, z=2.44)"
LJT0817,2011-02-22,1,0.1008496903133392,0,"Flagged due to: after-hours login activity (extremely above normal, z=18.55); logins from unusual number of PCs (significantly above normal, z=2.93)"
LJT0817,2011-03-07,1,0.0198324126603934,0,"Flagged due to: logins from unusual number of PCs (significantly above normal, z=2.93); high USB device usage (somewhat below normal, z=-1.84)"
LOM0086,2010-01-22,1,0.0333082924891774,0,"Flagged due to: logins from unusual number of PCs (extremely above normal, z=5.22); unusual number of logins (significantly above normal, z=2.86)"
LOM0086,2010-05-13,1,0.0014438794474509,0,"Flagged due to: logins from unusual number of PCs (extremely above normal, z=5.22); emails sent to external addresses (somewhat below normal, z=-1.83)"
LOM0086,2010-06-22,1,0.065906494318254,0,"Flagged due to: unusual email activity (extremely below normal, z=-6.73); unusual number of logins (somewhat below normal, z=-1.89)"
LPC0492,2010-07-06,1,0.0287888080213284,0,"Flagged due to: unusual number of logins (extremely above normal, z=3.5); logins from unusual number of PCs (extremely above normal, z=3.5)"
LQC0479,2010-09-14,1,0.0879803391204518,1,"Flagged due to: unusual file access activity (extremely above normal, z=22.0); high USB device usage (extremely above normal, z=7.0)"
LQP0508,2011-01-07,1,0.0206954387347823,0,"Flagged due to: unusual email activity (extremely below normal, z=-6.08); unusual number of logins (significantly above normal, z=2.3)"
LRR0148,2010-01-02,1,0.0025675871742576,0,"Flagged due to: after-hours login activity (significantly above normal, z=2.47); unusual number of logins (significantly above normal, z=2.07)"
LRR0148,2010-01-05,1,0.0314312973554194,0,"Flagged due to: unusual number of logins (significantly below normal, z=-2.55); high USB device usage (significantly below normal, z=-2.02)"
LRR0148,2010-01-15,1,0.0026253429828424,0,"Flagged due to: unusual number of logins (significantly above normal, z=2.07); unusual file access activity (somewhat above normal, z=1.56)"
LRR0148,2010-01-17,1,0.0051793248757451,0,"Flagged due to: unusual number of logins (significantly above normal, z=2.07); high USB device usage (significantly below normal, z=-2.02)"
LRR0148,2010-01-21,1,0.0090605214123412,0,"Flagged due to: high USB device usage (significantly above normal, z=2.09); unusual number of logins (significantly above normal, z=2.07)"
LRR0148,2010-01-26,1,0.0041317486160641,0,"Flagged due to: unusual number of logins (significantly above normal, z=2.07); emails sent to external addresses (somewhat below normal, z=-1.4)"
LRR0148,2010-02-22,1,0.031263191498286,0,"Flagged due to: unusual file access activity (significantly above normal, z=2.4); unusual number of logins (significantly above normal, z=2.07)"
LRR0148,2010-03-13,1,0.0449782863510708,0,"Flagged due to: unusual email activity (extremely below normal, z=-5.15); unusual number of logins (significantly above normal, z=2.07)"
LRR0148,2010-04-13,1,0.0056793108207952,0,"Flagged due to: unusual number of logins (significantly above normal, z=2.07); emails sent to external addresses (somewhat below normal, z=-1.4)"
LRR0148,2010-04-16,1,0.0496295963845113,0,"Flagged due to: after-hours login activity (significantly above normal, z=2.47); high USB device usage (significantly above normal, z=2.09)"
LRR0148,2010-04-30,1,0.0070195195054407,0,"Flagged due to: high USB device usage (significantly below normal, z=-2.02); logins from unusual number of PCs (somewhat above normal, z=1.38)"
LRR0148,2010-06-02,1,9.384677514112648e-05,0,"Flagged due to: after-hours login activity (significantly above normal, z=2.47); logins from unusual number of PCs (somewhat above normal, z=1.38)"
LRR0148,2010-07-05,1,0.0098691855714857,0,"Flagged due to: high USB device usage (significantly below normal, z=-2.02); emails sent to external addresses (somewhat below normal, z=-1.69)"
LRR0148,2010-07-10,1,8.315956322479945e-05,0,"Flagged due to: unusual number of logins (significantly above normal, z=2.07); logins from unusual number of PCs (somewhat above normal, z=1.38)"
LRR0148,2010-08-03,1,0.0092714628874137,0,"Flagged due to: unusual number of logins (significantly below normal, z=-2.55); high USB device usage (significantly below normal, z=-2.02)"
LRR0148,2010-08-12,1,0.0277225470464009,0,"Flagged due to: after-hours login activity (significantly above normal, z=2.47); unusual file access activity (significantly above normal, z=2.4)"
LRR0148,2010-08-13,1,0.0380966252442583,0,"Flagged due to: unusual file access activity (extremely above normal, z=3.24); unusual number of logins (significantly below normal, z=-2.55)"
LRR0148,2010-08-24,1,0.0281382041603646,0,"Flagged due to: high USB device usage (significantly above normal, z=2.09); unusual number of logins (significantly above normal, z=2.07)"
LRR0148,2010-08-31,1,0.028381725980605,0,"Flagged due to: unusual number of logins (significantly above normal, z=2.07); high USB device usage (significantly below normal, z=-2.02)"
LRR0148,2010-09-07,1,0.0201018426621774,0,"Flagged due to: after-hours login activity (significantly above normal, z=2.47); unusual number of logins (significantly above normal, z=2.07)"
LRR0148,2010-09-10,1,0.0077602213348738,0,"Flagged due to: unusual email activity (significantly below normal, z=-2.43); logins from unusual number of PCs (somewhat above normal, z=1.38)"
LRR0148,2010-09-13,1,0.0253118062296698,0,"Flagged due to: unusual number of logins (significantly above normal, z=2.07); high USB device usage (significantly below normal, z=-2.02)"
LRR0148,2010-11-16,1,0.0015178406146741,0,"Flagged due to: after-hours login activity (significantly above normal, z=2.47); emails sent to external addresses (somewhat above normal, z=1.75)"
LRR0148,2010-12-03,1,0.0139133448974039,0,"Flagged due to: unusual email activity (extremely below normal, z=-5.83); high USB device usage (somewhat above normal, z=1.06)"
LRR0148,2010-12-08,1,0.0669790626540491,0,"Flagged due to: unusual file access activity (significantly above normal, z=2.4); unusual number of logins (significantly above normal, z=2.07)"
LRR0148,2010-12-09,1,0.008065216360248,0,"Flagged due to: after-hours login activity (significantly above normal, z=2.47); unusual number of logins (significantly above normal, z=2.07)"
LRR0148,2010-12-14,1,0.0095805730416274,0,"Flagged due to: unusual email activity (extremely below normal, z=-6.51); after-hours login activity (somewhat below normal, z=-0.86)"
LRR0148,2010-12-20,1,0.0095865315255931,0,"Flagged due to: after-hours login activity (significantly above normal, z=2.47); unusual number of logins (significantly above normal, z=2.07)"
LRR0148,2011-01-03,1,0.0428185007129336,0,"Flagged due to: unusual email activity (extremely below normal, z=-6.51); emails sent to external addresses (somewhat below normal, z=-1.69)"
LRR0148,2011-01-10,1,0.0338483478620967,0,"Flagged due to: unusual email activity (extremely below normal, z=-4.47); unusual file access activity (somewhat above normal, z=1.56)"
LRR0148,2011-01-21,1,0.0777744938583319,0,"Flagged due to: unusual email activity (extremely below normal, z=-7.19); high USB device usage (significantly below normal, z=-2.02)"
LRR0148,2011-01-25,1,0.020981102071471,0,"Flagged due to: after-hours login activity (significantly above normal, z=2.47); high USB device usage (significantly below normal, z=-2.02)"
LRR0148,2011-01-28,1,0.0060186261482114,0,"Flagged due to: unusual file access activity (somewhat above normal, z=1.98); logins from unusual number of PCs (somewhat above normal, z=1.38)"
LRR0148,2011-02-01,1,0.0173573283548668,0,"Flagged due to: high USB device usage (significantly above normal, z=2.09); unusual number of logins (significantly above normal, z=2.07)"
LRR0148,2011-02-25,1,0.0030684956895609,0,"Flagged due to: after-hours login activity (significantly above normal, z=2.47); emails sent to external addresses (somewhat above normal, z=1.75)"
LRR0148,2011-04-04,1,0.0480793308783265,0,"Flagged due to: after-hours login activity (significantly above normal, z=2.47); unusual number of logins (significantly above normal, z=2.07)"
LRR0148,2011-04-25,1,0.0401187890867509,0,"Flagged due to: unusual file access activity (significantly above normal, z=2.82); logins from unusual number of PCs (somewhat above normal, z=1.38)"
LRR0148,2011-04-26,1,0.0099556980064833,0,"Flagged due to: after-hours login activity (significantly above normal, z=2.47); high USB device usage (significantly above normal, z=2.09)"
LRR0148,2011-05-02,1,0.0704087096681386,0,"Flagged due to: unusual email activity (extremely below normal, z=-8.55); emails sent to external addresses (somewhat below normal, z=-1.97)"
LUR0896,2010-03-05,1,0.0099804774515563,0,"Flagged due to: unusual number of logins (extremely above normal, z=3.01); logins from unusual number of PCs (significantly above normal, z=2.21)"
LUR0896,2010-04-12,1,0.0099804774515563,0,"Flagged due to: unusual number of logins (extremely above normal, z=3.01); logins from unusual number of PCs (significantly above normal, z=2.21)"
LUR0896,2010-05-08,1,5.957467098893776e-05,0,"Flagged due to: unusual email activity (extremely below normal, z=-5.52); after-hours login activity (significantly above normal, z=2.16)"
LUR0896,2010-05-20,1,0.0034626262548576,0,"Flagged due to: unusual email activity (extremely below normal, z=-5.52); logins from unusual number of PCs (significantly above normal, z=2.21)"
LUR0896,2010-06-02,1,0.0099804774515563,0,"Flagged due to: unusual number of logins (extremely above normal, z=3.01); logins from unusual number of PCs (significantly above normal, z=2.21)"
LUR0896,2010-07-03,1,5.957467098893776e-05,0,"Flagged due to: unusual email activity (extremely below normal, z=-5.52); after-hours login activity (significantly above normal, z=2.16)"
LUR0896,2010-11-13,1,5.957467098893776e-05,0,"Flagged due to: unusual email activity (extremely below normal, z=-5.52); after-hours login activity (significantly above normal, z=2.16)"
LUR0896,2010-12-21,1,0.0133609237919474,0,"Flagged due to: unusual number of logins (extremely above normal, z=4.82); after-hours login activity (extremely above normal, z=4.76)"
MAR0955,2011-02-05,1,0.1232009734821608,0,"Flagged due to: after-hours login activity (extremely above normal, z=12.04); unusual file access activity (extremely above normal, z=10.23)"
MAR0955,2011-02-08,1,0.0318757283899273,1,"Flagged due to: unusual number of logins (extremely above normal, z=12.04); after-hours login activity (extremely above normal, z=12.04)"
MAR0955,2011-02-09,1,0.0318757283899273,1,"Flagged due to: unusual number of logins (extremely above normal, z=12.04); after-hours login activity (extremely above normal, z=12.04)"
MAR0955,2011-02-11,1,0.0442574330223185,1,"Flagged due to: unusual number of logins (extremely above normal, z=12.04); after-hours login activity (extremely above normal, z=12.04)"
MAR0955,2011-02-15,1,0.0800947535942739,0,"Flagged due to: high USB device usage (extremely above normal, z=12.77); unusual number of logins (extremely above normal, z=12.04)"
MAR0955,2011-02-16,1,0.1362415814662887,0,"Flagged due to: unusual number of logins (extremely above normal, z=12.04); after-hours login activity (extremely above normal, z=12.04)"
MAS0025,2010-09-22,1,0.1431801879865791,0,"Flagged due to: high USB device usage (extremely above normal, z=8.6); unusual number of logins (extremely above normal, z=8.06)"
MAS0025,2010-09-28,1,0.1298051818120819,0,"Flagged due to: unusual file access activity (extremely above normal, z=8.77); unusual number of logins (extremely above normal, z=8.06)"
MAS0025,2010-09-29,1,0.0456764385491351,1,"Flagged due to: unusual number of logins (extremely above normal, z=8.06); after-hours login activity (extremely above normal, z=8.06)"
MAS0025,2010-09-30,1,0.039149335545203,1,"Flagged due to: unusual number of logins (extremely above normal, z=8.06); after-hours login activity (extremely above normal, z=8.06)"
MAS0025,2010-10-01,1,0.1247366272688889,0,"Flagged due to: high USB device usage (extremely above normal, z=8.6); unusual file access activity (extremely above normal, z=8.32)"
MBJ0312,2010-03-30,1,0.0493807937590485,0,"Flagged due to: logins from unusual number of PCs (extremely above normal, z=4.86); unusual email activity (extremely below normal, z=-3.27)"
MBJ0312,2010-04-27,1,0.0391196244930598,0,"Flagged due to: logins from unusual number of PCs (extremely above normal, z=4.86); unusual number of logins (significantly above normal, z=2.87)"
MBJ0312,2010-05-13,1,0.0123018213521897,0,"Flagged due to: logins from unusual number of PCs (extremely above normal, z=4.86); unusual number of logins (significantly above normal, z=2.87)"
MBJ0312,2010-06-07,1,0.0750078549614681,0,"Flagged due to: logins from unusual number of PCs (extremely above normal, z=4.86); unusual number of logins (significantly above normal, z=2.87)"
MBJ0312,2010-09-27,1,0.0570281418647143,0,"Flagged due to: unusual email activity (extremely below normal, z=-9.66); unusual number of logins (significantly below normal, z=-2.15)"
MBJ0312,2010-10-13,1,0.0176516112344454,0,"Flagged due to: logins from unusual number of PCs (extremely above normal, z=4.86); unusual number of logins (significantly above normal, z=2.87)"
MBJ0312,2010-11-30,1,0.005367992769598,0,"Flagged due to: unusual email activity (extremely below normal, z=-8.24); emails sent to external addresses (somewhat below normal, z=-1.85)"
MBJ0312,2011-01-03,1,0.0066749190619213,0,"Flagged due to: logins from unusual number of PCs (extremely above normal, z=4.86); unusual file access activity (somewhat above normal, z=1.23)"
MBJ0312,2011-01-31,1,0.0269851003330005,0,"Flagged due to: logins from unusual number of PCs (extremely above normal, z=4.86); unusual file access activity (significantly above normal, z=2.84)"
MBJ0312,2011-03-09,1,0.0116453576904006,0,"Flagged due to: logins from unusual number of PCs (extremely above normal, z=4.86); unusual number of logins (significantly above normal, z=2.87)"
MCD0125,2010-01-14,1,0.0138834221618834,0,"Flagged due to: unusual email activity (extremely below normal, z=-4.06); logins from unusual number of PCs (somewhat above normal, z=1.7)"
MCD0125,2010-01-22,1,0.0334549422343717,0,"Flagged due to: unusual file access activity (significantly above normal, z=2.55); unusual number of logins (significantly above normal, z=2.08)"
MCD0125,2010-02-08,1,0.0714197753434853,0,"Flagged due to: after-hours login activity (extremely above normal, z=6.54); unusual file access activity (extremely above normal, z=3.04)"
MCD0125,2010-02-10,1,0.0185149166368829,0,"Flagged due to: unusual email activity (extremely below normal, z=-4.06); unusual number of logins (significantly above normal, z=2.08)"
MCD0125,2010-03-27,1,0.0176790371653248,0,"Flagged due to: unusual file access activity (significantly above normal, z=2.55); unusual number of logins (significantly above normal, z=2.08)"
MCD0125,2010-04-11,1,0.0519816535488238,0,"Flagged due to: unusual email activity (extremely below normal, z=-8.38); emails sent to external addresses (somewhat below normal, z=-1.79)"
MCD0125,2010-04-16,1,0.0932087545124258,0,"Flagged due to: after-hours login activity (extremely above normal, z=6.54); high USB device usage (extremely above normal, z=4.23)"
MCF0600,2010-03-07,1,0.0107488544014276,0,"Flagged due to: unusual email activity (extremely below normal, z=-6.25); logins from unusual number of PCs (somewhat above normal, z=1.86)"
MCF0600,2010-07-13,1,0.0107488544014276,0,"Flagged due to: unusual email activity (extremely below normal, z=-6.25); logins from unusual number of PCs (somewhat above normal, z=1.86)"
MCF0600,2010-09-01,1,0.0107488544014276,0,"Flagged due to: unusual email activity (extremely below normal, z=-6.25); logins from unusual number of PCs (somewhat above normal, z=1.86)"
MCF0600,2010-09-20,1,0.1547812432488219,1,"Flagged due to: after-hours login activity (extremely above normal, z=17.89); high USB device usage (extremely above normal, z=11.08)"
MCF0600,2010-09-22,1,0.0106865161723735,1,"Flagged due to: after-hours login activity (extremely above normal, z=8.89); unusual number of logins (somewhat above normal, z=1.79)"
MCF0600,2010-09-23,1,0.0533814236241009,1,"Flagged due to: after-hours login activity (extremely above normal, z=8.89); unusual number of logins (extremely above normal, z=4.14)"
MCF0600,2010-09-24,1,0.1287848712842318,0,"Flagged due to: unusual file access activity (extremely above normal, z=9.59); after-hours login activity (extremely above normal, z=8.89)"
MCF0600,2010-09-28,1,0.1178687835760412,0,"Flagged due to: after-hours login activity (extremely above normal, z=8.89); unusual file access activity (extremely above normal, z=8.15)"
MCF0600,2010-09-29,1,0.1287848712842318,0,"Flagged due to: high USB device usage (extremely above normal, z=9.96); after-hours login activity (extremely above normal, z=8.89)"
MDH0580,2011-02-17,1,0.010178702651918,1,"Flagged due to: unusual email activity (extremely above normal, z=5.32); high USB device usage (extremely above normal, z=3.66)"
MDH0686,2010-02-20,1,0.0270856315642542,0,"Flagged due to: unusual email activity (extremely below normal, z=-4.74); logins from unusual number of PCs (extremely above normal, z=3.92)"
MDH0686,2010-05-02,1,0.0021980267312993,0,"Flagged due to: unusual email activity (extremely below normal, z=-7.72); unusual number of logins (somewhat below normal, z=-1.86)"
MDH0686,2010-10-28,1,0.0469435359983523,0,"Flagged due to: after-hours login activity (extremely above normal, z=21.38); logins from unusual number of PCs (extremely above normal, z=3.92)"
MDM0625,2010-03-09,1,0.002897517896867,0,"Flagged due to: unusual file access activity (extremely below normal, z=-3.08); unusual number of logins (significantly above normal, z=2.47)"
MDM0625,2010-11-18,1,0.04678463140097,0,"Flagged due to: unusual number of logins (significantly above normal, z=2.47); logins from unusual number of PCs (significantly above normal, z=2.14)"
MDM0625,2011-01-07,1,0.1129790198816949,0,"Flagged due to: high USB device usage (extremely below normal, z=-7.92); unusual file access activity (extremely below normal, z=-7.34)"
MGS0974,2010-01-09,1,0.0263286346164324,0,"Flagged due to: unusual number of logins (significantly above normal, z=2.87); logins from unusual number of PCs (significantly above normal, z=2.87)"
MGS0974,2010-02-24,1,0.044741107612913,0,"Flagged due to: unusual number of logins (significantly above normal, z=2.87); logins from unusual number of PCs (significantly above normal, z=2.87)"
MGS0974,2010-06-21,1,0.0205067519364936,0,"Flagged due to: unusual file access activity (extremely above normal, z=4.3); high USB device usage (extremely above normal, z=4.28)"
MGS0974,2010-07-16,1,0.0402024653963134,0,"Flagged due to: unusual number of logins (significantly above normal, z=2.87); logins from unusual number of PCs (significantly above normal, z=2.87)"
MGS0974,2010-07-29,1,0.0313886602929502,0,"Flagged due to: unusual number of logins (significantly above normal, z=2.87); logins from unusual number of PCs (significantly above normal, z=2.87)"
MGS0974,2010-09-10,1,0.0433162104864774,0,"Flagged due to: unusual file access activity (extremely above normal, z=3.53); unusual number of logins (significantly above normal, z=2.87)"
MGS0974,2010-09-20,1,0.0035902896987468,0,"Flagged due to: unusual number of logins (significantly above normal, z=2.87); logins from unusual number of PCs (significantly above normal, z=2.87)"
MGS0974,2010-12-27,1,0.0388093809243706,0,"Flagged due to: unusual email activity (extremely below normal, z=-4.96); unusual number of logins (significantly above normal, z=2.87)"
MGS0974,2011-01-04,1,0.0149791194652427,0,"Flagged due to: unusual number of logins (significantly above normal, z=2.87); logins from unusual number of PCs (significantly above normal, z=2.87)"
MGS0974,2011-03-29,1,0.0194894598402394,0,"Flagged due to: unusual number of logins (significantly above normal, z=2.87); logins from unusual number of PCs (significantly above normal, z=2.87)"
MKW0441,2010-02-05,1,0.0242014867516868,0,"Flagged due to: unusual email activity (extremely below normal, z=-6.92); logins from unusual number of PCs (extremely above normal, z=3.75)"
MKW0441,2010-03-02,1,0.007038697571908,0,"Flagged due to: after-hours login activity (extremely above normal, z=6.5); unusual number of logins (significantly above normal, z=2.69)"
MKW0441,2010-03-18,1,0.0689178043032185,0,"Flagged due to: logins from unusual number of PCs (extremely above normal, z=3.75); unusual file access activity (extremely above normal, z=3.73)"
MKW0441,2010-05-18,1,0.0222806160608247,0,"Flagged due to: logins from unusual number of PCs (extremely above normal, z=3.75); unusual number of logins (significantly above normal, z=2.69)"
MKW0441,2010-12-07,1,0.0174652313760756,0,"Flagged due to: after-hours login activity (extremely above normal, z=6.5); unusual number of logins (significantly above normal, z=2.69)"
MKW0441,2010-12-20,1,0.0571557844502993,0,"Flagged due to: logins from unusual number of PCs (extremely above normal, z=3.75); unusual number of logins (significantly above normal, z=2.69)"
MKW0441,2011-01-15,1,0.1248521216666553,0,"Flagged due to: unusual email activity (extremely below normal, z=-6.92); after-hours login activity (extremely above normal, z=6.5)"
MKW0441,2011-02-01,1,0.0558565409211336,0,"Flagged due to: after-hours login activity (extremely above normal, z=6.5); logins from unusual number of PCs (extremely above normal, z=3.75)"
MKW0441,2011-02-08,1,0.0177154357639067,0,"Flagged due to: after-hours login activity (extremely above normal, z=6.5); unusual number of logins (significantly above normal, z=2.69)"
MLM0950,2010-01-08,1,0.0392067090015008,0,"Flagged due to: after-hours login activity (extremely above normal, z=6.42); unusual number of logins (extremely above normal, z=4.18)"
MLM0950,2010-01-13,1,0.0135716036415248,0,"Flagged due to: logins from unusual number of PCs (significantly above normal, z=2.1); high USB device usage (somewhat below normal, z=-1.98)"
MLM0950,2010-03-10,1,0.0143111922821593,0,"Flagged due to: high USB device usage (significantly above normal, z=2.94); unusual number of logins (significantly above normal, z=2.11)"
MLM0950,2010-03-11,1,0.0439602220990662,0,"Flagged due to: unusual number of logins (significantly above normal, z=2.11); logins from unusual number of PCs (significantly above normal, z=2.1)"
MLM0950,2010-03-15,1,0.0469197516237257,0,"Flagged due to: after-hours login activity (extremely above normal, z=6.42); unusual number of logins (extremely above normal, z=4.18)"
MLM0950,2010-04-09,1,0.0253964804170067,0,"Flagged due to: unusual email activity (extremely below normal, z=-4.61); high USB device usage (somewhat below normal, z=-1.98)"
MLM0950,2010-05-02,1,0.0381822139175951,0,"Flagged due to: unusual number of logins (significantly above normal, z=2.11); logins from unusual number of PCs (significantly above normal, z=2.1)"
MLM0950,2010-06-06,1,0.1003935237950759,0,"Flagged due to: after-hours login activity (extremely above normal, z=6.42); unusual email activity (extremely below normal, z=-4.61)"
MLM0950,2010-07-25,1,0.0470300291346462,0,"Flagged due to: unusual email activity (extremely below normal, z=-4.61); unusual number of logins (significantly below normal, z=-2.05)"
MLM0950,2010-09-01,1,0.0574759170770571,0,"Flagged due to: unusual email activity (extremely below normal, z=-4.61); unusual number of logins (significantly above normal, z=2.11)"
MLM0950,2010-09-30,1,0.0253964804170067,0,"Flagged due to: unusual email activity (extremely below normal, z=-4.61); high USB device usage (somewhat below normal, z=-1.98)"
MLM0950,2010-10-23,1,0.0171853225873254,0,"Flagged due to: unusual email activity (extremely below normal, z=-4.61); unusual number of logins (significantly above normal, z=2.11)"
MLM0950,2010-11-22,1,0.0108032540328454,0,"Flagged due to: unusual file access activity (significantly above normal, z=2.45); logins from unusual number of PCs (significantly above normal, z=2.1)"
MLM0950,2010-12-11,1,0.1265412949362374,0,"Flagged due to: after-hours login activity (extremely above normal, z=6.42); unusual email activity (extremely below normal, z=-4.61)"
MLM0950,2011-01-16,1,0.0093609341571007,0,"Flagged due to: unusual number of logins (significantly above normal, z=2.11); logins from unusual number of PCs (significantly above normal, z=2.1)"
MLM0950,2011-03-14,1,0.0260251959537959,0,"Flagged due to: after-hours login activity (extremely above normal, z=6.42); unusual number of logins (significantly above normal, z=2.11)"
MLM0950,2011-04-05,1,0.0102014029959032,0,"Flagged due to: unusual email activity (extremely below normal, z=-4.61); unusual number of logins (significantly below normal, z=-2.05)"
MLM0950,2011-04-08,1,0.0381822139175951,0,"Flagged due to: unusual number of logins (significantly above normal, z=2.11); logins from unusual number of PCs (significantly above normal, z=2.1)"
MLM0950,2011-05-03,1,0.0381822139175951,0,"Flagged due to: unusual number of logins (significantly above normal, z=2.11); logins from unusual number of PCs (significantly above normal, z=2.1)"
MLM0950,2011-05-17,1,0.1265412949362374,0,"Flagged due to: after-hours login activity (extremely above normal, z=6.42); unusual email activity (extremely below normal, z=-4.61)"
MNC0717,2010-11-02,1,0.0075641308440832,0,"Flagged due to: unusual email activity (extremely below normal, z=-6.49); unusual number of logins (significantly above normal, z=2.11)"
MNS0224,2010-04-13,1,0.0066099065958366,0,"Flagged due to: unusual email activity (extremely below normal, z=-7.53); emails sent to external addresses (somewhat below normal, z=-1.92)"
MNS0224,2010-08-18,1,0.0140796385725748,0,"Flagged due to: unusual email activity (extremely below normal, z=-5.41); unusual number of logins (somewhat above normal, z=1.4)"
MNS0224,2010-11-19,1,0.0339990225856174,0,"Flagged due to: unusual email activity (extremely below normal, z=-7.53); emails sent to external addresses (somewhat below normal, z=-1.92)"
MOS0047,2010-01-04,1,0.0449289654921412,0,"Flagged due to: after-hours login activity (somewhat above normal, z=1.83); unusual number of logins (somewhat above normal, z=1.74)"
MOS0047,2010-01-25,1,0.0924751470342855,0,"Flagged due to: unusual email activity (extremely below normal, z=-6.17); after-hours login activity (somewhat above normal, z=1.83)"
MOS0047,2010-02-02,1,0.0499881761689747,0,"Flagged due to: high USB device usage (somewhat below normal, z=-1.48); logins from unusual number of PCs (somewhat below normal, z=-1.43)"
MOS0047,2010-02-11,1,0.0124889283234348,0,"Flagged due to: emails sent to external addresses (significantly above normal, z=2.44); unusual number of logins (somewhat below normal, z=-1.84)"
MOS0047,2010-03-08,1,0.0002048199654876,0,"Flagged due to: unusual file access activity (significantly above normal, z=2.78); emails sent to external addresses (significantly above normal, z=2.44)"
MOS0047,2010-03-16,1,0.0449218599618611,0,"Flagged due to: emails sent to external addresses (significantly above normal, z=2.04); after-hours login activity (somewhat above normal, z=1.83)"
MOS0047,2010-03-17,1,0.0022011554649524,0,"Flagged due to: after-hours login activity (somewhat above normal, z=1.83); high USB device usage (somewhat above normal, z=1.62)"
MOS0047,2010-03-23,1,0.042367559318225,0,"Flagged due to: unusual number of logins (somewhat below normal, z=-1.84); unusual email activity (somewhat below normal, z=-1.57)"
MOS0047,2010-03-30,1,0.0152177978020104,0,"Flagged due to: high USB device usage (significantly below normal, z=-2.0); logins from unusual number of PCs (somewhat below normal, z=-1.43)"
MOS0047,2010-03-31,1,0.0179156069889373,0,"Flagged due to: emails sent to external addresses (somewhat above normal, z=1.63); high USB device usage (somewhat below normal, z=-1.48)"
MOS0047,2010-04-22,1,0.0178263702594725,0,"Flagged due to: high USB device usage (significantly below normal, z=-2.0); logins from unusual number of PCs (somewhat below normal, z=-1.43)"
MOS0047,2010-04-23,1,0.0021443408698502,0,"Flagged due to: emails sent to external addresses (somewhat below normal, z=-1.62); logins from unusual number of PCs (somewhat below normal, z=-1.43)"
MOS0047,2010-06-02,1,0.0729212080120615,0,"Flagged due to: unusual file access activity (significantly above normal, z=2.78); after-hours login activity (somewhat above normal, z=1.83)"
MOS0047,2010-07-08,1,0.0106847920519344,0,"Flagged due to: unusual file access activity (significantly above normal, z=2.92); unusual number of logins (somewhat above normal, z=1.74)"
MOS0047,2010-08-13,1,0.0498743709461019,1,"Flagged due to: emails sent to external addresses (significantly above normal, z=2.85); unusual email activity (significantly above normal, z=2.11)"
MOS0047,2010-08-16,1,0.047580099121509,1,"Flagged due to: high USB device usage (significantly above normal, z=2.66); unusual number of logins (somewhat above normal, z=1.74)"
MOS0047,2010-08-17,1,0.0251862313032465,1,"Flagged due to: unusual email activity (extremely below normal, z=-3.41); unusual file access activity (somewhat below normal, z=-1.34)"
MOS0047,2010-08-19,1,0.0494517184294336,1,"Flagged due to: high USB device usage (significantly above normal, z=2.66); after-hours login activity (somewhat above normal, z=1.83)"
MOS0047,2010-08-31,1,0.0061182192124928,1,"Flagged due to: high USB device usage (significantly above normal, z=2.66); unusual file access activity (somewhat above normal, z=1.31)"
MOS0047,2010-09-03,1,0.0610657381894519,1,"Flagged due to: high USB device usage (extremely above normal, z=3.18); unusual email activity (significantly below normal, z=-2.49)"
MPM0220,2010-01-19,1,0.0288767557353714,0,"Flagged due to: unusual number of logins (somewhat below normal, z=-1.84); after-hours login activity (somewhat below normal, z=-1.68)"
MPM0220,2010-01-20,1,0.0654650503678325,0,"Flagged due to: unusual email activity (significantly below normal, z=-2.64); after-hours login activity (somewhat below normal, z=-1.68)"
MPM0220,2010-02-09,1,0.0593827267313167,0,"Flagged due to: unusual file access activity (somewhat below normal, z=-1.92); unusual email activity (somewhat below normal, z=-1.91)"
MPM0220,2010-02-23,1,0.0355604810443979,0,"Flagged due to: unusual email activity (extremely below normal, z=-4.11); high USB device usage (somewhat below normal, z=-1.48)"
MPM0220,2010-02-25,1,0.0080678774847314,0,"Flagged due to: after-hours login activity (somewhat above normal, z=1.76); high USB device usage (somewhat above normal, z=1.49)"
MPM0220,2010-02-26,1,0.0181721091658765,0,"Flagged due to: emails sent to external addresses (significantly above normal, z=2.1); after-hours login activity (somewhat below normal, z=-1.68)"
MPM0220,2010-03-05,1,0.0098090471238264,0,"Flagged due to: unusual number of logins (somewhat above normal, z=1.85); after-hours login activity (somewhat above normal, z=1.76)"
MPM0220,2010-03-18,1,0.0392195811290305,0,"Flagged due to: unusual email activity (extremely below normal, z=-4.11); unusual number of logins (somewhat above normal, z=1.85)"
MPM0220,2010-04-05,1,0.0298571333387803,0,"Flagged due to: after-hours login activity (significantly above normal, z=2.45); unusual file access activity (somewhat above normal, z=1.96)"
MPM0220,2010-04-17,1,0.1449775944783007,0,"Flagged due to: unusual email activity (extremely below normal, z=-7.76); high USB device usage (extremely below normal, z=-6.82)"
MPM0220,2010-04-19,1,0.0067271395283803,0,"Flagged due to: unusual number of logins (somewhat below normal, z=-1.84); logins from unusual number of PCs (somewhat below normal, z=-1.43)"
MPM0220,2010-04-28,1,0.0306073289549685,0,"Flagged due to: unusual file access activity (somewhat above normal, z=1.96); emails sent to external addresses (somewhat below normal, z=-1.81)"
MPM0220,2010-05-11,1,0.0783600884850225,0,"Flagged due to: unusual file access activity (significantly below normal, z=-2.52); emails sent to external addresses (somewhat below normal, z=-1.81)"
MPM0220,2010-06-01,1,0.0030677754112246,0,"Flagged due to: unusual number of logins (somewhat below normal, z=-1.84); high USB device usage (somewhat below normal, z=-1.48)"
MPM0220,2010-06-15,1,0.0648309797704873,0,"Flagged due to: unusual file access activity (significantly above normal, z=2.11); unusual number of logins (somewhat above normal, z=1.85)"
MPM0220,2010-07-21,1,0.0246970105267153,0,"Flagged due to: high USB device usage (significantly below normal, z=-2.67); emails sent to external addresses (somewhat above normal, z=1.75)"
MPM0220,2010-07-26,1,0.0854335137811471,0,"Flagged due to: unusual email activity (extremely below normal, z=-6.3); emails sent to external addresses (somewhat below normal, z=-1.81)"
MPM0220,2010-07-30,1,0.0090263360812192,0,"Flagged due to: unusual file access activity (somewhat above normal, z=1.96); high USB device usage (somewhat above normal, z=1.49)"
MPM0220,2010-08-06,1,0.0033770593950793,0,"Flagged due to: unusual file access activity (significantly below normal, z=-2.22); logins from unusual number of PCs (somewhat below normal, z=-1.43)"
MPM0220,2010-08-13,1,0.0054307098803507,0,"Flagged due to: unusual number of logins (somewhat above normal, z=1.85); after-hours login activity (somewhat above normal, z=1.76)"
MPM0220,2010-08-20,1,0.0200096165360308,0,"Flagged due to: unusual file access activity (significantly above normal, z=2.26); high USB device usage (somewhat above normal, z=1.49)"
MPM0220,2010-08-24,1,0.0393280117489459,0,"Flagged due to: unusual number of logins (somewhat above normal, z=1.85); after-hours login activity (somewhat above normal, z=1.76)"
MPM0220,2010-09-03,1,0.0146975400830966,0,"Flagged due to: unusual file access activity (significantly below normal, z=-2.22); logins from unusual number of PCs (somewhat below normal, z=-1.43)"
MPM0220,2010-09-15,1,0.010734740204378,0,"Flagged due to: after-hours login activity (extremely above normal, z=3.13); unusual number of logins (somewhat above normal, z=1.85)"
MPM0220,2010-09-22,1,0.0436118199940498,0,"Flagged due to: after-hours login activity (somewhat below normal, z=-1.68); high USB device usage (somewhat below normal, z=-1.48)"
MPM0220,2010-10-01,1,0.0190596489356906,0,"Flagged due to: unusual file access activity (somewhat below normal, z=-1.62); high USB device usage (somewhat below normal, z=-1.48)"
MPM0220,2010-10-04,1,0.0183227701464538,0,"Flagged due to: unusual file access activity (significantly above normal, z=2.26); high USB device usage (somewhat above normal, z=1.49)"
MPM0220,2010-10-11,1,0.0135045089728728,0,"Flagged due to: after-hours login activity (somewhat above normal, z=1.76); unusual file access activity (somewhat above normal, z=1.51)"
MPM0220,2010-10-14,1,0.0061555799179677,0,"Flagged due to: high USB device usage (somewhat below normal, z=-1.48); unusual email activity (somewhat below normal, z=-1.18)"
MPM0220,2010-11-02,1,0.0152478948377569,0,"Flagged due to: after-hours login activity (somewhat above normal, z=1.76); logins from unusual number of PCs (somewhat above normal, z=1.32)"
MPT0376,2010-01-25,1,0.019768742726304,0,"Flagged due to: unusual email activity (extremely below normal, z=-7.91); emails sent to external addresses (somewhat below normal, z=-1.37)"
MPT0376,2010-02-10,1,0.0355932603895653,0,"Flagged due to: unusual email activity (extremely below normal, z=-7.91); emails sent to external addresses (somewhat below normal, z=-1.79)"
MPT0376,2010-06-14,1,0.0076165873947355,0,"Flagged due to: unusual file access activity (significantly above normal, z=2.04); high USB device usage (somewhat above normal, z=1.97)"
MPT0376,2010-12-05,1,0.0424378480301275,0,"Flagged due to: unusual email activity (extremely below normal, z=-8.93); emails sent to external addresses (somewhat below normal, z=-1.79)"
MSH0040,2010-01-11,1,0.0511193308273326,0,"Flagged due to: unusual email activity (extremely below normal, z=-6.13); emails sent to external addresses (significantly below normal, z=-2.01)"
MSH0040,2010-04-01,1,0.0661572734122806,0,"Flagged due to: unusual email activity (extremely below normal, z=-8.54); emails sent to external addresses (significantly below normal, z=-2.01)"
MSO0222,2010-04-09,1,0.0314627418324013,0,"Flagged due to: unusual email activity (extremely below normal, z=-6.56); emails sent to external addresses (somewhat below normal, z=-1.48)"
MSO0222,2010-12-09,1,0.0579324389042044,1,"Flagged due to: unusual number of logins (significantly above normal, z=2.13); unusual email activity (significantly above normal, z=2.02)"
MSS0001,2011-03-15,1,0.0128278116901527,0,"Flagged due to: unusual email activity (extremely below normal, z=-8.16); emails sent to external addresses (significantly below normal, z=-2.42)"
MTB0620,2010-06-15,1,0.0131042021671446,0,"Flagged due to: unusual email activity (extremely below normal, z=-8.55); emails sent to external addresses (somewhat below normal, z=-1.82)"
MTB0620,2010-06-28,1,0.0153345326735233,0,"Flagged due to: unusual email activity (extremely below normal, z=-5.61); unusual number of logins (significantly below normal, z=-2.06)"
MVB0515,2010-02-08,1,0.0239732184204494,0,"Flagged due to: unusual number of logins (extremely above normal, z=4.12); logins from unusual number of PCs (extremely above normal, z=3.51)"
MVB0515,2010-03-18,1,0.0194093131425624,0,"Flagged due to: logins from unusual number of PCs (extremely above normal, z=3.51); unusual number of logins (somewhat above normal, z=2.0)"
MVB0515,2010-03-30,1,0.0409499766457892,0,"Flagged due to: unusual number of logins (extremely above normal, z=4.12); logins from unusual number of PCs (extremely above normal, z=3.51)"
MVB0515,2010-08-18,1,0.0316836245179122,0,"Flagged due to: unusual number of logins (extremely above normal, z=4.12); logins from unusual number of PCs (extremely above normal, z=3.51)"
MVB0515,2010-10-01,1,0.0194093131425624,0,"Flagged due to: logins from unusual number of PCs (extremely above normal, z=3.51); unusual number of logins (somewhat above normal, z=2.0)"
MVB0515,2010-11-29,1,0.0108389979166317,0,"Flagged due to: unusual email activity (extremely below normal, z=-6.42); unusual number of logins (significantly below normal, z=-2.24)"
MVB0515,2010-12-09,1,0.0304291213413482,0,"Flagged due to: unusual email activity (extremely below normal, z=-6.42); unusual number of logins (somewhat above normal, z=2.0)"
MVB0515,2011-01-17,1,0.0027703452352202,0,"Flagged due to: logins from unusual number of PCs (extremely above normal, z=3.51); unusual number of logins (somewhat above normal, z=2.0)"
MVB0515,2011-03-09,1,0.0524194171563311,0,"Flagged due to: unusual email activity (extremely below normal, z=-6.42); unusual number of logins (somewhat above normal, z=2.0)"
MVH0373,2010-01-21,1,0.0021950056062102,0,"Flagged due to: unusual email activity (significantly below normal, z=-2.79); after-hours login activity (significantly above normal, z=2.16)"
MVH0373,2010-02-04,1,0.0269634398202475,0,"Flagged due to: unusual email activity (extremely below normal, z=-6.64); emails sent to external addresses (somewhat below normal, z=-1.53)"
MYD0978,2010-12-08,1,0.1324399068305374,0,"Flagged due to: after-hours login activity (extremely above normal, z=15.62); high USB device usage (extremely above normal, z=15.62)"
MYD0978,2010-12-13,1,0.0626037157273862,1,"Flagged due to: after-hours login activity (extremely above normal, z=15.62); unusual number of logins (extremely above normal, z=15.62)"
MYD0978,2010-12-15,1,0.0632170302239434,1,"Flagged due to: after-hours login activity (extremely above normal, z=15.62); unusual number of logins (extremely above normal, z=15.62)"
MYD0978,2010-12-18,1,0.128850524802891,1,"Flagged due to: after-hours login activity (extremely above normal, z=15.62); unusual email activity (extremely below normal, z=-9.37)"
NAF0326,2010-03-20,1,0.0537507421135836,0,"Flagged due to: logins from unusual number of PCs (significantly above normal, z=2.73); high USB device usage (somewhat below normal, z=-1.82)"
NAF0326,2010-06-15,1,0.0201043612284818,0,"Flagged due to: logins from unusual number of PCs (significantly above normal, z=2.73); high USB device usage (somewhat below normal, z=-1.82)"
NAF0326,2010-07-01,1,0.0753221314108333,0,"Flagged due to: unusual number of logins (extremely above normal, z=3.69); logins from unusual number of PCs (significantly above normal, z=2.73)"
NAF0326,2010-09-08,1,0.1182676968410586,0,"Flagged due to: unusual email activity (extremely below normal, z=-8.87); high USB device usage (somewhat below normal, z=-1.82)"
NAF0326,2010-09-11,1,0.0164229930251953,0,"Flagged due to: logins from unusual number of PCs (significantly above normal, z=2.73); high USB device usage (somewhat below normal, z=-1.82)"
NAF0326,2010-09-21,1,0.0092074410208691,0,"Flagged due to: unusual email activity (extremely below normal, z=-4.88); unusual number of logins (significantly below normal, z=-2.24)"
NAF0326,2010-10-06,1,0.051405130652756,0,"Flagged due to: unusual number of logins (extremely above normal, z=3.69); logins from unusual number of PCs (significantly above normal, z=2.73)"
NAF0326,2010-10-13,1,0.0081513501841737,0,"Flagged due to: unusual email activity (extremely below normal, z=-6.59); emails sent to external addresses (somewhat below normal, z=-1.67)"
NAF0326,2011-01-16,1,0.042964375026123,0,"Flagged due to: unusual number of logins (extremely above normal, z=3.69); logins from unusual number of PCs (significantly above normal, z=2.73)"
NAF0326,2011-02-21,1,0.0255737817013126,0,"Flagged due to: logins from unusual number of PCs (significantly above normal, z=2.73); high USB device usage (somewhat below normal, z=-1.82)"
NAH0503,2010-05-02,1,0.046548426547875,0,"Flagged due to: unusual email activity (extremely below normal, z=-5.97); after-hours login activity (extremely above normal, z=3.72)"
NAH0503,2010-05-15,1,0.046548426547875,0,"Flagged due to: unusual email activity (extremely below normal, z=-5.97); after-hours login activity (extremely above normal, z=3.72)"
NAH0503,2010-06-23,1,0.0497139026148558,0,"Flagged due to: unusual number of logins (extremely above normal, z=4.61); after-hours login activity (extremely above normal, z=3.72)"
NAH0503,2010-10-23,1,0.046548426547875,0,"Flagged due to: unusual email activity (extremely below normal, z=-5.97); after-hours login activity (extremely above normal, z=3.72)"
NAH0503,2010-11-23,1,0.0552278280970767,0,"Flagged due to: unusual number of logins (extremely above normal, z=4.61); after-hours login activity (extremely above normal, z=3.72)"
NAH0503,2010-12-04,1,0.046548426547875,0,"Flagged due to: unusual email activity (extremely below normal, z=-5.97); after-hours login activity (extremely above normal, z=3.72)"
NAH0503,2010-12-10,1,0.056999007519321,0,"Flagged due to: unusual number of logins (extremely above normal, z=4.61); after-hours login activity (extremely above normal, z=3.72)"
NAH0503,2011-01-01,1,0.046548426547875,0,"Flagged due to: unusual email activity (extremely below normal, z=-5.97); after-hours login activity (extremely above normal, z=3.72)"
NAH0503,2011-02-01,1,0.0280068116975553,0,"Flagged due to: unusual number of logins (extremely above normal, z=4.61); after-hours login activity (extremely above normal, z=3.72)"
NAH0503,2011-05-04,1,0.0251635471391544,0,"Flagged due to: unusual number of logins (extremely above normal, z=4.61); after-hours login activity (extremely above normal, z=3.72)"
NDM0417,2010-10-01,1,0.0330233074822666,0,"Flagged due to: unusual email activity (significantly below normal, z=-2.1); unusual number of logins (significantly above normal, z=2.04)"
NDM0417,2010-11-15,1,0.0541285683309643,0,"Flagged due to: unusual email activity (extremely below normal, z=-10.26); emails sent to external addresses (somewhat below normal, z=-1.81)"
NDM0417,2011-02-01,1,0.0132337090272834,0,"Flagged due to: unusual number of logins (significantly above normal, z=2.04); high USB device usage (somewhat below normal, z=-1.93)"
NDM0417,2011-02-02,1,0.0280315322465157,0,"Flagged due to: unusual email activity (extremely below normal, z=-6.76); unusual number of logins (significantly above normal, z=2.04)"
NDM0417,2011-04-26,1,0.0072685864048916,0,"Flagged due to: unusual number of logins (significantly below normal, z=-2.4); high USB device usage (somewhat below normal, z=-1.93)"
NDM0417,2011-05-10,1,0.0023956818098732,0,"Flagged due to: unusual number of logins (significantly above normal, z=2.04); high USB device usage (somewhat above normal, z=1.93)"
NGC0058,2010-05-17,1,0.0650178191417866,0,"Flagged due to: unusual number of logins (extremely above normal, z=4.62); logins from unusual number of PCs (extremely above normal, z=4.62)"
NGC0058,2010-05-19,1,0.0119956437244288,0,"Flagged due to: unusual file access activity (significantly above normal, z=2.63); unusual number of logins (significantly above normal, z=2.12)"
NGC0058,2010-06-19,1,0.021432041623722,0,"Flagged due to: high USB device usage (significantly above normal, z=2.62); unusual number of logins (significantly above normal, z=2.12)"
NGC0058,2010-08-30,1,0.0153674428870016,0,"Flagged due to: high USB device usage (significantly above normal, z=2.62); unusual number of logins (significantly above normal, z=2.12)"
NGC0058,2010-10-03,1,0.0351510740129049,0,"Flagged due to: unusual file access activity (extremely above normal, z=4.11); unusual number of logins (significantly above normal, z=2.12)"
NGC0058,2010-10-14,1,0.0130848595186219,0,"Flagged due to: unusual number of logins (extremely above normal, z=4.62); logins from unusual number of PCs (extremely above normal, z=4.62)"
NGC0058,2010-12-08,1,0.0186587659842573,0,"Flagged due to: unusual file access activity (extremely above normal, z=3.37); unusual number of logins (significantly above normal, z=2.12)"
NGC0058,2011-03-14,1,0.0066975360397505,0,"Flagged due to: unusual file access activity (extremely above normal, z=3.37); high USB device usage (significantly above normal, z=2.62)"
NGC0058,2011-04-03,1,0.0130848595186219,0,"Flagged due to: unusual number of logins (extremely above normal, z=4.62); logins from unusual number of PCs (extremely above normal, z=4.62)"
NGC0058,2011-04-29,1,0.0191912468944467,0,"Flagged due to: unusual email activity (extremely below normal, z=-6.28); high USB device usage (significantly above normal, z=2.62)"
NGF0157,2010-01-13,1,0.0461904837321929,0,"Flagged due to: logins from unusual number of PCs (extremely above normal, z=4.52); after-hours login activity (significantly above normal, z=2.49)"
NGF0157,2010-03-27,1,0.028177976562159,0,"Flagged due to: after-hours login activity (significantly above normal, z=2.49); unusual number of logins (significantly above normal, z=2.24)"
NGF0157,2010-04-07,1,0.0445215085862573,0,"Flagged due to: unusual file access activity (extremely above normal, z=3.7); after-hours login activity (significantly above normal, z=2.49)"
NGF0157,2010-04-15,1,0.0028427839712253,0,"Flagged due to: logins from unusual number of PCs (extremely above normal, z=4.52); emails sent to external addresses (somewhat below normal, z=-1.18)"
NGF0157,2010-04-29,1,0.0518144607418898,0,"Flagged due to: high USB device usage (significantly above normal, z=2.75); emails sent to external addresses (significantly below normal, z=-2.03)"
NGF0157,2010-05-02,1,0.0249441890736391,0,"Flagged due to: unusual file access activity (extremely above normal, z=4.29); unusual number of logins (significantly above normal, z=2.24)"
NGF0157,2010-05-24,1,0.056541961242994,0,"Flagged due to: logins from unusual number of PCs (extremely above normal, z=4.52); high USB device usage (significantly above normal, z=2.75)"
NGF0157,2010-07-19,1,0.0104814871738559,0,"Flagged due to: logins from unusual number of PCs (extremely above normal, z=4.52); unusual number of logins (significantly above normal, z=2.24)"
NGF0157,2010-09-12,1,2.418365285239421e-05,0,"Flagged due to: high USB device usage (significantly above normal, z=2.75); unusual number of logins (significantly below normal, z=-2.02)"
NGF0157,2010-09-25,1,0.0653169607581389,0,"Flagged due to: unusual email activity (extremely below normal, z=-7.27); emails sent to external addresses (significantly below normal, z=-2.03)"
NGF0157,2010-10-07,1,0.0225148669906588,0,"Flagged due to: logins from unusual number of PCs (extremely above normal, z=4.52); unusual number of logins (significantly above normal, z=2.24)"
NGF0157,2010-10-17,1,0.0991042763806699,0,"Flagged due to: logins from unusual number of PCs (extremely above normal, z=4.52); unusual file access activity (extremely above normal, z=4.29)"
NGF0157,2010-10-19,1,0.0128216541148007,0,"Flagged due to: logins from unusual number of PCs (extremely above normal, z=4.52); after-hours login activity (somewhat below normal, z=-1.03)"
NGF0157,2010-11-16,1,0.0183946874677558,0,"Flagged due to: logins from unusual number of PCs (extremely above normal, z=4.52); emails sent to external addresses (somewhat below normal, z=-1.18)"
NGF0157,2010-12-28,1,0.0075984203013067,0,"Flagged due to: unusual email activity (extremely below normal, z=-3.08); unusual number of logins (significantly above normal, z=2.24)"
NGF0157,2011-01-02,1,0.0653169607581389,0,"Flagged due to: unusual email activity (extremely below normal, z=-7.27); emails sent to external addresses (significantly below normal, z=-2.03)"
NGF0157,2011-01-13,1,0.0955452124824202,0,"Flagged due to: logins from unusual number of PCs (extremely above normal, z=4.52); high USB device usage (significantly above normal, z=2.75)"
NGF0157,2011-02-14,1,0.0044032220167402,0,"Flagged due to: unusual email activity (extremely below normal, z=-6.43); emails sent to external addresses (somewhat below normal, z=-1.6)"
NGF0157,2011-03-04,1,0.0154633461693539,0,"Flagged due to: logins from unusual number of PCs (extremely above normal, z=4.52); high USB device usage (somewhat above normal, z=1.08)"
NGF0157,2011-03-16,1,0.0059764822690125,0,"Flagged due to: unusual file access activity (significantly above normal, z=2.51); unusual number of logins (significantly below normal, z=-2.02)"
NGF0157,2011-03-23,1,0.0175217080594339,0,"Flagged due to: high USB device usage (significantly above normal, z=2.75); unusual file access activity (significantly above normal, z=2.51)"
NGF0157,2011-03-26,1,0.0653169607581389,0,"Flagged due to: unusual email activity (extremely below normal, z=-7.27); emails sent to external addresses (significantly below normal, z=-2.03)"
NGF0157,2011-04-02,1,0.031903893845073,0,"Flagged due to: logins from unusual number of PCs (extremely above normal, z=4.52); unusual number of logins (significantly above normal, z=2.24)"
NGF0157,2011-04-14,1,0.0179489639555343,0,"Flagged due to: unusual email activity (extremely below normal, z=-6.43); emails sent to external addresses (somewhat below normal, z=-1.6)"
NGF0157,2011-04-20,1,0.1302606683434521,0,"Flagged due to: unusual email activity (extremely below normal, z=-4.76); logins from unusual number of PCs (extremely above normal, z=4.52)"
NHH0185,2010-04-27,1,0.0344394195027392,0,"Flagged due to: unusual number of logins (extremely above normal, z=6.11); logins from unusual number of PCs (extremely above normal, z=6.11)"
NKH0979,2011-02-02,1,0.0542546559420618,0,"Flagged due to: unusual email activity (extremely below normal, z=-8.55); unusual number of logins (significantly above normal, z=2.07)"
NKP0236,2010-02-02,1,0.0007051593015304,0,"Flagged due to: after-hours login activity (extremely above normal, z=6.11); unusual number of logins (extremely above normal, z=6.11)"
NKP0236,2010-03-04,1,0.0188884359385377,0,"Flagged due to: after-hours login activity (extremely above normal, z=6.11); unusual number of logins (extremely above normal, z=6.11)"
NKP0236,2010-03-24,1,0.042594533113429,0,"Flagged due to: after-hours login activity (extremely above normal, z=6.11); unusual number of logins (extremely above normal, z=6.11)"
NKP0236,2010-04-07,1,0.0181179942234332,0,"Flagged due to: after-hours login activity (extremely above normal, z=6.11); unusual number of logins (extremely above normal, z=6.11)"
NKP0236,2010-04-29,1,0.0376131279107354,0,"Flagged due to: unusual email activity (extremely below normal, z=-3.66); high USB device usage (significantly above normal, z=2.71)"
NKP0236,2010-06-02,1,0.0113367304192513,0,"Flagged due to: after-hours login activity (extremely above normal, z=6.11); unusual number of logins (extremely above normal, z=6.11)"
NKP0236,2010-08-09,1,0.0188884359385377,0,"Flagged due to: after-hours login activity (extremely above normal, z=6.11); unusual number of logins (extremely above normal, z=6.11)"
NKP0236,2010-10-13,1,0.0199020004613323,0,"Flagged due to: after-hours login activity (extremely above normal, z=6.11); unusual number of logins (extremely above normal, z=6.11)"
NKP0236,2010-11-23,1,0.0175840215403989,0,"Flagged due to: after-hours login activity (extremely above normal, z=6.11); unusual number of logins (extremely above normal, z=6.11)"
NKP0236,2011-02-07,1,0.0925767609902705,0,"Flagged due to: after-hours login activity (extremely above normal, z=6.11); unusual number of logins (extremely above normal, z=6.11)"
NMS0280,2010-02-22,1,0.0292704200380953,0,"Flagged due to: unusual number of logins (extremely above normal, z=4.81); logins from unusual number of PCs (extremely above normal, z=4.81)"
NMS0280,2010-05-04,1,0.0016171413243453,0,"Flagged due to: unusual email activity (extremely below normal, z=-4.18); unusual file access activity (extremely above normal, z=3.0)"
NMS0280,2010-05-27,1,0.0115858208771912,0,"Flagged due to: unusual number of logins (extremely above normal, z=4.81); logins from unusual number of PCs (extremely above normal, z=4.81)"
NMS0280,2010-06-30,1,0.0115858208771912,0,"Flagged due to: unusual number of logins (extremely above normal, z=4.81); logins from unusual number of PCs (extremely above normal, z=4.81)"
NMS0280,2010-07-27,1,0.0934768539063786,0,"Flagged due to: unusual number of logins (extremely above normal, z=4.81); logins from unusual number of PCs (extremely above normal, z=4.81)"
NMS0280,2010-09-19,1,0.0115858208771912,0,"Flagged due to: unusual number of logins (extremely above normal, z=4.81); logins from unusual number of PCs (extremely above normal, z=4.81)"
NMS0280,2010-10-29,1,0.0059159752106826,0,"Flagged due to: unusual number of logins (extremely above normal, z=4.81); logins from unusual number of PCs (extremely above normal, z=4.81)"
NMS0280,2010-11-29,1,0.0059159752106826,0,"Flagged due to: unusual number of logins (extremely above normal, z=4.81); logins from unusual number of PCs (extremely above normal, z=4.81)"
NMS0280,2010-12-09,1,0.0059159752106826,0,"Flagged due to: unusual number of logins (extremely above normal, z=4.81); logins from unusual number of PCs (extremely above normal, z=4.81)"
NMS0280,2010-12-29,1,0.1164047638800405,0,"Flagged due to: unusual number of logins (extremely above normal, z=4.81); logins from unusual number of PCs (extremely above normal, z=4.81)"
NMS0280,2011-01-08,1,0.0158788180230319,0,"Flagged due to: unusual email activity (extremely below normal, z=-6.4); unusual file access activity (somewhat above normal, z=1.86)"
NMS0280,2011-02-07,1,0.0158788180230319,0,"Flagged due to: unusual email activity (extremely below normal, z=-6.4); unusual file access activity (somewhat above normal, z=1.86)"
NMS0280,2011-04-04,1,0.0023821456335579,0,"Flagged due to: unusual file access activity (extremely above normal, z=3.57); high USB device usage (significantly above normal, z=2.66)"
NMS0280,2011-04-11,1,0.0619456160828106,0,"Flagged due to: unusual number of logins (extremely above normal, z=4.81); logins from unusual number of PCs (extremely above normal, z=4.81)"
NMS0280,2011-05-10,1,0.0059159752106826,0,"Flagged due to: unusual number of logins (extremely above normal, z=4.81); logins from unusual number of PCs (extremely above normal, z=4.81)"
NOB0181,2010-04-14,1,0.0103450134443584,0,"Flagged due to: unusual number of logins (significantly above normal, z=2.29); high USB device usage (significantly above normal, z=2.14)"
NOB0181,2010-07-22,1,0.0161594494171073,0,"Flagged due to: unusual file access activity (significantly above normal, z=2.56); high USB device usage (significantly above normal, z=2.14)"
NOB0181,2010-08-26,1,0.006670226376822,0,"Flagged due to: unusual email activity (extremely below normal, z=-3.89); unusual number of logins (significantly above normal, z=2.29)"
NOB0181,2010-10-21,1,0.0811638432870633,0,"Flagged due to: unusual email activity (extremely below normal, z=-5.96); high USB device usage (extremely above normal, z=3.27)"
NOB0181,2010-12-31,1,0.0874526709624844,0,"Flagged due to: unusual email activity (extremely below normal, z=-5.96); unusual number of logins (significantly above normal, z=2.29)"
NWK0215,2010-07-05,1,0.0585996038602006,0,"Flagged due to: unusual email activity (extremely below normal, z=-6.5); after-hours login activity (significantly above normal, z=2.84)"
NWK0215,2010-12-05,1,0.0585996038602006,0,"Flagged due to: unusual email activity (extremely below normal, z=-6.5); after-hours login activity (significantly above normal, z=2.84)"
NWT0098,2010-03-09,1,0.0166868390102397,0,"Flagged due to: unusual email activity (extremely below normal, z=-9.53); unusual file access activity (somewhat below normal, z=-1.13)"
OBH0499,2010-02-04,1,0.0214507189667201,0,"Flagged due to: after-hours login activity (extremely above normal, z=3.18); unusual number of logins (somewhat above normal, z=1.84)"
OBH0499,2010-02-11,1,0.0682743083626974,0,"Flagged due to: unusual number of logins (extremely above normal, z=3.86); after-hours login activity (extremely above normal, z=3.18)"
OBH0499,2010-02-15,1,0.0030837419483232,0,"Flagged due to: unusual email activity (extremely below normal, z=-6.23); emails sent to external addresses (significantly below normal, z=-2.02)"
OBH0499,2010-04-04,1,0.0035165031472574,0,"Flagged due to: unusual email activity (significantly below normal, z=-2.76); logins from unusual number of PCs (somewhat above normal, z=1.88)"
OBH0499,2010-04-09,1,0.0186122550690148,0,"Flagged due to: logins from unusual number of PCs (somewhat above normal, z=1.88); unusual number of logins (somewhat above normal, z=1.84)"
OBH0499,2010-04-18,1,0.0456374038375225,0,"Flagged due to: unusual email activity (extremely below normal, z=-5.79); emails sent to external addresses (significantly below normal, z=-2.02)"
OBH0499,2010-05-21,1,0.0364618415925216,0,"Flagged due to: unusual email activity (extremely below normal, z=-6.23); emails sent to external addresses (significantly below normal, z=-2.02)"
OBH0499,2010-05-29,1,0.0645741604826755,0,"Flagged due to: after-hours login activity (extremely above normal, z=3.18); unusual file access activity (significantly above normal, z=2.49)"
OBH0499,2010-06-09,1,0.0107292444098764,0,"Flagged due to: unusual file access activity (significantly above normal, z=2.49); logins from unusual number of PCs (somewhat above normal, z=1.88)"
OBH0499,2010-06-17,1,0.0365723898964609,0,"Flagged due to: after-hours login activity (extremely above normal, z=3.18); unusual file access activity (somewhat above normal, z=1.96)"
OBH0499,2010-06-26,1,0.1346270958827633,0,"Flagged due to: high USB device usage (extremely below normal, z=-9.69); unusual email activity (extremely below normal, z=-6.23)"
OBH0499,2010-07-01,1,0.0259784429520345,0,"Flagged due to: unusual number of logins (extremely above normal, z=3.86); logins from unusual number of PCs (somewhat above normal, z=1.88)"
OBH0499,2010-07-26,1,0.0401714556145867,0,"Flagged due to: unusual email activity (extremely below normal, z=-4.93); logins from unusual number of PCs (somewhat above normal, z=1.88)"
OBH0499,2010-09-02,1,0.0326133450731003,0,"Flagged due to: unusual file access activity (somewhat above normal, z=1.96); logins from unusual number of PCs (somewhat above normal, z=1.88)"
OBH0499,2010-09-18,1,0.1346270958827633,0,"Flagged due to: high USB device usage (extremely below normal, z=-9.69); unusual email activity (extremely below normal, z=-6.23)"
OBH0499,2010-10-08,1,0.0065061149378274,0,"Flagged due to: after-hours login activity (extremely above normal, z=3.18); emails sent to external addresses (somewhat above normal, z=1.95)"
OBH0499,2010-10-15,1,0.0688710928615765,0,"Flagged due to: unusual email activity (extremely below normal, z=-4.49); logins from unusual number of PCs (somewhat above normal, z=1.88)"
OBH0499,2010-10-20,1,0.0178459415252897,0,"Flagged due to: after-hours login activity (extremely above normal, z=3.18); unusual number of logins (somewhat above normal, z=1.84)"
OBH0499,2010-11-01,1,0.0179684443751639,0,"Flagged due to: logins from unusual number of PCs (somewhat above normal, z=1.88); unusual number of logins (somewhat above normal, z=1.84)"
OBH0499,2010-11-17,1,0.0176932047304718,0,"Flagged due to: after-hours login activity (extremely above normal, z=3.18); logins from unusual number of PCs (somewhat above normal, z=1.88)"
OBH0499,2010-12-03,1,0.0161359661204248,0,"Flagged due to: after-hours login activity (extremely above normal, z=3.18); unusual number of logins (somewhat above normal, z=1.84)"
OBH0499,2010-12-15,1,0.0791768358933184,0,"Flagged due to: unusual email activity (extremely below normal, z=-5.36); emails sent to external addresses (significantly below normal, z=-2.02)"
OBH0499,2010-12-22,1,0.0375268476069624,0,"Flagged due to: unusual number of logins (extremely above normal, z=3.86); after-hours login activity (extremely above normal, z=3.18)"
OBH0499,2011-01-07,1,0.0012825294813376,0,"Flagged due to: after-hours login activity (extremely above normal, z=3.18); logins from unusual number of PCs (somewhat above normal, z=1.88)"
OBH0499,2011-02-09,1,0.0723549860630928,0,"Flagged due to: unusual number of logins (extremely above normal, z=3.86); after-hours login activity (extremely above normal, z=3.18)"
OBH0499,2011-02-13,1,0.0123001253573729,0,"Flagged due to: after-hours login activity (extremely above normal, z=3.18); unusual number of logins (somewhat above normal, z=1.84)"
OBH0499,2011-02-25,1,0.0298520514511987,0,"Flagged due to: unusual email activity (extremely below normal, z=-5.36); high USB device usage (somewhat below normal, z=-1.77)"
OBH0499,2011-03-09,1,0.0086036091763366,0,"Flagged due to: after-hours login activity (extremely above normal, z=6.63); unusual number of logins (extremely above normal, z=3.86)"
OBH0499,2011-04-20,1,0.0798740891923678,0,"Flagged due to: after-hours login activity (extremely above normal, z=3.18); unusual file access activity (extremely above normal, z=3.03)"
OBH0499,2011-05-13,1,0.0628266792495746,0,"Flagged due to: after-hours login activity (extremely above normal, z=3.18); unusual file access activity (extremely above normal, z=3.03)"
OCS0865,2010-01-07,1,0.0149120367358793,0,"Flagged due to: unusual email activity (significantly below normal, z=-2.83); high USB device usage (significantly above normal, z=2.11)"
OCS0865,2010-01-25,1,0.0109149309495687,0,"Flagged due to: unusual email activity (extremely below normal, z=-6.98); emails sent to external addresses (significantly below normal, z=-2.15)"
OCS0865,2010-03-08,1,0.1287129656687161,0,"Flagged due to: unusual email activity (extremely below normal, z=-7.5); logins from unusual number of PCs (extremely above normal, z=3.74)"
OCS0865,2010-03-12,1,0.002376881015676,0,"Flagged due to: unusual email activity (extremely below normal, z=-8.02); emails sent to external addresses (significantly below normal, z=-2.42)"
OCS0865,2010-03-25,1,0.0078660379618922,0,"Flagged due to: unusual email activity (extremely below normal, z=-5.42); emails sent to external addresses (significantly below normal, z=-2.42)"
OCS0865,2010-04-12,1,0.034016846784856,0,"Flagged due to: unusual file access activity (extremely above normal, z=4.24); high USB device usage (significantly above normal, z=2.11)"
OCS0865,2011-02-15,1,0.0016258237900345,0,"Flagged due to: logins from unusual number of PCs (extremely above normal, z=3.74); unusual number of logins (significantly above normal, z=2.64)"
OLW0689,2010-06-14,1,0.0590183395213403,0,"Flagged due to: unusual email activity (extremely below normal, z=-7.16); unusual file access activity (significantly above normal, z=2.29)"
OLW0689,2010-12-21,1,0.0079099710320916,0,"Flagged due to: unusual email activity (extremely below normal, z=-5.04); high USB device usage (somewhat below normal, z=-1.96)"
OLW0689,2011-04-21,1,0.0162403692735486,0,"Flagged due to: unusual email activity (extremely below normal, z=-9.28); high USB device usage (somewhat above normal, z=1.84)"
OYM0026,2010-09-15,1,0.0221308100179521,0,"Flagged due to: unusual email activity (extremely below normal, z=-3.93); unusual number of logins (extremely above normal, z=3.18)"
PAD0773,2010-03-08,1,0.0313594715446763,0,"Flagged due to: high USB device usage (significantly above normal, z=2.66); unusual number of logins (significantly above normal, z=2.28)"
PAD0773,2010-04-06,1,0.0501222196239993,0,"Flagged due to: high USB device usage (significantly above normal, z=2.66); unusual number of logins (significantly above normal, z=2.28)"
PAD0773,2010-05-18,1,0.0490422894291445,0,"Flagged due to: unusual email activity (extremely below normal, z=-6.23); unusual number of logins (significantly below normal, z=-2.36)"
PAD0773,2010-08-30,1,0.0058117541659094,0,"Flagged due to: unusual email activity (extremely below normal, z=-6.23); unusual file access activity (somewhat above normal, z=1.69)"
PAD0773,2010-10-21,1,0.0048516104929036,0,"Flagged due to: high USB device usage (significantly above normal, z=2.66); logins from unusual number of PCs (somewhat above normal, z=1.9)"
PAD0773,2011-05-10,1,0.0147926798408608,0,"Flagged due to: high USB device usage (significantly above normal, z=2.66); unusual number of logins (significantly above normal, z=2.28)"
PDH0716,2010-07-06,1,0.0064961998080474,0,"Flagged due to: logins from unusual number of PCs (extremely above normal, z=3.43); unusual number of logins (significantly above normal, z=2.59)"
PDH0716,2010-10-21,1,0.0090670442855317,0,"Flagged due to: logins from unusual number of PCs (extremely above normal, z=3.43); unusual number of logins (significantly above normal, z=2.59)"
PDH0716,2011-01-28,1,0.0323611184521378,0,"Flagged due to: unusual email activity (extremely below normal, z=-6.11); high USB device usage (somewhat below normal, z=-1.96)"
PDH0716,2011-03-10,1,0.0447786405506301,0,"Flagged due to: logins from unusual number of PCs (extremely above normal, z=3.43); unusual number of logins (significantly above normal, z=2.59)"
PES0085,2010-01-06,1,0.0006178473684178,0,"Flagged due to: unusual email activity (extremely below normal, z=-8.34); emails sent to external addresses (somewhat below normal, z=-1.86)"
PEV0323,2010-02-06,1,0.0306167190462639,0,"Flagged due to: unusual email activity (extremely below normal, z=-4.69); after-hours login activity (significantly above normal, z=2.75)"
PEV0323,2010-03-06,1,0.0306167190462639,0,"Flagged due to: unusual email activity (extremely below normal, z=-4.69); after-hours login activity (significantly above normal, z=2.75)"
PEV0323,2010-08-21,1,0.0306167190462639,0,"Flagged due to: unusual email activity (extremely below normal, z=-4.69); after-hours login activity (significantly above normal, z=2.75)"
PEV0323,2010-11-13,1,0.0306167190462639,0,"Flagged due to: unusual email activity (extremely below normal, z=-4.69); after-hours login activity (significantly above normal, z=2.75)"
PEV0323,2011-01-24,1,0.001893701885129,0,"Flagged due to: logins from unusual number of PCs (extremely above normal, z=5.1); unusual number of logins (significantly above normal, z=2.14)"
PEV0323,2011-03-19,1,0.0306167190462639,0,"Flagged due to: unusual email activity (extremely below normal, z=-4.69); after-hours login activity (significantly above normal, z=2.75)"
PEV0323,2011-05-14,1,0.0306167190462639,0,"Flagged due to: unusual email activity (extremely below normal, z=-4.69); after-hours login activity (significantly above normal, z=2.75)"
PID0426,2010-02-01,1,0.0446067949494705,0,"Flagged due to: logins from unusual number of PCs (extremely above normal, z=3.21); unusual number of logins (extremely above normal, z=3.08)"
PID0426,2010-06-02,1,0.0446067949494705,0,"Flagged due to: logins from unusual number of PCs (extremely above normal, z=3.21); unusual number of logins (extremely above normal, z=3.08)"
PID0426,2010-11-12,1,0.0321799771619915,0,"Flagged due to: unusual email activity (extremely below normal, z=-5.16); logins from unusual number of PCs (extremely above normal, z=3.21)"
PID0426,2010-11-23,1,0.027390911188066,0,"Flagged due to: unusual number of logins (extremely above normal, z=4.88); after-hours login activity (extremely above normal, z=4.09)"
PID0426,2011-01-26,1,0.0299840506619564,0,"Flagged due to: unusual number of logins (extremely above normal, z=4.88); after-hours login activity (extremely above normal, z=4.09)"
PMC0328,2010-03-24,1,0.0081781015650134,0,"Flagged due to: unusual email activity (extremely below normal, z=-5.02); unusual file access activity (significantly above normal, z=2.44)"
PMC0328,2010-06-11,1,0.0290437491321409,0,"Flagged due to: unusual email activity (extremely below normal, z=-7.66); high USB device usage (somewhat above normal, z=1.94)"
PMJ0564,2011-05-14,1,0.0667734758937418,0,"Flagged due to: unusual email activity (extremely below normal, z=-6.99); after-hours login activity (extremely above normal, z=3.51)"
PMV0850,2010-01-06,1,0.0286055496762095,0,"Flagged due to: after-hours login activity (extremely above normal, z=4.26); logins from unusual number of PCs (significantly above normal, z=2.18)"
PMV0850,2010-01-08,1,0.019201703380423,0,"Flagged due to: unusual email activity (extremely below normal, z=-7.52); high USB device usage (somewhat below normal, z=-1.23)"
PMV0850,2010-01-11,1,0.090427472533196,0,"Flagged due to: unusual email activity (extremely below normal, z=-7.52); after-hours login activity (extremely above normal, z=4.26)"
PMV0850,2010-02-08,1,0.0058109152022162,0,"Flagged due to: after-hours login activity (extremely above normal, z=4.26); unusual number of logins (significantly above normal, z=2.59)"
PMV0850,2010-03-04,1,0.0457802759827081,0,"Flagged due to: after-hours login activity (extremely above normal, z=4.26); unusual number of logins (significantly above normal, z=2.59)"
PMV0850,2010-03-24,1,0.0172886368053439,0,"Flagged due to: after-hours login activity (extremely above normal, z=4.26); logins from unusual number of PCs (significantly above normal, z=2.18)"
PMV0850,2010-03-30,1,0.0228054555515815,0,"Flagged due to: unusual email activity (extremely below normal, z=-7.52); unusual number of logins (significantly below normal, z=-2.3)"
PMV0850,2010-06-23,1,0.0799947760727399,0,"Flagged due to: after-hours login activity (extremely above normal, z=4.26); unusual file access activity (extremely above normal, z=4.11)"
PMV0850,2010-08-02,1,0.0084076589621165,0,"Flagged due to: unusual number of logins (significantly above normal, z=2.59); logins from unusual number of PCs (significantly above normal, z=2.18)"
PMV0850,2010-08-13,1,0.0108016276788247,0,"Flagged due to: unusual email activity (extremely below normal, z=-7.52); emails sent to external addresses (somewhat below normal, z=-1.1)"
PMV0850,2010-08-19,1,0.0259623914786288,0,"Flagged due to: unusual number of logins (significantly above normal, z=2.59); logins from unusual number of PCs (significantly above normal, z=2.18)"
PMV0850,2010-10-20,1,0.0058109152022162,0,"Flagged due to: after-hours login activity (extremely above normal, z=4.26); unusual number of logins (significantly above normal, z=2.59)"
PMV0850,2010-10-27,1,0.0286055496762095,0,"Flagged due to: after-hours login activity (extremely above normal, z=4.26); logins from unusual number of PCs (significantly above normal, z=2.18)"
PMV0850,2010-10-28,1,0.0457802759827081,0,"Flagged due to: after-hours login activity (extremely above normal, z=4.26); unusual number of logins (significantly above normal, z=2.59)"
PMV0850,2010-12-20,1,0.0150784606694407,0,"Flagged due to: after-hours login activity (extremely above normal, z=4.26); logins from unusual number of PCs (significantly above normal, z=2.18)"
PMV0850,2011-01-25,1,0.071809044084136,0,"Flagged due to: unusual email activity (extremely below normal, z=-7.52); unusual number of logins (significantly below normal, z=-2.3)"
PMV0850,2011-03-07,1,0.0100926273985827,0,"Flagged due to: after-hours login activity (extremely above normal, z=4.26); logins from unusual number of PCs (significantly above normal, z=2.18)"
PMV0850,2011-05-05,1,0.0172886368053439,0,"Flagged due to: after-hours login activity (extremely above normal, z=4.26); logins from unusual number of PCs (significantly above normal, z=2.18)"
PNH0761,2010-01-12,1,0.0334316051411777,0,"Flagged due to: after-hours login activity (significantly above normal, z=2.45); unusual number of logins (somewhat above normal, z=1.56)"
PNH0761,2010-01-28,1,0.0960620678163711,0,"Flagged due to: unusual number of logins (extremely above normal, z=3.62); logins from unusual number of PCs (significantly above normal, z=2.86)"
PNH0761,2010-03-02,1,0.0346957256681402,0,"Flagged due to: after-hours login activity (significantly above normal, z=2.45); unusual file access activity (somewhat above normal, z=1.84)"
PNH0761,2010-03-20,1,0.0318830386161059,0,"Flagged due to: unusual email activity (extremely below normal, z=-4.99); after-hours login activity (significantly above normal, z=2.45)"
PNH0761,2010-04-05,1,0.0195861474387789,0,"Flagged due to: logins from unusual number of PCs (significantly above normal, z=2.86); unusual number of logins (somewhat above normal, z=1.56)"
PNH0761,2010-04-07,1,0.0818985848537134,0,"Flagged due to: high USB device usage (significantly above normal, z=2.56); after-hours login activity (significantly above normal, z=2.45)"
PNH0761,2010-05-01,1,0.0318830386161059,0,"Flagged due to: unusual email activity (extremely below normal, z=-4.99); after-hours login activity (significantly above normal, z=2.45)"
PNH0761,2010-05-20,1,0.0357019793660539,0,"Flagged due to: unusual email activity (extremely below normal, z=-3.23); after-hours login activity (significantly above normal, z=2.45)"
PNH0761,2010-05-27,1,0.0309302523419062,0,"Flagged due to: unusual number of logins (extremely above normal, z=3.62); logins from unusual number of PCs (significantly above normal, z=2.86)"
PNH0761,2010-06-01,1,0.0430985292496605,0,"Flagged due to: unusual number of logins (extremely above normal, z=3.62); logins from unusual number of PCs (significantly above normal, z=2.86)"
PNH0761,2010-06-07,1,0.0115345894692844,0,"Flagged due to: after-hours login activity (significantly above normal, z=2.45); unusual file access activity (somewhat above normal, z=1.93)"
PNH0761,2010-06-24,1,0.0200696292887153,0,"Flagged due to: after-hours login activity (significantly above normal, z=2.45); unusual number of logins (somewhat above normal, z=1.56)"
PNH0761,2010-07-03,1,0.0318830386161059,0,"Flagged due to: unusual email activity (extremely below normal, z=-4.99); after-hours login activity (significantly above normal, z=2.45)"
PNH0761,2010-07-06,1,0.00271229682544,0,"Flagged due to: logins from unusual number of PCs (significantly above normal, z=2.86); unusual file access activity (somewhat above normal, z=1.84)"
PNH0761,2010-07-29,1,0.0505239803314834,0,"Flagged due to: unusual number of logins (extremely above normal, z=3.62); logins from unusual number of PCs (significantly above normal, z=2.86)"
PNH0761,2010-08-05,1,0.0193852698432075,0,"Flagged due to: after-hours login activity (significantly above normal, z=2.45); unusual number of logins (somewhat above normal, z=1.56)"
PNH0761,2010-08-19,1,0.0441869475040388,0,"Flagged due to: high USB device usage (significantly above normal, z=2.56); after-hours login activity (significantly above normal, z=2.45)"
PNH0761,2010-08-23,1,0.0156722662509426,0,"Flagged due to: logins from unusual number of PCs (significantly above normal, z=2.86); unusual file access activity (somewhat above normal, z=1.93)"
PNH0761,2010-08-24,1,0.0141534436006691,0,"Flagged due to: after-hours login activity (significantly above normal, z=2.45); unusual file access activity (somewhat above normal, z=1.74)"
PNH0761,2010-09-14,1,0.0156722662509426,0,"Flagged due to: logins from unusual number of PCs (significantly above normal, z=2.86); unusual file access activity (somewhat above normal, z=1.93)"
PNH0761,2010-09-27,1,0.0895289980871673,0,"Flagged due to: unusual email activity (extremely below normal, z=-3.23); after-hours login activity (significantly above normal, z=2.45)"
PNH0761,2010-09-29,1,0.0309302523419062,0,"Flagged due to: unusual number of logins (extremely above normal, z=3.62); logins from unusual number of PCs (significantly above normal, z=2.86)"
PNH0761,2010-10-15,1,0.0086070315640651,0,"Flagged due to: unusual email activity (extremely below normal, z=-3.23); unusual file access activity (somewhat above normal, z=1.84)"
PNH0761,2010-10-21,1,0.0017970349791548,0,"Flagged due to: logins from unusual number of PCs (significantly above normal, z=2.86); unusual number of logins (somewhat above normal, z=1.56)"
PNH0761,2010-11-10,1,0.0386939770049663,0,"Flagged due to: logins from unusual number of PCs (significantly above normal, z=2.86); unusual file access activity (somewhat above normal, z=1.64)"
PNH0761,2010-11-13,1,0.0318830386161059,0,"Flagged due to: unusual email activity (extremely below normal, z=-4.99); after-hours login activity (significantly above normal, z=2.45)"
PNH0761,2010-12-14,1,0.0146742099918038,0,"Flagged due to: after-hours login activity (significantly above normal, z=2.45); unusual file access activity (somewhat above normal, z=1.64)"
PNH0761,2011-01-10,1,0.0079916241346724,0,"Flagged due to: unusual email activity (extremely below normal, z=-3.23); unusual file access activity (somewhat above normal, z=1.74)"
PNH0761,2011-01-17,1,0.0156207350350924,0,"Flagged due to: logins from unusual number of PCs (significantly above normal, z=2.86); unusual file access activity (somewhat above normal, z=1.74)"
PNH0761,2011-02-07,1,0.0280342483534522,0,"Flagged due to: unusual number of logins (extremely above normal, z=3.62); logins from unusual number of PCs (significantly above normal, z=2.86)"
PNH0761,2011-02-25,1,0.1144039772223841,0,"Flagged due to: unusual number of logins (extremely above normal, z=3.62); logins from unusual number of PCs (significantly above normal, z=2.86)"
PNH0761,2011-03-29,1,0.0430985292496605,0,"Flagged due to: unusual number of logins (extremely above normal, z=3.62); logins from unusual number of PCs (significantly above normal, z=2.86)"
PNH0761,2011-04-04,1,0.0156207350350924,0,"Flagged due to: logins from unusual number of PCs (significantly above normal, z=2.86); unusual file access activity (somewhat above normal, z=1.74)"
PNH0761,2011-04-05,1,0.0258098197190514,0,"Flagged due to: unusual email activity (extremely below normal, z=-4.99); unusual file access activity (somewhat above normal, z=1.74)"
PNH0761,2011-05-13,1,0.088836559177556,0,"Flagged due to: after-hours login activity (extremely above normal, z=5.28); high USB device usage (extremely above normal, z=4.12)"
PNL0301,2010-06-25,1,0.0097190896569915,1,"Flagged due to: unusual email activity (extremely below normal, z=-6.22); high USB device usage (significantly below normal, z=-2.19)"
PNL0301,2010-07-28,1,0.0722829731467181,1,"Flagged due to: unusual email activity (extremely below normal, z=-6.22); unusual file access activity (extremely above normal, z=3.93)"
PPF0435,2011-01-27,1,0.068589654898051,0,"Flagged due to: after-hours login activity (extremely above normal, z=11.96); unusual number of logins (extremely above normal, z=9.75)"
PPF0435,2011-02-02,1,0.0915954718576734,0,"Flagged due to: after-hours login activity (extremely above normal, z=11.96); high USB device usage (extremely above normal, z=10.11)"
PPF0435,2011-02-04,1,0.1366235385127172,0,"Flagged due to: unusual file access activity (extremely above normal, z=16.94); high USB device usage (extremely above normal, z=10.11)"
PPF0435,2011-02-09,1,0.1005287431493727,1,"Flagged due to: after-hours login activity (extremely above normal, z=11.96); unusual number of logins (extremely above normal, z=9.75)"
PSF0133,2010-03-24,1,0.0153496141938715,0,"Flagged due to: unusual email activity (extremely below normal, z=-8.52); unusual file access activity (somewhat below normal, z=-1.14)"
PSF0133,2010-05-21,1,0.0153496141938715,0,"Flagged due to: unusual email activity (extremely below normal, z=-8.52); unusual file access activity (somewhat below normal, z=-1.14)"
QJR0688,2010-01-06,1,0.0293931763814894,0,"Flagged due to: unusual email activity (extremely below normal, z=-4.59); unusual number of logins (somewhat above normal, z=1.35)"
QJR0688,2010-03-09,1,0.0184395164842285,0,"Flagged due to: unusual email activity (significantly below normal, z=-2.18); emails sent to external addresses (somewhat below normal, z=-1.98)"
QJR0688,2010-03-11,1,0.0093113284898628,0,"Flagged due to: unusual email activity (extremely below normal, z=-5.8); high USB device usage (somewhat below normal, z=-1.22)"
QJR0688,2010-04-23,1,0.0277981665722331,0,"Flagged due to: unusual email activity (extremely below normal, z=-7.0); high USB device usage (somewhat below normal, z=-1.22)"
QJR0688,2010-12-17,1,0.0065718753323003,0,"Flagged due to: unusual number of logins (extremely above normal, z=3.41); logins from unusual number of PCs (extremely above normal, z=3.41)"
QJR0688,2011-01-03,1,0.0207581577119314,0,"Flagged due to: unusual number of logins (extremely above normal, z=3.41); logins from unusual number of PCs (extremely above normal, z=3.41)"
QJR0688,2011-01-18,1,0.0499758801922415,0,"Flagged due to: unusual email activity (extremely below normal, z=-9.41); high USB device usage (significantly above normal, z=2.07)"
QNP0216,2010-02-04,1,0.0184882095757886,0,"Flagged due to: unusual email activity (extremely below normal, z=-7.34); emails sent to external addresses (somewhat below normal, z=-1.56)"
QNP0216,2010-09-27,1,0.0716161334690846,0,"Flagged due to: unusual email activity (extremely below normal, z=-9.02); emails sent to external addresses (somewhat below normal, z=-1.91)"
QNP0216,2011-01-03,1,0.0537328773658265,0,"Flagged due to: unusual email activity (extremely below normal, z=-9.02); emails sent to external addresses (somewhat below normal, z=-1.91)"
QOS0878,2010-03-19,1,0.0256847709446809,0,"Flagged due to: logins from unusual number of PCs (significantly above normal, z=2.78); unusual file access activity (significantly above normal, z=2.42)"
QRM0739,2010-01-11,1,0.0111404336724694,0,"Flagged due to: unusual email activity (extremely below normal, z=-7.04); unusual file access activity (somewhat below normal, z=-1.89)"
QRM0739,2010-02-23,1,0.0176504558391316,0,"Flagged due to: unusual number of logins (extremely above normal, z=4.14); logins from unusual number of PCs (extremely above normal, z=4.14)"
QRM0739,2010-03-01,1,0.0220766168947187,0,"Flagged due to: unusual number of logins (extremely above normal, z=4.14); logins from unusual number of PCs (extremely above normal, z=4.14)"
QRM0739,2010-03-05,1,0.0220766168947187,0,"Flagged due to: unusual number of logins (extremely above normal, z=4.14); logins from unusual number of PCs (extremely above normal, z=4.14)"
QRM0739,2010-05-20,1,0.0478614385521471,0,"Flagged due to: unusual email activity (extremely below normal, z=-9.46); unusual file access activity (somewhat below normal, z=-1.89)"
QRM0739,2010-06-23,1,0.0176504558391316,0,"Flagged due to: unusual number of logins (extremely above normal, z=4.14); logins from unusual number of PCs (extremely above normal, z=4.14)"
QRM0739,2010-07-22,1,0.023558493876526,0,"Flagged due to: unusual number of logins (extremely above normal, z=4.14); logins from unusual number of PCs (extremely above normal, z=4.14)"
QRM0739,2010-08-12,1,0.0165305227751733,0,"Flagged due to: unusual number of logins (extremely above normal, z=4.14); logins from unusual number of PCs (extremely above normal, z=4.14)"
QRM0739,2010-09-27,1,0.006442273151761,0,"Flagged due to: unusual number of logins (extremely above normal, z=4.14); logins from unusual number of PCs (extremely above normal, z=4.14)"
QRM0739,2010-10-01,1,0.0089733903584876,0,"Flagged due to: unusual number of logins (extremely above normal, z=4.14); logins from unusual number of PCs (extremely above normal, z=4.14)"
QRM0739,2010-10-20,1,0.002924040537331,0,"Flagged due to: unusual number of logins (extremely above normal, z=4.14); logins from unusual number of PCs (extremely above normal, z=4.14)"
QRM0739,2010-10-27,1,0.0623963566534218,0,"Flagged due to: unusual number of logins (extremely above normal, z=4.14); logins from unusual number of PCs (extremely above normal, z=4.14)"
QRM0739,2011-01-31,1,0.0604780995295782,0,"Flagged due to: unusual number of logins (extremely above normal, z=4.14); logins from unusual number of PCs (extremely above normal, z=4.14)"
QRM0739,2011-02-17,1,0.0589915117289605,0,"Flagged due to: unusual number of logins (extremely above normal, z=4.14); logins from unusual number of PCs (extremely above normal, z=4.14)"
QRM0739,2011-02-22,1,0.0133127598280257,0,"Flagged due to: unusual number of logins (extremely above normal, z=4.14); logins from unusual number of PCs (extremely above normal, z=4.14)"
QRM0739,2011-03-08,1,0.0050925699840563,0,"Flagged due to: unusual email activity (extremely below normal, z=-8.25); emails sent to external addresses (somewhat below normal, z=-1.7)"
QRM0739,2011-04-05,1,0.039314276278577,0,"Flagged due to: unusual number of logins (extremely above normal, z=4.14); logins from unusual number of PCs (extremely above normal, z=4.14)"
RAB0589,2010-09-11,1,0.1580789374389427,0,"Flagged due to: after-hours login activity (extremely above normal, z=13.64); high USB device usage (extremely above normal, z=13.64)"
RAB0589,2010-09-13,1,0.1171926570955413,1,"Flagged due to: after-hours login activity (extremely above normal, z=13.64); high USB device usage (extremely above normal, z=6.78)"
RAB0589,2010-09-23,1,0.0663838538121091,1,"Flagged due to: after-hours login activity (extremely above normal, z=13.64); high USB device usage (extremely above normal, z=6.78)"
RAW0915,2010-01-28,1,0.0210496032919978,0,"Flagged due to: logins from unusual number of PCs (significantly above normal, z=2.97); unusual number of logins (significantly above normal, z=2.52)"
RAW0915,2010-04-05,1,0.0439310616238362,0,"Flagged due to: after-hours login activity (extremely above normal, z=9.99); logins from unusual number of PCs (significantly above normal, z=2.97)"
RAW0915,2010-05-27,1,0.0240070378822937,0,"Flagged due to: unusual email activity (extremely below normal, z=-6.3); emails sent to external addresses (somewhat below normal, z=-1.98)"
RAW0915,2010-07-02,1,0.0564420053590769,0,"Flagged due to: unusual email activity (extremely below normal, z=-6.3); unusual number of logins (significantly below normal, z=-2.0)"
RAW0915,2010-07-11,1,0.0149440875381969,0,"Flagged due to: logins from unusual number of PCs (significantly above normal, z=2.97); unusual number of logins (significantly above normal, z=2.52)"
RAW0915,2010-07-18,1,0.0227966517772245,0,"Flagged due to: unusual email activity (extremely below normal, z=-6.3); high USB device usage (significantly above normal, z=2.1)"
RAW0915,2010-07-21,1,0.0218027085988041,0,"Flagged due to: logins from unusual number of PCs (significantly above normal, z=2.97); unusual number of logins (significantly above normal, z=2.52)"
RAW0915,2010-07-31,1,0.0671306512317561,0,"Flagged due to: logins from unusual number of PCs (extremely above normal, z=6.25); unusual number of logins (extremely above normal, z=4.78)"
RAW0915,2010-08-03,1,0.0323521097907341,0,"Flagged due to: logins from unusual number of PCs (significantly above normal, z=2.97); unusual number of logins (significantly above normal, z=2.52)"
RAW0915,2010-09-15,1,0.0317708250950747,0,"Flagged due to: after-hours login activity (extremely above normal, z=9.99); logins from unusual number of PCs (significantly above normal, z=2.97)"
RAW0915,2011-01-21,1,0.0422309868893376,0,"Flagged due to: unusual email activity (extremely below normal, z=-5.57); logins from unusual number of PCs (significantly above normal, z=2.97)"
RAW0915,2011-03-06,1,0.024674713976211,0,"Flagged due to: unusual email activity (extremely below normal, z=-5.57); unusual number of logins (significantly below normal, z=-2.0)"
RAW0915,2011-03-25,1,0.048869069774706,0,"Flagged due to: after-hours login activity (extremely above normal, z=9.99); logins from unusual number of PCs (significantly above normal, z=2.97)"
RAW0915,2011-05-16,1,0.0165868193852959,0,"Flagged due to: logins from unusual number of PCs (significantly above normal, z=2.97); unusual number of logins (significantly above normal, z=2.52)"
RDT0424,2010-02-05,1,0.0645125513906106,0,"Flagged due to: unusual email activity (extremely below normal, z=-6.03); unusual number of logins (significantly above normal, z=2.45)"
RDT0424,2010-02-17,1,0.0322822940663969,0,"Flagged due to: unusual number of logins (significantly above normal, z=2.45); high USB device usage (significantly above normal, z=2.15)"
RDT0424,2010-09-02,1,0.0279614700270218,0,"Flagged due to: unusual email activity (extremely below normal, z=-6.03); unusual number of logins (significantly below normal, z=-2.43)"
RDT0424,2010-12-28,1,0.0004551022530937,0,"Flagged due to: unusual number of logins (significantly above normal, z=2.45); high USB device usage (significantly above normal, z=2.15)"
RGG0064,2010-10-18,1,0.0586211757404852,0,"Flagged due to: high USB device usage (extremely above normal, z=14.63); unusual file access activity (extremely above normal, z=14.63)"
RGG0064,2010-10-20,1,0.0335365941381702,1,"Flagged due to: high USB device usage (extremely above normal, z=4.83); unusual number of logins (significantly above normal, z=2.89)"
RHL0992,2010-02-23,1,0.0706184808808946,0,"Flagged due to: after-hours login activity (extremely above normal, z=11.49); logins from unusual number of PCs (extremely above normal, z=5.68)"
RHL0992,2010-03-29,1,0.0126537085780741,0,"Flagged due to: unusual email activity (extremely below normal, z=-7.22); unusual file access activity (somewhat below normal, z=-1.02)"
RHL0992,2010-05-07,1,0.0004201162349348,0,"Flagged due to: logins from unusual number of PCs (extremely above normal, z=5.68); emails sent to external addresses (somewhat below normal, z=-1.89)"
RHL0992,2010-06-14,1,0.0473058270128953,0,"Flagged due to: logins from unusual number of PCs (extremely above normal, z=5.68); unusual number of logins (significantly above normal, z=2.85)"
RHL0992,2010-07-15,1,0.0459081339548023,1,"Flagged due to: logins from unusual number of PCs (extremely above normal, z=5.68); unusual number of logins (significantly above normal, z=2.85)"
RHL0992,2010-07-28,1,0.0078477738773483,1,"Flagged due to: unusual email activity (extremely above normal, z=5.93); emails sent to external addresses (significantly above normal, z=2.28)"
RHL0992,2010-08-12,1,0.051605708408333,1,"Flagged due to: unusual file access activity (extremely above normal, z=4.42); high USB device usage (extremely above normal, z=4.17)"
RHL0992,2010-08-13,1,0.0610253632644153,1,"Flagged due to: unusual email activity (extremely below normal, z=-10.97); high USB device usage (significantly below normal, z=-2.03)"
RHL0992,2010-08-16,1,0.034052341519571,1,"Flagged due to: logins from unusual number of PCs (extremely above normal, z=5.68); unusual number of logins (significantly above normal, z=2.85)"
RHL0992,2010-09-07,1,0.0366778627283101,1,"Flagged due to: after-hours login activity (extremely above normal, z=11.49); logins from unusual number of PCs (extremely above normal, z=5.68)"
RHL0992,2010-09-09,1,0.0217393281089858,1,"Flagged due to: unusual file access activity (extremely above normal, z=5.51); high USB device usage (extremely above normal, z=4.17)"
RHO0732,2010-01-14,1,0.0146259694575817,0,"Flagged due to: unusual email activity (significantly below normal, z=-2.4); after-hours login activity (somewhat above normal, z=1.93)"
RHO0732,2010-01-26,1,0.0166368890818674,0,"Flagged due to: high USB device usage (somewhat below normal, z=-1.95); after-hours login activity (somewhat above normal, z=1.93)"
RHO0732,2010-01-28,1,0.0553042399759258,0,"Flagged due to: after-hours login activity (extremely above normal, z=4.31); unusual number of logins (extremely above normal, z=4.16)"
RHO0732,2010-03-19,1,0.0372420365533576,0,"Flagged due to: after-hours login activity (extremely above normal, z=4.31); unusual number of logins (significantly above normal, z=2.6)"
RHO0732,2010-03-22,1,0.0427378574950157,0,"Flagged due to: unusual number of logins (significantly above normal, z=2.6); high USB device usage (somewhat below normal, z=-1.95)"
RHO0732,2010-04-17,1,0.1159669600502192,0,"Flagged due to: unusual email activity (extremely below normal, z=-6.42); unusual number of logins (significantly below normal, z=-2.07)"
RHO0732,2010-04-27,1,0.050066942595244,0,"Flagged due to: high USB device usage (somewhat above normal, z=1.99); after-hours login activity (somewhat above normal, z=1.93)"
RHO0732,2010-04-28,1,0.017174411885987,0,"Flagged due to: unusual email activity (extremely below normal, z=-5.97); emails sent to external addresses (somewhat below normal, z=-1.57)"
RHO0732,2010-04-30,1,0.0734406641528445,0,"Flagged due to: unusual number of logins (significantly above normal, z=2.6); unusual file access activity (significantly above normal, z=2.26)"
RHO0732,2010-05-08,1,0.1159669600502192,0,"Flagged due to: unusual email activity (extremely below normal, z=-6.42); unusual number of logins (significantly below normal, z=-2.07)"
RHO0732,2010-05-14,1,0.0289223862085866,0,"Flagged due to: high USB device usage (somewhat below normal, z=-1.95); after-hours login activity (somewhat above normal, z=1.93)"
RHO0732,2010-05-20,1,0.0168523695809708,0,"Flagged due to: unusual number of logins (significantly above normal, z=2.6); after-hours login activity (somewhat above normal, z=1.93)"
RHO0732,2010-05-27,1,0.033967639239565,0,"Flagged due to: unusual file access activity (significantly above normal, z=2.67); after-hours login activity (somewhat above normal, z=1.93)"
RHO0732,2010-06-24,1,0.0199440569929776,0,"Flagged due to: unusual file access activity (significantly above normal, z=2.26); after-hours login activity (somewhat above normal, z=1.93)"
RHO0732,2010-08-05,1,1.646841710245539e-05,0,"Flagged due to: after-hours login activity (somewhat above normal, z=1.93); unusual file access activity (somewhat above normal, z=1.45)"
RHO0732,2010-08-12,1,0.0158393185815679,0,"Flagged due to: high USB device usage (somewhat below normal, z=-1.95); after-hours login activity (somewhat above normal, z=1.93)"
RHO0732,2010-08-20,1,0.0358317093466992,0,"Flagged due to: unusual number of logins (significantly above normal, z=2.6); after-hours login activity (somewhat above normal, z=1.93)"
RHO0732,2010-10-18,1,0.0459118402437385,0,"Flagged due to: unusual number of logins (significantly above normal, z=2.6); after-hours login activity (somewhat above normal, z=1.93)"
RHO0732,2010-10-19,1,0.0719771509248734,0,"Flagged due to: unusual email activity (extremely below normal, z=-3.74); unusual number of logins (significantly above normal, z=2.6)"
RHO0732,2010-10-27,1,0.0547431672745611,0,"Flagged due to: unusual number of logins (significantly above normal, z=2.6); high USB device usage (somewhat below normal, z=-1.95)"
RHO0732,2010-11-06,1,0.1159669600502192,0,"Flagged due to: unusual email activity (extremely below normal, z=-6.42); unusual number of logins (significantly below normal, z=-2.07)"
RHO0732,2010-11-10,1,0.112643458577503,0,"Flagged due to: unusual email activity (extremely below normal, z=-6.42); unusual number of logins (significantly above normal, z=2.6)"
RHO0732,2010-11-18,1,0.0640796502919266,0,"Flagged due to: after-hours login activity (extremely above normal, z=4.31); unusual number of logins (extremely above normal, z=4.16)"
RHO0732,2010-11-24,1,0.1062331645897777,0,"Flagged due to: unusual email activity (extremely below normal, z=-4.63); after-hours login activity (extremely above normal, z=4.31)"
RHO0732,2010-12-06,1,0.0123301995869197,0,"Flagged due to: unusual number of logins (significantly above normal, z=2.6); emails sent to external addresses (significantly above normal, z=2.08)"
RHO0732,2010-12-09,1,0.0203420938600438,0,"Flagged due to: high USB device usage (significantly above normal, z=2.98); emails sent to external addresses (somewhat above normal, z=1.8)"
RHO0732,2010-12-14,1,0.0187622613009124,0,"Flagged due to: after-hours login activity (somewhat above normal, z=1.93); unusual file access activity (somewhat above normal, z=1.85)"
RHO0732,2010-12-22,1,0.0135324665585389,0,"Flagged due to: after-hours login activity (somewhat above normal, z=1.93); emails sent to external addresses (somewhat below normal, z=-1.57)"
RHO0732,2011-03-29,1,0.0020015429052471,0,"Flagged due to: high USB device usage (somewhat below normal, z=-1.95); after-hours login activity (somewhat above normal, z=1.93)"
RHO0732,2011-04-18,1,0.0056406223607683,0,"Flagged due to: unusual email activity (extremely below normal, z=-3.29); unusual file access activity (somewhat above normal, z=1.45)"
RHP0484,2010-04-06,1,0.0352549233536095,0,"Flagged due to: unusual email activity (extremely below normal, z=-4.61); logins from unusual number of PCs (extremely above normal, z=3.18)"
RHY0079,2010-02-11,1,0.0162369916819914,0,"Flagged due to: unusual number of logins (extremely above normal, z=5.27); logins from unusual number of PCs (extremely above normal, z=5.27)"
RHY0079,2011-02-09,1,0.0016426730774858,0,"Flagged due to: unusual number of logins (extremely above normal, z=5.27); logins from unusual number of PCs (extremely above normal, z=5.27)"
RKD0604,2010-07-09,1,0.1352058799844057,0,"Flagged due to: unusual file access activity (extremely above normal, z=11.92); unusual number of logins (extremely above normal, z=11.92)"
RKD0604,2010-07-13,1,0.0234158007248905,1,"Flagged due to: unusual number of logins (extremely above normal, z=11.92); after-hours login activity (extremely above normal, z=11.92)"
RKD0604,2010-07-15,1,0.1514405850793744,1,"Flagged due to: unusual number of logins (extremely above normal, z=11.92); after-hours login activity (extremely above normal, z=11.92)"
RKD0604,2010-07-20,1,0.0327975154900788,1,"Flagged due to: unusual number of logins (extremely above normal, z=11.92); after-hours login activity (extremely above normal, z=11.92)"
RLB0719,2010-11-17,1,0.0479569717589053,0,"Flagged due to: unusual email activity (extremely below normal, z=-4.54); unusual number of logins (extremely above normal, z=4.15)"
RLG0856,2010-03-10,1,0.0039242367110903,0,"Flagged due to: unusual file access activity (extremely above normal, z=3.63); high USB device usage (somewhat above normal, z=2.0)"
RLG0856,2010-04-17,1,0.0899740178504937,0,"Flagged due to: unusual email activity (extremely below normal, z=-5.07); after-hours login activity (extremely above normal, z=3.67)"
RLG0856,2010-05-08,1,0.0899740178504937,0,"Flagged due to: unusual email activity (extremely below normal, z=-5.07); after-hours login activity (extremely above normal, z=3.67)"
RLG0856,2010-05-10,1,0.0463430452531541,0,"Flagged due to: after-hours login activity (extremely above normal, z=3.67); unusual file access activity (extremely above normal, z=3.03)"
RLG0856,2010-06-03,1,0.0051387236734834,0,"Flagged due to: after-hours login activity (extremely above normal, z=3.67); unusual number of logins (significantly above normal, z=2.46)"
RLG0856,2010-08-03,1,0.0030265802286284,0,"Flagged due to: after-hours login activity (extremely above normal, z=3.67); unusual number of logins (significantly above normal, z=2.46)"
RLG0856,2010-11-08,1,0.0572750162566453,0,"Flagged due to: after-hours login activity (extremely above normal, z=3.67); unusual file access activity (extremely above normal, z=3.63)"
RLG0856,2011-01-13,1,0.0030265802286284,0,"Flagged due to: after-hours login activity (extremely above normal, z=3.67); unusual number of logins (significantly above normal, z=2.46)"
RLG0856,2011-01-31,1,0.0105741323985291,0,"Flagged due to: unusual email activity (extremely below normal, z=-4.71); unusual number of logins (somewhat below normal, z=-1.9)"
RLG0856,2011-02-04,1,0.049063837284351,0,"Flagged due to: after-hours login activity (extremely above normal, z=3.67); unusual number of logins (significantly above normal, z=2.46)"
RLG0856,2011-02-09,1,0.0055680613056704,0,"Flagged due to: after-hours login activity (extremely above normal, z=3.67); unusual number of logins (significantly above normal, z=2.46)"
RLG0856,2011-03-09,1,0.0137977924004307,0,"Flagged due to: after-hours login activity (extremely above normal, z=3.67); unusual number of logins (significantly above normal, z=2.46)"
RLG0856,2011-04-05,1,0.0110066775870171,0,"Flagged due to: high USB device usage (extremely above normal, z=3.03); unusual number of logins (somewhat below normal, z=-1.9)"
RMW0542,2010-05-21,1,0.0179820393232662,0,"Flagged due to: unusual email activity (extremely below normal, z=-6.72); emails sent to external addresses (significantly below normal, z=-2.02)"
RMW0542,2010-08-10,1,0.023927500235675,1,"Flagged due to: high USB device usage (extremely above normal, z=3.51); unusual file access activity (significantly above normal, z=2.93)"
RNP0211,2010-07-12,1,0.0010487593862269,0,"Flagged due to: unusual email activity (extremely below normal, z=-6.58); emails sent to external addresses (somewhat below normal, z=-1.22)"
RRP0568,2010-01-11,1,0.0092635468705857,0,"Flagged due to: logins from unusual number of PCs (extremely above normal, z=3.83); unusual number of logins (significantly above normal, z=2.8)"
RRP0568,2010-03-18,1,0.088824811324691,0,"Flagged due to: logins from unusual number of PCs (extremely above normal, z=3.83); unusual number of logins (significantly above normal, z=2.8)"
RRP0568,2010-03-30,1,0.0560825060828923,0,"Flagged due to: logins from unusual number of PCs (extremely above normal, z=3.83); emails sent to external addresses (significantly below normal, z=-2.12)"
RRP0568,2010-05-10,1,0.0123344729539721,0,"Flagged due to: logins from unusual number of PCs (extremely above normal, z=3.83); unusual number of logins (significantly above normal, z=2.8)"
RRP0568,2010-07-22,1,0.005285489120944,0,"Flagged due to: logins from unusual number of PCs (extremely above normal, z=3.83); emails sent to external addresses (somewhat above normal, z=1.3)"
RRP0568,2010-11-08,1,0.0472875044178379,0,"Flagged due to: unusual email activity (extremely below normal, z=-6.48); unusual number of logins (significantly below normal, z=-2.18)"
RRP0568,2011-02-14,1,0.0486688084133399,0,"Flagged due to: unusual email activity (extremely below normal, z=-7.33); emails sent to external addresses (significantly below normal, z=-2.12)"
RRP0568,2011-05-05,1,0.0452162687587451,0,"Flagged due to: logins from unusual number of PCs (extremely above normal, z=3.83); unusual number of logins (significantly above normal, z=2.8)"
RRP0568,2011-05-10,1,0.0076838455833762,0,"Flagged due to: unusual email activity (extremely below normal, z=-4.78); unusual file access activity (significantly above normal, z=2.59)"
RSC0089,2010-02-05,1,0.0247638176765045,0,"Flagged due to: unusual email activity (extremely below normal, z=-3.88); high USB device usage (significantly below normal, z=-2.34)"
RSC0089,2010-02-16,1,0.0828873118785911,0,"Flagged due to: logins from unusual number of PCs (extremely above normal, z=3.23); unusual number of logins (significantly above normal, z=2.68)"
RSC0089,2010-03-16,1,0.0612947535479584,0,"Flagged due to: unusual number of logins (extremely above normal, z=4.17); logins from unusual number of PCs (extremely above normal, z=3.23)"
RSC0089,2010-03-17,1,0.0086737872154295,0,"Flagged due to: unusual number of logins (significantly above normal, z=2.68); after-hours login activity (significantly above normal, z=2.25)"
RSC0089,2010-03-22,1,0.0021317767023133,0,"Flagged due to: logins from unusual number of PCs (extremely above normal, z=3.23); emails sent to external addresses (somewhat below normal, z=-1.35)"
RSC0089,2010-04-14,1,0.0471171326474777,0,"Flagged due to: unusual email activity (extremely below normal, z=-5.53); emails sent to external addresses (somewhat below normal, z=-1.76)"
RSC0089,2010-05-05,1,0.0088602705019196,0,"Flagged due to: unusual file access activity (significantly above normal, z=2.71); logins from unusual number of PCs (somewhat above normal, z=1.33)"
RSC0089,2010-05-27,1,0.0131988140370812,0,"Flagged due to: after-hours login activity (extremely above normal, z=4.9); unusual number of logins (significantly above normal, z=2.68)"
RSC0089,2010-06-02,1,0.0456550783390381,0,"Flagged due to: logins from unusual number of PCs (extremely above normal, z=3.23); unusual number of logins (significantly above normal, z=2.68)"
RSC0089,2010-06-16,1,0.0575161522443511,0,"Flagged due to: unusual number of logins (significantly above normal, z=2.68); after-hours login activity (significantly above normal, z=2.25)"
RSC0089,2010-06-17,1,0.0145133428860576,0,"Flagged due to: unusual file access activity (extremely above normal, z=3.11); unusual email activity (significantly below normal, z=-2.23)"
RSC0089,2010-06-28,1,0.0138047890391466,0,"Flagged due to: unusual number of logins (significantly above normal, z=2.68); after-hours login activity (significantly above normal, z=2.25)"
RSC0089,2010-07-26,1,0.0699979437973672,0,"Flagged due to: unusual file access activity (significantly above normal, z=2.3); after-hours login activity (significantly above normal, z=2.25)"
RSC0089,2010-10-02,1,0.1250445159729643,0,"Flagged due to: unusual email activity (extremely below normal, z=-7.19); high USB device usage (extremely below normal, z=-6.43)"
RSC0089,2010-10-16,1,0.1250445159729643,0,"Flagged due to: unusual email activity (extremely below normal, z=-7.19); high USB device usage (extremely below normal, z=-6.43)"
RSC0089,2010-10-18,1,0.0142787692706517,0,"Flagged due to: logins from unusual number of PCs (extremely above normal, z=3.23); unusual number of logins (significantly above normal, z=2.68)"
RSC0089,2010-11-06,1,0.1250445159729643,0,"Flagged due to: unusual email activity (extremely below normal, z=-7.19); high USB device usage (extremely below normal, z=-6.43)"
RSC0089,2010-11-20,1,0.0468027288294393,0,"Flagged due to: unusual file access activity (extremely above normal, z=3.11); after-hours login activity (significantly above normal, z=2.25)"
RSC0089,2010-11-24,1,0.0024258571992635,0,"Flagged due to: unusual number of logins (significantly above normal, z=2.68); after-hours login activity (significantly above normal, z=2.25)"
RSC0089,2010-12-20,1,0.0062380289388698,0,"Flagged due to: after-hours login activity (significantly above normal, z=2.25); high USB device usage (somewhat above normal, z=1.76)"
RSC0089,2011-01-12,1,0.016204920240425,0,"Flagged due to: after-hours login activity (significantly above normal, z=2.25); emails sent to external addresses (somewhat above normal, z=1.49)"
RSC0089,2011-03-12,1,0.1250445159729643,0,"Flagged due to: unusual email activity (extremely below normal, z=-7.19); high USB device usage (extremely below normal, z=-6.43)"
RSC0089,2011-03-16,1,0.0086054568788662,0,"Flagged due to: after-hours login activity (significantly above normal, z=2.25); emails sent to external addresses (somewhat below normal, z=-1.35)"
RSC0089,2011-04-11,1,0.0328050545820877,0,"Flagged due to: unusual number of logins (extremely above normal, z=4.17); logins from unusual number of PCs (extremely above normal, z=3.23)"
RSC0089,2011-04-19,1,0.016204920240425,0,"Flagged due to: after-hours login activity (significantly above normal, z=2.25); emails sent to external addresses (somewhat above normal, z=1.49)"
RSC0089,2011-05-13,1,0.0702212904464694,0,"Flagged due to: unusual number of logins (extremely above normal, z=4.17); logins from unusual number of PCs (extremely above normal, z=3.23)"
RSM0277,2010-03-04,1,0.0236927459307371,0,"Flagged due to: unusual email activity (extremely below normal, z=-5.92); emails sent to external addresses (somewhat below normal, z=-1.8)"
RSM0277,2010-03-05,1,0.0030162404626865,0,"Flagged due to: high USB device usage (significantly above normal, z=2.99); unusual file access activity (somewhat above normal, z=2.0)"
RSM0277,2010-03-19,1,0.0250815017092367,0,"Flagged due to: unusual file access activity (extremely above normal, z=4.07); emails sent to external addresses (somewhat above normal, z=1.96)"
RSM0277,2010-03-22,1,0.0935409834571266,0,"Flagged due to: unusual email activity (extremely below normal, z=-6.69); unusual file access activity (somewhat above normal, z=2.0)"
RSM0277,2010-09-15,1,0.0307536887973371,0,"Flagged due to: unusual email activity (extremely below normal, z=-6.69); unusual number of logins (significantly below normal, z=-2.5)"
RSM0277,2011-02-17,1,0.033745690351896,0,"Flagged due to: unusual file access activity (significantly above normal, z=2.52); high USB device usage (somewhat above normal, z=1.95)"
RSM0277,2011-02-22,1,0.0120891836423199,0,"Flagged due to: unusual email activity (extremely below normal, z=-6.69); emails sent to external addresses (somewhat below normal, z=-1.8)"
RTO0313,2010-03-05,1,0.0136199022233252,0,"Flagged due to: after-hours login activity (extremely above normal, z=4.65); unusual number of logins (extremely above normal, z=3.23)"
RTO0313,2010-03-23,1,0.0348562114612241,0,"Flagged due to: logins from unusual number of PCs (extremely above normal, z=3.27); unusual number of logins (extremely above normal, z=3.23)"
RTO0313,2010-04-17,1,0.0540341400612556,0,"Flagged due to: unusual email activity (extremely below normal, z=-6.15); after-hours login activity (significantly above normal, z=2.12)"
RTO0313,2010-05-01,1,0.0540341400612556,0,"Flagged due to: unusual email activity (extremely below normal, z=-6.15); after-hours login activity (significantly above normal, z=2.12)"
RTO0313,2010-05-07,1,0.0379187145305589,0,"Flagged due to: logins from unusual number of PCs (extremely above normal, z=3.27); unusual number of logins (extremely above normal, z=3.23)"
RTO0313,2010-05-20,1,0.0055181715772434,0,"Flagged due to: logins from unusual number of PCs (extremely above normal, z=3.27); unusual number of logins (extremely above normal, z=3.23)"
RTO0313,2010-09-14,1,0.0352782168079046,0,"Flagged due to: unusual number of logins (extremely above normal, z=4.89); after-hours login activity (extremely above normal, z=4.65)"
RTO0313,2010-10-02,1,0.0540341400612556,0,"Flagged due to: unusual email activity (extremely below normal, z=-6.15); after-hours login activity (significantly above normal, z=2.12)"
RTO0313,2010-12-04,1,0.0540341400612556,0,"Flagged due to: unusual email activity (extremely below normal, z=-6.15); after-hours login activity (significantly above normal, z=2.12)"
RTO0313,2011-05-14,1,0.0540341400612556,0,"Flagged due to: unusual email activity (extremely below normal, z=-6.15); after-hours login activity (significantly above normal, z=2.12)"
RUM0880,2010-02-06,1,0.1342764831220892,0,"Flagged due to: unusual email activity (extremely below normal, z=-5.94); after-hours login activity (significantly above normal, z=3.0)"
RUM0880,2010-03-05,1,0.0115475547923783,0,"Flagged due to: after-hours login activity (extremely above normal, z=6.29); unusual number of logins (extremely above normal, z=4.13)"
RUM0880,2010-03-19,1,0.0475526737157345,0,"Flagged due to: after-hours login activity (significantly above normal, z=3.0); unusual number of logins (significantly above normal, z=2.18)"
RUM0880,2010-04-17,1,0.1342764831220892,0,"Flagged due to: unusual email activity (extremely below normal, z=-5.94); after-hours login activity (significantly above normal, z=3.0)"
RUM0880,2010-07-03,1,0.1342764831220892,0,"Flagged due to: unusual email activity (extremely below normal, z=-5.94); after-hours login activity (significantly above normal, z=3.0)"
RUM0880,2010-07-09,1,0.0085009788717769,0,"Flagged due to: after-hours login activity (significantly above normal, z=3.0); unusual number of logins (significantly above normal, z=2.18)"
RUM0880,2010-09-01,1,0.0639049851712229,0,"Flagged due to: unusual email activity (extremely below normal, z=-5.94); high USB device usage (somewhat below normal, z=-1.99)"
RUM0880,2010-10-02,1,0.1342764831220892,0,"Flagged due to: unusual email activity (extremely below normal, z=-5.94); after-hours login activity (significantly above normal, z=3.0)"
RUM0880,2010-10-06,1,0.0639049851712229,0,"Flagged due to: unusual email activity (extremely below normal, z=-5.94); high USB device usage (somewhat below normal, z=-1.99)"
RUM0880,2010-11-12,1,0.006391556604177,0,"Flagged due to: high USB device usage (significantly above normal, z=2.97); unusual number of logins (somewhat below normal, z=-1.73)"
RUM0880,2010-11-15,1,0.0479295645466728,0,"Flagged due to: logins from unusual number of PCs (extremely above normal, z=4.72); unusual number of logins (significantly above normal, z=2.18)"
RUM0880,2010-11-24,1,0.0703299088658508,0,"Flagged due to: unusual email activity (extremely below normal, z=-4.69); after-hours login activity (significantly above normal, z=3.0)"
RUM0880,2010-11-29,1,0.051120671138652,0,"Flagged due to: after-hours login activity (significantly above normal, z=3.0); unusual number of logins (significantly above normal, z=2.18)"
RUM0880,2010-12-13,1,0.092488618160457,0,"Flagged due to: logins from unusual number of PCs (extremely above normal, z=4.72); unusual number of logins (extremely above normal, z=4.13)"
RUM0880,2011-01-13,1,0.0273015260039235,0,"Flagged due to: after-hours login activity (significantly above normal, z=3.0); unusual number of logins (significantly above normal, z=2.18)"
RUM0880,2011-02-01,1,0.0040034483611606,0,"Flagged due to: logins from unusual number of PCs (extremely above normal, z=4.72); high USB device usage (somewhat above normal, z=1.98)"
RUM0880,2011-02-02,1,0.036807544326373,0,"Flagged due to: after-hours login activity (significantly above normal, z=3.0); unusual email activity (significantly below normal, z=-2.62)"
RUM0880,2011-02-25,1,0.005791853280555,0,"Flagged due to: logins from unusual number of PCs (extremely above normal, z=4.72); emails sent to external addresses (somewhat above normal, z=1.54)"
RUM0880,2011-04-04,1,0.0391918001418815,0,"Flagged due to: logins from unusual number of PCs (extremely above normal, z=4.72); after-hours login activity (significantly above normal, z=3.0)"
RUM0880,2011-05-06,1,0.0514884147479974,0,"Flagged due to: after-hours login activity (significantly above normal, z=3.0); unusual number of logins (significantly above normal, z=2.18)"
RVF0201,2010-04-12,1,0.0548925776431837,0,"Flagged due to: unusual email activity (extremely below normal, z=-9.02); unusual number of logins (somewhat below normal, z=-1.92)"
RVF0201,2010-04-26,1,0.0258585410627547,0,"Flagged due to: logins from unusual number of PCs (extremely above normal, z=4.03); unusual number of logins (significantly above normal, z=2.67)"
RVF0201,2010-11-29,1,0.0188057864568875,0,"Flagged due to: logins from unusual number of PCs (extremely above normal, z=4.03); unusual number of logins (significantly above normal, z=2.67)"
RVF0201,2011-03-07,1,0.001400387169537,0,"Flagged due to: logins from unusual number of PCs (extremely above normal, z=4.03); unusual file access activity (significantly above normal, z=2.09)"
RVF0201,2011-03-18,1,0.0665796140854182,0,"Flagged due to: logins from unusual number of PCs (extremely above normal, z=4.03); unusual email activity (extremely below normal, z=-3.1)"
RVF0201,2011-03-30,1,0.0474292086377071,0,"Flagged due to: logins from unusual number of PCs (extremely above normal, z=4.03); unusual number of logins (significantly above normal, z=2.67)"
RZC0746,2010-05-31,1,0.052010994394712,0,"Flagged due to: unusual email activity (extremely below normal, z=-6.02); logins from unusual number of PCs (significantly above normal, z=3.0)"
RZC0746,2011-02-07,1,0.0069292084512586,0,"Flagged due to: unusual email activity (extremely below normal, z=-6.02); logins from unusual number of PCs (significantly above normal, z=3.0)"
SAA0999,2010-01-05,1,0.0202149804263608,0,"Flagged due to: unusual email activity (extremely below normal, z=-7.31); emails sent to external addresses (significantly below normal, z=-2.01)"
SAA0999,2010-01-11,1,0.0323513207814044,0,"Flagged due to: logins from unusual number of PCs (extremely above normal, z=6.11); unusual number of logins (significantly above normal, z=2.85)"
SAA0999,2010-06-04,1,0.0050537484471284,0,"Flagged due to: unusual email activity (extremely below normal, z=-7.31); emails sent to external addresses (somewhat below normal, z=-1.58)"
SAA0999,2010-07-29,1,0.0416493792077931,0,"Flagged due to: logins from unusual number of PCs (extremely above normal, z=6.11); unusual number of logins (significantly above normal, z=2.85)"
SAA0999,2010-08-04,1,0.0174444616823995,0,"Flagged due to: logins from unusual number of PCs (extremely above normal, z=6.11); emails sent to external addresses (significantly below normal, z=-2.01)"
SAA0999,2010-08-20,1,0.0668805286982749,0,"Flagged due to: logins from unusual number of PCs (extremely above normal, z=6.11); unusual number of logins (significantly above normal, z=2.85)"
SAA0999,2010-09-07,1,0.0030488686721511,0,"Flagged due to: logins from unusual number of PCs (extremely above normal, z=6.11); emails sent to external addresses (somewhat above normal, z=1.79)"
SAA0999,2011-02-01,1,0.0206395835724282,0,"Flagged due to: logins from unusual number of PCs (extremely above normal, z=6.11); unusual number of logins (significantly above normal, z=2.85)"
SAB0781,2010-01-29,1,0.010442227401471,0,"Flagged due to: unusual email activity (extremely below normal, z=-6.37); high USB device usage (somewhat below normal, z=-1.18)"
SAB0781,2010-05-13,1,0.010442227401471,0,"Flagged due to: unusual email activity (extremely below normal, z=-6.37); high USB device usage (somewhat below normal, z=-1.18)"
SAK0375,2010-02-24,1,0.0241344124684999,0,"Flagged due to: unusual email activity (extremely below normal, z=-7.2); emails sent to external addresses (somewhat below normal, z=-1.84)"
SAK0375,2010-07-13,1,0.0045956331846433,0,"Flagged due to: unusual email activity (extremely below normal, z=-6.52); emails sent to external addresses (somewhat below normal, z=-1.49)"
SAK0375,2010-08-10,1,0.0230025181454385,0,"Flagged due to: unusual email activity (extremely below normal, z=-5.15); emails sent to external addresses (somewhat below normal, z=-1.84)"
SAK0375,2010-11-01,1,0.0051205454758309,0,"Flagged due to: unusual email activity (extremely below normal, z=-3.79); after-hours login activity (significantly above normal, z=2.03)"
SAK0375,2011-02-10,1,0.0297972377951192,0,"Flagged due to: unusual email activity (extremely below normal, z=-6.52); emails sent to external addresses (somewhat below normal, z=-1.49)"
SBH0537,2010-01-17,1,0.0231238332889045,0,"Flagged due to: unusual email activity (extremely below normal, z=-6.27); unusual number of logins (somewhat below normal, z=-1.98)"
SBH0537,2010-05-30,1,0.0261516512914524,0,"Flagged due to: unusual email activity (extremely below normal, z=-5.07); unusual file access activity (extremely above normal, z=4.26)"
SBH0537,2011-01-06,1,0.005104841352882,0,"Flagged due to: high USB device usage (significantly above normal, z=2.68); unusual file access activity (significantly above normal, z=2.54)"
SBH0537,2011-02-26,1,0.0339675556698551,0,"Flagged due to: high USB device usage (significantly above normal, z=2.68); unusual email activity (significantly below normal, z=-2.68)"
SBN0866,2010-01-05,1,0.0276057907978095,0,"Flagged due to: unusual email activity (extremely below normal, z=-6.28); unusual file access activity (somewhat below normal, z=-1.47)"
SBN0866,2010-01-15,1,0.0183667992014237,0,"Flagged due to: unusual number of logins (extremely above normal, z=3.44); after-hours login activity (extremely above normal, z=3.37)"
SBN0866,2010-03-03,1,0.0114432549371623,0,"Flagged due to: unusual email activity (extremely below normal, z=-7.91); emails sent to external addresses (somewhat below normal, z=-1.95)"
SBN0866,2010-03-19,1,0.0659274984528586,0,"Flagged due to: unusual number of logins (extremely above normal, z=7.14); after-hours login activity (extremely above normal, z=7.02)"
SBN0866,2010-04-12,1,0.0106759991219822,0,"Flagged due to: unusual number of logins (extremely above normal, z=3.44); after-hours login activity (extremely above normal, z=3.37)"
SBN0866,2010-04-27,1,0.0367404975341757,0,"Flagged due to: unusual number of logins (extremely above normal, z=3.44); after-hours login activity (extremely above normal, z=3.37)"
SBN0866,2010-05-10,1,0.0472038761393801,0,"Flagged due to: unusual number of logins (extremely above normal, z=3.44); after-hours login activity (extremely above normal, z=3.37)"
SBN0866,2010-05-27,1,0.0543180661187269,0,"Flagged due to: unusual number of logins (extremely above normal, z=3.44); after-hours login activity (extremely above normal, z=3.37)"
SBN0866,2010-07-09,1,0.0456654557662861,0,"Flagged due to: unusual number of logins (extremely above normal, z=3.44); after-hours login activity (extremely above normal, z=3.37)"
SBN0866,2010-08-04,1,0.0441639077845432,0,"Flagged due to: unusual number of logins (extremely above normal, z=3.44); after-hours login activity (extremely above normal, z=3.37)"
SBN0866,2010-08-10,1,0.0369801595919597,0,"Flagged due to: unusual number of logins (extremely above normal, z=3.44); after-hours login activity (extremely above normal, z=3.37)"
SBN0866,2010-08-19,1,0.0383408840679083,0,"Flagged due to: unusual number of logins (extremely above normal, z=3.44); after-hours login activity (extremely above normal, z=3.37)"
SBN0866,2010-11-08,1,0.0627990469112813,0,"Flagged due to: unusual number of logins (extremely above normal, z=3.44); after-hours login activity (extremely above normal, z=3.37)"
SBN0866,2010-12-20,1,0.0062815329166867,0,"Flagged due to: unusual email activity (extremely below normal, z=-5.19); unusual file access activity (somewhat below normal, z=-1.47)"
SBN0866,2011-01-13,1,0.0511094313904054,0,"Flagged due to: unusual number of logins (extremely above normal, z=3.44); after-hours login activity (extremely above normal, z=3.37)"
SBN0866,2011-01-26,1,0.0167285039155598,0,"Flagged due to: unusual number of logins (extremely above normal, z=3.44); after-hours login activity (extremely above normal, z=3.37)"
SBN0866,2011-02-09,1,0.027634921921351,0,"Flagged due to: unusual number of logins (extremely above normal, z=3.44); after-hours login activity (extremely above normal, z=3.37)"
SBN0866,2011-02-25,1,0.031721752802127,0,"Flagged due to: unusual number of logins (extremely above normal, z=3.44); after-hours login activity (extremely above normal, z=3.37)"
SBN0866,2011-04-05,1,0.0082949520316942,0,"Flagged due to: unusual number of logins (extremely above normal, z=3.44); after-hours login activity (extremely above normal, z=3.37)"
SBN0866,2011-05-14,1,0.1250089405588551,0,"Flagged due to: unusual email activity (extremely below normal, z=-7.91); after-hours login activity (extremely above normal, z=3.37)"
SBN0971,2010-02-05,1,0.0532337971210925,0,"Flagged due to: unusual email activity (extremely below normal, z=-5.37); unusual file access activity (extremely above normal, z=3.56)"
SCP0130,2010-03-25,1,0.0052901101759319,0,"Flagged due to: unusual file access activity (significantly above normal, z=2.86); high USB device usage (somewhat above normal, z=2.0)"
SCP0130,2010-03-29,1,0.002341682902519,0,"Flagged due to: unusual email activity (extremely below normal, z=-6.66); unusual number of logins (somewhat above normal, z=1.43)"
SCP0130,2010-04-26,1,0.000608592213383,0,"Flagged due to: unusual email activity (extremely below normal, z=-4.36); unusual file access activity (somewhat below normal, z=-1.6)"
SCP0130,2011-03-17,1,0.0709701585873295,0,"Flagged due to: unusual email activity (extremely below normal, z=-4.36); high USB device usage (significantly below normal, z=-2.15)"
SCP0130,2011-05-04,1,0.0116082033973963,0,"Flagged due to: unusual email activity (extremely below normal, z=-4.36); unusual number of logins (somewhat above normal, z=1.43)"
SDO0170,2011-03-07,1,0.0093362191318081,0,"Flagged due to: unusual email activity (extremely below normal, z=-8.25); emails sent to external addresses (significantly below normal, z=-2.11)"
SED0886,2010-06-07,1,0.0030580018519434,0,"Flagged due to: unusual email activity (extremely below normal, z=-7.28); logins from unusual number of PCs (somewhat above normal, z=1.84)"
SED0886,2010-11-13,1,0.0687687074107658,0,"Flagged due to: unusual email activity (extremely below normal, z=-7.28); after-hours login activity (extremely above normal, z=3.25)"
SED0886,2010-11-18,1,0.0095055856184669,0,"Flagged due to: unusual number of logins (extremely above normal, z=3.87); after-hours login activity (extremely above normal, z=3.25)"
SED0886,2011-02-26,1,0.0687687074107658,0,"Flagged due to: unusual email activity (extremely below normal, z=-7.28); after-hours login activity (extremely above normal, z=3.25)"
SGM0021,2010-01-18,1,0.0387121360500625,0,"Flagged due to: unusual email activity (extremely below normal, z=-8.18); emails sent to external addresses (significantly below normal, z=-2.36)"
SGM0021,2010-01-19,1,0.0120409340684711,0,"Flagged due to: unusual email activity (extremely below normal, z=-7.41); emails sent to external addresses (somewhat below normal, z=-2.0)"
SGM0021,2010-06-14,1,0.0033420377556904,0,"Flagged due to: unusual email activity (extremely below normal, z=-5.88); unusual number of logins (significantly below normal, z=-2.04)"
SGM0021,2011-05-05,1,0.0179448023411659,0,"Flagged due to: unusual email activity (extremely below normal, z=-4.34); unusual number of logins (significantly below normal, z=-2.04)"
SJC0333,2010-01-27,1,0.0148565130694532,0,"Flagged due to: unusual email activity (extremely below normal, z=-7.76); emails sent to external addresses (somewhat below normal, z=-1.5)"
SJO0209,2010-02-23,1,0.0143800859267498,0,"Flagged due to: high USB device usage (significantly above normal, z=2.77); unusual number of logins (significantly below normal, z=-2.4)"
SJO0209,2010-03-22,1,0.0471885492039563,0,"Flagged due to: unusual file access activity (extremely above normal, z=3.68); high USB device usage (significantly above normal, z=2.77)"
SJO0209,2010-05-26,1,0.0043777328025231,0,"Flagged due to: unusual email activity (extremely below normal, z=-3.88); unusual number of logins (somewhat above normal, z=1.83)"
SJO0209,2010-08-30,1,0.0444108589230962,0,"Flagged due to: unusual email activity (extremely below normal, z=-8.04); high USB device usage (significantly above normal, z=2.77)"
SJO0209,2010-12-02,1,0.0223476219020167,0,"Flagged due to: high USB device usage (significantly above normal, z=2.77); unusual file access activity (significantly above normal, z=2.75)"
SJO0209,2011-01-28,1,0.0097434263967256,0,"Flagged due to: unusual file access activity (significantly above normal, z=2.29); emails sent to external addresses (somewhat above normal, z=1.98)"
SJO0209,2011-02-17,1,0.0434171538809693,0,"Flagged due to: unusual email activity (extremely below normal, z=-3.88); unusual number of logins (somewhat above normal, z=1.83)"
SJO0209,2011-03-09,1,0.0014326188985213,0,"Flagged due to: unusual email activity (extremely below normal, z=-3.88); unusual number of logins (somewhat above normal, z=1.83)"
SMY0792,2010-03-11,1,0.0045444012833558,0,"Flagged due to: unusual email activity (extremely below normal, z=-6.92); high USB device usage (somewhat below normal, z=-1.18)"
SMY0792,2010-08-18,1,0.0176608414194081,0,"Flagged due to: logins from unusual number of PCs (extremely above normal, z=4.18); unusual number of logins (extremely above normal, z=4.09)"
SMY0792,2010-12-06,1,0.0322352547719424,0,"Flagged due to: logins from unusual number of PCs (extremely above normal, z=4.18); unusual number of logins (extremely above normal, z=4.09)"
SNC0187,2010-09-17,1,0.0144830203118786,0,"Flagged due to: unusual email activity (extremely below normal, z=-8.41); unusual file access activity (somewhat above normal, z=1.56)"
SPA0141,2010-02-06,1,0.0155194469718903,0,"Flagged due to: unusual email activity (extremely below normal, z=-5.44); after-hours login activity (significantly above normal, z=2.12)"
SPA0141,2010-03-13,1,0.0155194469718903,0,"Flagged due to: unusual email activity (extremely below normal, z=-5.44); after-hours login activity (significantly above normal, z=2.12)"
SPA0141,2010-05-15,1,0.0155194469718903,0,"Flagged due to: unusual email activity (extremely below normal, z=-5.44); after-hours login activity (significantly above normal, z=2.12)"
SPA0141,2010-07-03,1,0.0155194469718903,0,"Flagged due to: unusual email activity (extremely below normal, z=-5.44); after-hours login activity (significantly above normal, z=2.12)"
SPA0141,2010-07-17,1,0.0155194469718903,0,"Flagged due to: unusual email activity (extremely below normal, z=-5.44); after-hours login activity (significantly above normal, z=2.12)"
SRH0155,2010-05-25,1,0.000698281593998,0,"Flagged due to: after-hours login activity (significantly above normal, z=2.57); unusual number of logins (significantly above normal, z=2.11)"
SRH0155,2010-10-23,1,0.0518200378827272,0,"Flagged due to: unusual email activity (extremely below normal, z=-8.12); unusual number of logins (significantly below normal, z=-2.28)"
SRH0155,2010-11-27,1,0.0518200378827272,0,"Flagged due to: unusual email activity (extremely below normal, z=-8.12); unusual number of logins (significantly below normal, z=-2.28)"
SRH0155,2010-12-04,1,0.0518200378827272,0,"Flagged due to: unusual email activity (extremely below normal, z=-8.12); unusual number of logins (significantly below normal, z=-2.28)"
SRH0155,2011-02-19,1,0.0518200378827272,0,"Flagged due to: unusual email activity (extremely below normal, z=-8.12); unusual number of logins (significantly below normal, z=-2.28)"
SSJ0784,2010-04-17,1,0.0059591519807287,0,"Flagged due to: unusual email activity (extremely below normal, z=-4.57); after-hours login activity (significantly above normal, z=2.27)"
SSJ0784,2010-09-06,1,0.0059591519807287,0,"Flagged due to: unusual email activity (extremely below normal, z=-4.57); after-hours login activity (significantly above normal, z=2.27)"
SSJ0784,2010-11-20,1,0.0059591519807287,0,"Flagged due to: unusual email activity (extremely below normal, z=-4.57); after-hours login activity (significantly above normal, z=2.27)"
SSJ0784,2011-01-21,1,0.0164882138980073,0,"Flagged due to: unusual email activity (extremely below normal, z=-4.57); after-hours login activity (significantly above normal, z=2.27)"
SSJ0784,2011-02-10,1,0.0164882138980073,0,"Flagged due to: unusual email activity (extremely below normal, z=-4.57); after-hours login activity (significantly above normal, z=2.27)"
SSJ0784,2011-05-07,1,0.0059591519807287,0,"Flagged due to: unusual email activity (extremely below normal, z=-4.57); after-hours login activity (significantly above normal, z=2.27)"
SVS0871,2010-11-17,1,0.0339127293519561,0,"Flagged due to: unusual email activity (extremely below normal, z=-9.05); unusual number of logins (significantly below normal, z=-2.48)"
TAP0551,2010-08-04,1,0.0089160723515621,0,"Flagged due to: unusual email activity (extremely below normal, z=-7.25); emails sent to external addresses (somewhat below normal, z=-1.92)"
TAP0551,2010-10-22,1,0.1160315768769165,0,"Flagged due to: after-hours login activity (extremely above normal, z=10.42); unusual file access activity (extremely above normal, z=9.9)"
TAP0551,2010-10-23,1,0.1435465817530665,1,"Flagged due to: after-hours login activity (extremely above normal, z=10.42); unusual email activity (extremely below normal, z=-8.19)"
TAP0551,2010-10-29,1,0.0943552252645505,1,"Flagged due to: after-hours login activity (extremely above normal, z=20.93); high USB device usage (extremely above normal, z=6.55)"
TAP0551,2010-11-02,1,0.1260354933107923,0,"Flagged due to: high USB device usage (extremely above normal, z=13.2); unusual file access activity (extremely above normal, z=10.9)"
TDS0984,2010-01-08,1,0.0848742419296429,0,"Flagged due to: unusual email activity (extremely below normal, z=-3.05); high USB device usage (significantly above normal, z=2.52)"
TDS0984,2010-01-29,1,0.0076213847994255,0,"Flagged due to: unusual number of logins (significantly above normal, z=2.43); logins from unusual number of PCs (significantly above normal, z=2.37)"
TDS0984,2010-02-18,1,0.0008829788909991,0,"Flagged due to: unusual number of logins (significantly above normal, z=2.43); logins from unusual number of PCs (significantly above normal, z=2.37)"
TDS0984,2010-03-14,1,0.0502298345938474,0,"Flagged due to: unusual email activity (extremely below normal, z=-7.18); logins from unusual number of PCs (significantly above normal, z=2.37)"
TDS0984,2010-04-26,1,0.0065494187136673,0,"Flagged due to: high USB device usage (significantly above normal, z=2.52); logins from unusual number of PCs (significantly above normal, z=2.37)"
TDS0984,2010-06-07,1,0.0376373417519309,0,"Flagged due to: high USB device usage (significantly above normal, z=2.52); unusual number of logins (significantly above normal, z=2.43)"
TDS0984,2010-07-22,1,0.0544996587135233,0,"Flagged due to: unusual email activity (extremely below normal, z=-6.35); unusual number of logins (significantly below normal, z=-2.18)"
TDS0984,2010-09-08,1,0.0168530356663554,0,"Flagged due to: high USB device usage (extremely above normal, z=4.1); logins from unusual number of PCs (significantly above normal, z=2.37)"
TDS0984,2010-09-19,1,0.0502298345938474,0,"Flagged due to: unusual email activity (extremely below normal, z=-7.18); logins from unusual number of PCs (significantly above normal, z=2.37)"
TDS0984,2010-09-24,1,0.0033663298501752,0,"Flagged due to: high USB device usage (significantly above normal, z=2.52); unusual number of logins (significantly below normal, z=-2.18)"
TDS0984,2010-10-15,1,0.0045297818826252,0,"Flagged due to: unusual number of logins (significantly above normal, z=2.43); logins from unusual number of PCs (significantly above normal, z=2.37)"
TDS0984,2010-11-07,1,0.0067390909655837,0,"Flagged due to: unusual number of logins (significantly above normal, z=2.43); logins from unusual number of PCs (significantly above normal, z=2.37)"
TDS0984,2010-11-08,1,0.0399989020715916,0,"Flagged due to: high USB device usage (significantly above normal, z=2.52); unusual number of logins (significantly above normal, z=2.43)"
TDS0984,2010-12-08,1,0.0640475054399549,0,"Flagged due to: unusual email activity (extremely below normal, z=-3.05); unusual number of logins (significantly above normal, z=2.43)"
TDS0984,2011-01-31,1,0.0015539759097108,0,"Flagged due to: unusual email activity (extremely below normal, z=-6.35); emails sent to external addresses (somewhat below normal, z=-1.68)"
TDS0984,2011-02-08,1,0.0126603420968899,0,"Flagged due to: unusual number of logins (significantly above normal, z=2.43); logins from unusual number of PCs (significantly above normal, z=2.37)"
TDS0984,2011-02-09,1,0.0957999565416565,0,"Flagged due to: unusual email activity (extremely below normal, z=-7.18); unusual number of logins (significantly above normal, z=2.43)"
TDS0984,2011-02-12,1,0.024605648629148,0,"Flagged due to: logins from unusual number of PCs (extremely above normal, z=5.1); unusual number of logins (significantly above normal, z=2.43)"
TDS0984,2011-03-30,1,0.0126603420968899,0,"Flagged due to: unusual number of logins (significantly above normal, z=2.43); logins from unusual number of PCs (significantly above normal, z=2.37)"
TDS0984,2011-05-06,1,0.0585988168883678,0,"Flagged due to: logins from unusual number of PCs (extremely above normal, z=5.1); unusual number of logins (significantly above normal, z=2.43)"
TEB0251,2010-07-20,1,0.0035070989768813,0,"Flagged due to: logins from unusual number of PCs (extremely above normal, z=3.83); unusual number of logins (significantly above normal, z=2.81)"
TEB0251,2011-02-07,1,0.0026075086183919,0,"Flagged due to: unusual email activity (extremely below normal, z=-6.25); logins from unusual number of PCs (extremely above normal, z=3.83)"
THR0873,2010-01-14,1,0.0306454330131578,0,"Flagged due to: after-hours login activity (extremely above normal, z=4.54); unusual number of logins (extremely above normal, z=3.75)"
THR0873,2010-02-23,1,0.0084306426858734,0,"Flagged due to: after-hours login activity (extremely above normal, z=4.54); unusual number of logins (extremely above normal, z=3.75)"
THR0873,2010-03-30,1,0.0304005801617529,0,"Flagged due to: after-hours login activity (extremely above normal, z=4.54); unusual number of logins (extremely above normal, z=3.75)"
THR0873,2010-04-06,1,0.0973762338326774,0,"Flagged due to: logins from unusual number of PCs (extremely above normal, z=6.5); unusual number of logins (extremely above normal, z=3.75)"
THR0873,2010-04-16,1,0.0041316885869013,0,"Flagged due to: logins from unusual number of PCs (extremely above normal, z=6.5); unusual number of logins (extremely above normal, z=3.75)"
THR0873,2010-04-17,1,0.1441663753807133,0,"Flagged due to: unusual file access activity (extremely below normal, z=-7.97); high USB device usage (extremely below normal, z=-7.85)"
THR0873,2010-05-14,1,0.0238544978366274,0,"Flagged due to: unusual email activity (extremely below normal, z=-6.72); emails sent to external addresses (somewhat below normal, z=-1.86)"
THR0873,2010-05-20,1,0.0053588611771304,0,"Flagged due to: unusual email activity (extremely below normal, z=-7.21); emails sent to external addresses (significantly below normal, z=-2.13)"
THR0873,2010-06-08,1,0.0090705523085066,0,"Flagged due to: after-hours login activity (extremely above normal, z=4.54); unusual number of logins (extremely above normal, z=3.75)"
THR0873,2010-06-22,1,0.026641076600101,0,"Flagged due to: after-hours login activity (extremely above normal, z=4.54); unusual number of logins (extremely above normal, z=3.75)"
THR0873,2010-09-27,1,0.0165316983098049,0,"Flagged due to: logins from unusual number of PCs (extremely above normal, z=6.5); unusual number of logins (extremely above normal, z=3.75)"
THR0873,2010-10-01,1,0.0011111350338414,0,"Flagged due to: logins from unusual number of PCs (extremely above normal, z=6.5); unusual number of logins (extremely above normal, z=3.75)"
THR0873,2010-11-08,1,0.0353498435404002,0,"Flagged due to: logins from unusual number of PCs (extremely above normal, z=6.5); unusual number of logins (extremely above normal, z=3.75)"
THR0873,2010-11-09,1,0.0353250507503145,0,"Flagged due to: after-hours login activity (extremely above normal, z=4.54); unusual number of logins (extremely above normal, z=3.75)"
THR0873,2010-11-12,1,0.003229268705218,0,"Flagged due to: logins from unusual number of PCs (extremely above normal, z=6.5); unusual number of logins (extremely above normal, z=3.75)"
THR0873,2010-12-17,1,0.0183303981344939,0,"Flagged due to: unusual email activity (extremely below normal, z=-7.21); emails sent to external addresses (significantly below normal, z=-2.13)"
THR0873,2010-12-21,1,0.002056844115416,0,"Flagged due to: after-hours login activity (extremely above normal, z=4.54); unusual number of logins (extremely above normal, z=3.75)"
THR0873,2011-01-26,1,0.0152375724005342,0,"Flagged due to: logins from unusual number of PCs (extremely above normal, z=6.5); unusual number of logins (extremely above normal, z=3.75)"
THR0873,2011-02-03,1,0.0361541794741094,0,"Flagged due to: after-hours login activity (extremely above normal, z=4.54); unusual number of logins (extremely above normal, z=3.75)"
THR0873,2011-02-09,1,0.0234785208127948,0,"Flagged due to: logins from unusual number of PCs (extremely above normal, z=6.5); unusual number of logins (extremely above normal, z=3.75)"
THR0873,2011-02-10,1,0.0567989187085333,0,"Flagged due to: after-hours login activity (extremely above normal, z=4.54); unusual number of logins (extremely above normal, z=3.75)"
THR0873,2011-02-18,1,0.0049369295256302,0,"Flagged due to: after-hours login activity (extremely above normal, z=4.54); unusual number of logins (extremely above normal, z=3.75)"
THR0873,2011-03-01,1,0.030540117159045,0,"Flagged due to: after-hours login activity (extremely above normal, z=4.54); unusual number of logins (extremely above normal, z=3.75)"
TNM0961,2010-02-15,1,0.0151314104780155,0,"Flagged due to: unusual number of logins (significantly above normal, z=2.51); logins from unusual number of PCs (significantly above normal, z=2.01)"
TNM0961,2010-03-04,1,0.0216047304470874,0,"Flagged due to: unusual email activity (extremely below normal, z=-5.7); unusual number of logins (significantly below normal, z=-2.43)"
TNM0961,2010-03-09,1,0.0197926043766104,0,"Flagged due to: unusual email activity (extremely below normal, z=-5.7); logins from unusual number of PCs (significantly above normal, z=2.01)"
TNM0961,2010-03-18,1,0.0022877018380117,0,"Flagged due to: unusual number of logins (significantly above normal, z=2.51); logins from unusual number of PCs (significantly above normal, z=2.01)"
TNM0961,2010-03-23,1,0.0185051191625796,0,"Flagged due to: unusual email activity (extremely below normal, z=-5.7); logins from unusual number of PCs (significantly above normal, z=2.01)"
TNM0961,2010-03-24,1,0.0129668066156147,0,"Flagged due to: unusual number of logins (significantly above normal, z=2.51); logins from unusual number of PCs (significantly above normal, z=2.01)"
TNM0961,2010-09-22,1,0.0441486943571859,0,"Flagged due to: unusual email activity (extremely below normal, z=-5.7); unusual number of logins (significantly above normal, z=2.51)"
TNM0961,2010-10-20,1,0.044018009324736,1,"Flagged due to: unusual email activity (extremely above normal, z=11.93); emails sent to external addresses (extremely above normal, z=5.08)"
TNM0961,2010-11-22,1,0.0263409417862122,1,"Flagged due to: high USB device usage (extremely above normal, z=3.9); logins from unusual number of PCs (significantly above normal, z=2.01)"
TNM0961,2010-12-02,1,0.002417583807151,1,"Flagged due to: high USB device usage (extremely above normal, z=3.9); unusual file access activity (extremely above normal, z=3.41)"
TNM0961,2010-12-09,1,0.0073117650876485,1,"Flagged due to: high USB device usage (extremely above normal, z=4.85); unusual number of logins (significantly above normal, z=2.51)"
TQS0212,2010-09-14,1,0.0181692578540244,0,"Flagged due to: unusual number of logins (extremely above normal, z=7.52); logins from unusual number of PCs (extremely above normal, z=7.52)"
TQS0212,2010-11-15,1,0.0068804115259121,0,"Flagged due to: unusual number of logins (extremely above normal, z=7.52); logins from unusual number of PCs (extremely above normal, z=7.52)"
TSM0363,2010-06-18,1,0.0261410991642591,0,"Flagged due to: unusual email activity (extremely below normal, z=-5.14); after-hours login activity (somewhat above normal, z=1.96)"
TSR0676,2010-08-02,1,0.0037714620779519,0,"Flagged due to: unusual email activity (extremely below normal, z=-5.7); unusual number of logins (somewhat below normal, z=-1.93)"
TSR0676,2010-12-01,1,0.0478945468844793,0,"Flagged due to: unusual email activity (extremely below normal, z=-7.7); high USB device usage (significantly below normal, z=-2.05)"
TVS0050,2010-01-18,1,0.0018645550316088,0,"Flagged due to: unusual number of logins (significantly above normal, z=2.52); after-hours login activity (somewhat above normal, z=1.88)"
TVS0050,2010-02-06,1,0.0157382064568385,0,"Flagged due to: unusual email activity (extremely below normal, z=-4.54); unusual number of logins (somewhat below normal, z=-1.88)"
TVS0050,2010-03-06,1,0.0157382064568385,0,"Flagged due to: unusual email activity (extremely below normal, z=-4.54); unusual number of logins (somewhat below normal, z=-1.88)"
TVS0050,2010-03-24,1,0.0020326192298331,0,"Flagged due to: after-hours login activity (extremely above normal, z=4.23); unusual number of logins (extremely above normal, z=3.98)"
TVS0050,2010-05-08,1,0.0157382064568385,0,"Flagged due to: unusual email activity (extremely below normal, z=-4.54); unusual number of logins (somewhat below normal, z=-1.88)"
TVS0050,2010-07-03,1,0.0157382064568385,0,"Flagged due to: unusual email activity (extremely below normal, z=-4.54); unusual number of logins (somewhat below normal, z=-1.88)"
TVS0050,2010-10-02,1,0.0157382064568385,0,"Flagged due to: unusual email activity (extremely below normal, z=-4.54); unusual number of logins (somewhat below normal, z=-1.88)"
TVS0050,2011-01-08,1,0.0157382064568385,0,"Flagged due to: unusual email activity (extremely below normal, z=-4.54); unusual number of logins (somewhat below normal, z=-1.88)"
TVS0050,2011-04-07,1,0.0023236573158211,0,"Flagged due to: emails sent to external addresses (significantly above normal, z=2.7); unusual number of logins (significantly above normal, z=2.52)"
TVS0050,2011-05-14,1,0.0157382064568385,0,"Flagged due to: unusual email activity (extremely below normal, z=-4.54); unusual number of logins (somewhat below normal, z=-1.88)"
UAD0771,2010-01-18,1,0.0632636448519482,0,"Flagged due to: logins from unusual number of PCs (extremely above normal, z=3.93); high USB device usage (significantly below normal, z=-2.01)"
UAD0771,2010-02-02,1,0.0194207622903188,0,"Flagged due to: unusual email activity (extremely below normal, z=-4.09); high USB device usage (significantly below normal, z=-2.01)"
UAD0771,2010-03-05,1,0.0234779854746732,0,"Flagged due to: logins from unusual number of PCs (extremely above normal, z=3.93); unusual number of logins (significantly above normal, z=2.68)"
UAD0771,2010-05-07,1,0.0073543274114314,0,"Flagged due to: logins from unusual number of PCs (extremely above normal, z=3.93); unusual number of logins (significantly above normal, z=2.68)"
UAD0771,2010-07-20,1,0.0563342005003146,0,"Flagged due to: logins from unusual number of PCs (extremely above normal, z=3.93); unusual number of logins (significantly above normal, z=2.68)"
UAD0771,2010-08-16,1,0.0619345198148834,0,"Flagged due to: logins from unusual number of PCs (extremely above normal, z=3.93); unusual number of logins (significantly above normal, z=2.68)"
UAD0771,2010-08-25,1,0.0023557563590448,0,"Flagged due to: unusual email activity (extremely below normal, z=-6.26); emails sent to external addresses (somewhat below normal, z=-1.54)"
UAD0771,2010-09-27,1,0.0159692429962717,0,"Flagged due to: unusual email activity (extremely below normal, z=-6.26); unusual number of logins (significantly below normal, z=-2.07)"
UAD0771,2010-11-05,1,0.0170190471935546,0,"Flagged due to: logins from unusual number of PCs (extremely above normal, z=3.93); unusual number of logins (significantly above normal, z=2.68)"
UAD0771,2011-02-15,1,0.0251117637977612,0,"Flagged due to: logins from unusual number of PCs (extremely above normal, z=3.93); high USB device usage (significantly below normal, z=-2.01)"
UAD0771,2011-03-01,1,0.0100832268745424,0,"Flagged due to: logins from unusual number of PCs (extremely above normal, z=3.93); unusual number of logins (significantly above normal, z=2.68)"
UAD0771,2011-05-12,1,0.0089671133269449,0,"Flagged due to: logins from unusual number of PCs (extremely above normal, z=3.93); unusual number of logins (significantly above normal, z=2.68)"
UIR0043,2010-09-07,1,0.0451247987475604,0,"Flagged due to: unusual email activity (extremely below normal, z=-6.41); after-hours login activity (significantly above normal, z=2.04)"
UIR0043,2010-10-20,1,0.0142712068832865,0,"Flagged due to: unusual email activity (extremely below normal, z=-5.68); emails sent to external addresses (significantly below normal, z=-2.16)"
UIR0043,2011-01-25,1,0.0279828898849398,0,"Flagged due to: unusual email activity (extremely below normal, z=-5.68); emails sent to external addresses (somewhat below normal, z=-1.81)"
UIR0043,2011-03-15,1,0.0282329384610734,0,"Flagged due to: unusual email activity (extremely below normal, z=-7.14); emails sent to external addresses (somewhat below normal, z=-1.81)"
USH0199,2010-02-09,1,0.014066150547162,0,"Flagged due to: unusual file access activity (significantly above normal, z=2.94); high USB device usage (significantly above normal, z=2.65)"
USH0199,2010-11-08,1,0.0197144471304094,0,"Flagged due to: unusual number of logins (extremely above normal, z=10.68); logins from unusual number of PCs (extremely above normal, z=10.68)"
USH0199,2010-11-18,1,0.0043086153720546,0,"Flagged due to: unusual file access activity (extremely above normal, z=3.75); high USB device usage (significantly above normal, z=2.65)"
USH0199,2011-01-18,1,0.0302202702931164,0,"Flagged due to: unusual file access activity (extremely above normal, z=5.39); high USB device usage (significantly above normal, z=2.65)"
VCC0396,2010-01-07,1,0.0406895939020891,0,"Flagged due to: after-hours login activity (significantly above normal, z=2.53); unusual file access activity (significantly above normal, z=2.4)"
VCC0396,2010-01-27,1,0.0133271814834291,0,"Flagged due to: logins from unusual number of PCs (significantly above normal, z=2.47); unusual number of logins (somewhat above normal, z=1.88)"
VCC0396,2010-02-15,1,0.0242742538764687,0,"Flagged due to: unusual email activity (extremely below normal, z=-5.91); emails sent to external addresses (somewhat below normal, z=-1.99)"
VCC0396,2010-03-01,1,0.0574715464962494,0,"Flagged due to: unusual email activity (extremely below normal, z=-6.68); emails sent to external addresses (somewhat below normal, z=-1.99)"
VCC0396,2010-03-19,1,0.0217963042199694,0,"Flagged due to: after-hours login activity (significantly above normal, z=2.53); logins from unusual number of PCs (significantly above normal, z=2.47)"
VCC0396,2010-03-25,1,0.0273769905766214,0,"Flagged due to: after-hours login activity (significantly above normal, z=2.53); unusual number of logins (somewhat above normal, z=1.88)"
VCC0396,2010-04-06,1,0.00522047044712,0,"Flagged due to: after-hours login activity (extremely above normal, z=5.44); unusual number of logins (extremely above normal, z=3.77)"
VCC0396,2010-04-16,1,0.0842813784616657,0,"Flagged due to: after-hours login activity (significantly above normal, z=2.53); logins from unusual number of PCs (significantly above normal, z=2.47)"
VCC0396,2010-05-08,1,0.1377283182094905,0,"Flagged due to: unusual email activity (extremely below normal, z=-6.68); after-hours login activity (significantly above normal, z=2.53)"
VCC0396,2010-05-14,1,0.0022813151039597,0,"Flagged due to: after-hours login activity (significantly above normal, z=2.53); unusual number of logins (somewhat above normal, z=1.88)"
VCC0396,2010-06-21,1,0.0122875440542645,0,"Flagged due to: after-hours login activity (significantly above normal, z=2.53); unusual number of logins (somewhat above normal, z=1.88)"
VCC0396,2010-07-09,1,0.0124174652785767,0,"Flagged due to: after-hours login activity (significantly above normal, z=2.53); unusual number of logins (somewhat above normal, z=1.88)"
VCC0396,2010-07-17,1,0.1377283182094905,0,"Flagged due to: unusual email activity (extremely below normal, z=-6.68); after-hours login activity (significantly above normal, z=2.53)"
VCC0396,2010-07-21,1,0.0155408364922027,0,"Flagged due to: after-hours login activity (significantly above normal, z=2.53); unusual number of logins (somewhat above normal, z=1.88)"
VCC0396,2010-07-22,1,0.0450005409332566,0,"Flagged due to: unusual email activity (significantly below normal, z=-2.82); after-hours login activity (significantly above normal, z=2.53)"
VCC0396,2010-08-04,1,0.0206524766538921,0,"Flagged due to: unusual number of logins (extremely above normal, z=3.77); after-hours login activity (significantly above normal, z=2.53)"
VCC0396,2010-08-10,1,0.0383199703221895,0,"Flagged due to: unusual email activity (significantly below normal, z=-2.82); after-hours login activity (significantly above normal, z=2.53)"
VCC0396,2010-09-13,1,0.0192304568170593,0,"Flagged due to: emails sent to external addresses (somewhat below normal, z=-1.99); high USB device usage (somewhat below normal, z=-1.96)"
VCC0396,2010-10-22,1,0.0488957377730343,0,"Flagged due to: unusual email activity (significantly below normal, z=-2.82); after-hours login activity (significantly above normal, z=2.53)"
VCC0396,2010-11-13,1,0.1377283182094905,0,"Flagged due to: unusual email activity (extremely below normal, z=-6.68); after-hours login activity (significantly above normal, z=2.53)"
VCC0396,2010-12-13,1,0.0339110590120043,0,"Flagged due to: after-hours login activity (significantly above normal, z=2.53); logins from unusual number of PCs (significantly above normal, z=2.47)"
VCC0396,2010-12-28,1,0.0287093712570289,0,"Flagged due to: logins from unusual number of PCs (significantly above normal, z=2.47); high USB device usage (somewhat below normal, z=-1.96)"
VCC0396,2011-01-03,1,0.0489355009357775,0,"Flagged due to: unusual file access activity (extremely above normal, z=3.05); after-hours login activity (significantly above normal, z=2.53)"
VCC0396,2011-01-18,1,0.0296180573032259,0,"Flagged due to: after-hours login activity (significantly above normal, z=2.53); unusual file access activity (significantly above normal, z=2.07)"
VCC0396,2011-02-08,1,0.0080427230920716,0,"Flagged due to: after-hours login activity (significantly above normal, z=2.53); unusual number of logins (somewhat above normal, z=1.88)"
VCC0396,2011-03-23,1,0.0687646371857725,0,"Flagged due to: high USB device usage (significantly above normal, z=2.79); after-hours login activity (significantly above normal, z=2.53)"
VCC0396,2011-04-14,1,0.0043055406098605,0,"Flagged due to: unusual email activity (significantly below normal, z=-2.05); emails sent to external addresses (somewhat below normal, z=-1.99)"
VFM0814,2010-03-18,1,0.1227239710270402,0,"Flagged due to: unusual email activity (extremely below normal, z=-7.78); high USB device usage (significantly above normal, z=2.59)"
VFM0814,2010-08-02,1,0.0184744550593073,0,"Flagged due to: after-hours login activity (extremely above normal, z=7.67); logins from unusual number of PCs (somewhat above normal, z=1.92)"
VFM0814,2010-08-23,1,0.0102387887361669,0,"Flagged due to: unusual file access activity (extremely above normal, z=4.08); unusual number of logins (significantly below normal, z=-2.29)"
VFM0814,2010-09-07,1,0.0086850970390136,0,"Flagged due to: high USB device usage (significantly above normal, z=2.59); unusual number of logins (significantly above normal, z=2.37)"
VFM0814,2010-09-17,1,0.0005791243186075,0,"Flagged due to: unusual file access activity (extremely above normal, z=4.08); high USB device usage (significantly above normal, z=2.59)"
VFM0814,2010-10-11,1,0.0062534732690205,0,"Flagged due to: unusual email activity (extremely below normal, z=-7.78); emails sent to external addresses (somewhat below normal, z=-1.89)"
VFM0814,2010-10-13,1,0.044693346849373,0,"Flagged due to: unusual file access activity (extremely above normal, z=6.32); high USB device usage (significantly above normal, z=2.59)"
VFM0814,2010-11-12,1,0.0027047168093984,0,"Flagged due to: after-hours login activity (extremely above normal, z=7.67); logins from unusual number of PCs (somewhat above normal, z=1.92)"
VFM0814,2010-11-18,1,0.0295900690847521,0,"Flagged due to: high USB device usage (significantly above normal, z=2.59); logins from unusual number of PCs (somewhat above normal, z=1.92)"
VFM0814,2010-12-08,1,0.0005746541908199,0,"Flagged due to: unusual number of logins (significantly above normal, z=2.37); logins from unusual number of PCs (somewhat above normal, z=1.92)"
VIA0063,2010-05-25,1,0.0283859395779626,0,"Flagged due to: unusual email activity (extremely below normal, z=-9.22); emails sent to external addresses (somewhat below normal, z=-1.86)"
VMJ0546,2010-09-24,1,0.0177453957985754,0,"Flagged due to: unusual email activity (extremely below normal, z=-8.24); emails sent to external addresses (somewhat below normal, z=-1.79)"
VMJ0546,2010-11-12,1,0.0090232793679922,0,"Flagged due to: unusual file access activity (significantly below normal, z=-2.46); high USB device usage (somewhat below normal, z=-1.97)"
VSA0230,2010-01-04,1,0.0324940099982064,0,"Flagged due to: high USB device usage (significantly above normal, z=2.96); unusual email activity (significantly below normal, z=-2.53)"
VSA0230,2010-01-11,1,0.0479265024526033,0,"Flagged due to: unusual file access activity (extremely above normal, z=3.04); unusual number of logins (significantly above normal, z=2.49)"
VSA0230,2010-04-28,1,0.0195470521007888,0,"Flagged due to: unusual email activity (extremely below normal, z=-8.08); emails sent to external addresses (significantly below normal, z=-2.21)"
VSA0230,2010-05-27,1,0.0229479638145284,0,"Flagged due to: after-hours login activity (extremely above normal, z=17.15); logins from unusual number of PCs (significantly above normal, z=2.24)"
VSA0230,2010-07-08,1,0.0196765887009405,0,"Flagged due to: high USB device usage (significantly above normal, z=2.96); unusual number of logins (significantly above normal, z=2.49)"
VSA0230,2010-09-07,1,0.0511500009063565,0,"Flagged due to: unusual email activity (extremely below normal, z=-7.16); emails sent to external addresses (significantly below normal, z=-2.21)"
VSA0230,2010-09-28,1,0.0078317291353131,0,"Flagged due to: high USB device usage (significantly above normal, z=2.96); unusual number of logins (significantly below normal, z=-2.0)"
VSA0230,2010-09-29,1,0.0270031346833876,0,"Flagged due to: unusual file access activity (extremely above normal, z=3.04); high USB device usage (significantly above normal, z=2.96)"
VSA0230,2010-10-08,1,0.0195470521007888,0,"Flagged due to: unusual email activity (extremely below normal, z=-8.08); emails sent to external addresses (significantly below normal, z=-2.21)"
VSA0230,2010-11-29,1,0.0146594148720985,0,"Flagged due to: high USB device usage (significantly above normal, z=2.96); unusual file access activity (significantly above normal, z=2.25)"
VSA0230,2010-12-13,1,0.0140190588214579,0,"Flagged due to: unusual number of logins (significantly above normal, z=2.49); logins from unusual number of PCs (significantly above normal, z=2.24)"
VSA0230,2011-01-24,1,0.0734002769602359,0,"Flagged due to: high USB device usage (significantly above normal, z=2.96); unusual number of logins (significantly above normal, z=2.49)"
VSS0154,2010-03-12,1,0.0021999118815827,0,"Flagged due to: unusual email activity (extremely below normal, z=-9.28); emails sent to external addresses (somewhat below normal, z=-1.1)"
VTT0385,2010-01-06,1,0.0045142604149163,0,"Flagged due to: unusual number of logins (extremely above normal, z=3.08); logins from unusual number of PCs (extremely above normal, z=3.08)"
VTT0385,2010-01-22,1,0.0163385707457538,0,"Flagged due to: unusual number of logins (extremely above normal, z=3.08); logins from unusual number of PCs (extremely above normal, z=3.08)"
VTT0385,2010-02-08,1,0.005712539007055,0,"Flagged due to: unusual email activity (extremely below normal, z=-6.22); emails sent to external addresses (somewhat below normal, z=-1.99)"
VTT0385,2010-02-11,1,0.0464667998792217,0,"Flagged due to: unusual number of logins (extremely above normal, z=3.08); logins from unusual number of PCs (extremely above normal, z=3.08)"
VTT0385,2010-02-23,1,0.0050375831568186,0,"Flagged due to: unusual number of logins (extremely above normal, z=3.08); logins from unusual number of PCs (extremely above normal, z=3.08)"
VTT0385,2010-03-01,1,0.0053064186786914,0,"Flagged due to: unusual number of logins (extremely above normal, z=3.08); logins from unusual number of PCs (extremely above normal, z=3.08)"
VTT0385,2010-05-17,1,0.0021815045601409,0,"Flagged due to: unusual email activity (extremely below normal, z=-5.49); high USB device usage (extremely below normal, z=-3.25)"
VTT0385,2010-06-23,1,0.0757137177982706,0,"Flagged due to: unusual number of logins (extremely above normal, z=3.08); logins from unusual number of PCs (extremely above normal, z=3.08)"
VTT0385,2010-07-02,1,0.0175916417026051,0,"Flagged due to: unusual number of logins (extremely above normal, z=3.08); logins from unusual number of PCs (extremely above normal, z=3.08)"
VTT0385,2010-08-02,1,0.0146158636129325,0,"Flagged due to: unusual number of logins (extremely above normal, z=3.08); logins from unusual number of PCs (extremely above normal, z=3.08)"
VTT0385,2010-08-16,1,0.0340649761884193,0,"Flagged due to: unusual number of logins (extremely above normal, z=3.08); logins from unusual number of PCs (extremely above normal, z=3.08)"
VTT0385,2010-09-15,1,0.0340649761884193,0,"Flagged due to: unusual number of logins (extremely above normal, z=3.08); logins from unusual number of PCs (extremely above normal, z=3.08)"
VTT0385,2010-10-27,1,0.0077889133822302,0,"Flagged due to: unusual number of logins (extremely above normal, z=3.08); logins from unusual number of PCs (extremely above normal, z=3.08)"
VTT0385,2010-11-17,1,0.0651033089430965,0,"Flagged due to: unusual number of logins (extremely above normal, z=3.08); logins from unusual number of PCs (extremely above normal, z=3.08)"
VTT0385,2010-11-18,1,0.0440866946079905,0,"Flagged due to: unusual number of logins (extremely above normal, z=3.08); logins from unusual number of PCs (extremely above normal, z=3.08)"
VTT0385,2011-01-13,1,0.0506146039590083,0,"Flagged due to: unusual number of logins (extremely above normal, z=3.08); logins from unusual number of PCs (extremely above normal, z=3.08)"
VTT0385,2011-01-17,1,0.0104033508994104,0,"Flagged due to: unusual number of logins (extremely above normal, z=3.08); logins from unusual number of PCs (extremely above normal, z=3.08)"
VTT0385,2011-02-22,1,0.022374209604539,0,"Flagged due to: unusual number of logins (extremely above normal, z=3.08); logins from unusual number of PCs (extremely above normal, z=3.08)"
VTT0385,2011-03-09,1,0.0228987575660966,0,"Flagged due to: unusual number of logins (extremely above normal, z=3.08); logins from unusual number of PCs (extremely above normal, z=3.08)"
VTT0385,2011-03-18,1,0.0033113022866181,0,"Flagged due to: unusual email activity (extremely below normal, z=-6.22); emails sent to external addresses (somewhat below normal, z=-1.99)"
WBC0192,2010-02-23,1,0.0533197049012159,0,"Flagged due to: unusual file access activity (extremely above normal, z=3.37); logins from unusual number of PCs (significantly above normal, z=2.98)"
WBC0192,2010-09-07,1,0.0069918137277243,0,"Flagged due to: logins from unusual number of PCs (significantly above normal, z=2.98); unusual file access activity (significantly above normal, z=2.94)"
WBC0192,2010-09-14,1,0.0560948814463038,0,"Flagged due to: logins from unusual number of PCs (significantly above normal, z=2.98); high USB device usage (significantly above normal, z=2.55)"
WBC0192,2010-11-12,1,0.008622652982423,0,"Flagged due to: unusual file access activity (extremely above normal, z=3.37); logins from unusual number of PCs (significantly above normal, z=2.98)"
WBC0192,2010-11-15,1,0.0575646859612443,0,"Flagged due to: unusual file access activity (extremely above normal, z=3.37); logins from unusual number of PCs (significantly above normal, z=2.98)"
WBC0192,2011-01-14,1,0.0341301296831186,0,"Flagged due to: unusual email activity (extremely below normal, z=-8.65); unusual number of logins (somewhat below normal, z=-1.99)"
WBC0192,2011-02-09,1,0.0408656493885797,0,"Flagged due to: logins from unusual number of PCs (significantly above normal, z=2.98); unusual number of logins (significantly above normal, z=2.5)"
WBC0192,2011-03-10,1,0.0279199388434251,0,"Flagged due to: logins from unusual number of PCs (significantly above normal, z=2.98); unusual number of logins (significantly above normal, z=2.5)"
WBC0192,2011-03-14,1,0.0395147064987838,0,"Flagged due to: unusual file access activity (significantly above normal, z=2.94); high USB device usage (significantly above normal, z=2.55)"
WBC0192,2011-03-30,1,0.0018683279821141,0,"Flagged due to: logins from unusual number of PCs (significantly above normal, z=2.98); unusual file access activity (significantly above normal, z=2.08)"
WDD0366,2010-03-29,1,0.0217877610275087,0,"Flagged due to: unusual email activity (extremely below normal, z=-5.97); emails sent to external addresses (somewhat below normal, z=-1.5)"
WDD0366,2010-06-10,1,0.0490995630754439,0,"Flagged due to: unusual email activity (extremely below normal, z=-6.61); emails sent to external addresses (somewhat below normal, z=-1.84)"
WDD0366,2011-02-22,1,0.0629469127958097,0,"Flagged due to: high USB device usage (extremely above normal, z=17.32); unusual file access activity (extremely above normal, z=17.32)"
WDD0366,2011-02-28,1,0.0939742947763037,1,"Flagged due to: unusual file access activity (extremely above normal, z=34.7); high USB device usage (extremely above normal, z=17.32)"
WDO0870,2010-02-01,1,0.0306083989489636,0,"Flagged due to: logins from unusual number of PCs (extremely above normal, z=4.05); unusual number of logins (extremely above normal, z=3.78)"
WDO0870,2010-02-06,1,0.0229414248744478,0,"Flagged due to: unusual email activity (extremely below normal, z=-5.97); emails sent to external addresses (somewhat below normal, z=-1.95)"
WDO0870,2010-05-01,1,0.0229414248744478,0,"Flagged due to: unusual email activity (extremely below normal, z=-5.97); emails sent to external addresses (somewhat below normal, z=-1.95)"
WDO0870,2010-10-19,1,0.0246619280097282,0,"Flagged due to: after-hours login activity (extremely above normal, z=4.24); unusual number of logins (extremely above normal, z=3.78)"
WDO0870,2010-10-20,1,0.0104630798519387,0,"Flagged due to: logins from unusual number of PCs (extremely above normal, z=4.05); emails sent to external addresses (somewhat below normal, z=-1.67)"
WDO0870,2010-12-22,1,0.0239907254759368,0,"Flagged due to: unusual email activity (extremely below normal, z=-5.07); after-hours login activity (somewhat above normal, z=1.88)"
WDO0870,2011-03-15,1,0.0301331632897151,0,"Flagged due to: unusual email activity (extremely below normal, z=-5.52); after-hours login activity (somewhat above normal, z=1.88)"
WDO0870,2011-05-14,1,0.0229414248744478,0,"Flagged due to: unusual email activity (extremely below normal, z=-5.97); emails sent to external addresses (somewhat below normal, z=-1.95)"
WDV0573,2010-01-22,1,0.0094617257155009,0,"Flagged due to: unusual number of logins (significantly above normal, z=2.6); unusual email activity (significantly above normal, z=2.52)"
WDV0573,2010-01-27,1,0.0094617257155009,0,"Flagged due to: unusual number of logins (significantly above normal, z=2.6); unusual email activity (significantly above normal, z=2.52)"
WDV0573,2010-02-23,1,0.0066263490284085,0,"Flagged due to: unusual number of logins (significantly above normal, z=2.6); unusual email activity (significantly above normal, z=2.52)"
WDV0573,2010-03-10,1,0.0094617257155009,0,"Flagged due to: unusual number of logins (significantly above normal, z=2.6); unusual email activity (significantly above normal, z=2.52)"
WDV0573,2010-03-18,1,0.0509439777524237,0,"Flagged due to: emails sent to external addresses (extremely above normal, z=3.2); unusual number of logins (significantly above normal, z=2.6)"
WDV0573,2010-03-23,1,0.0691038381273645,0,"Flagged due to: unusual number of logins (extremely above normal, z=4.21); emails sent to external addresses (extremely above normal, z=3.2)"
WDV0573,2010-06-21,1,0.0509439777524237,0,"Flagged due to: emails sent to external addresses (extremely above normal, z=3.2); unusual number of logins (significantly above normal, z=2.6)"
WDV0573,2010-08-04,1,0.0066263490284085,0,"Flagged due to: unusual number of logins (significantly above normal, z=2.6); unusual email activity (significantly above normal, z=2.52)"
WDV0573,2010-08-16,1,0.0094617257155009,0,"Flagged due to: unusual number of logins (significantly above normal, z=2.6); unusual email activity (significantly above normal, z=2.52)"
WDV0573,2010-08-23,1,0.0066263490284085,0,"Flagged due to: unusual number of logins (significantly above normal, z=2.6); unusual email activity (significantly above normal, z=2.52)"
WDV0573,2010-09-14,1,0.0066263490284085,0,"Flagged due to: unusual number of logins (significantly above normal, z=2.6); unusual email activity (significantly above normal, z=2.52)"
WDV0573,2010-10-27,1,0.0066263490284085,0,"Flagged due to: unusual number of logins (significantly above normal, z=2.6); unusual email activity (significantly above normal, z=2.52)"
WDV0573,2010-11-17,1,0.0066263490284085,0,"Flagged due to: unusual number of logins (significantly above normal, z=2.6); unusual email activity (significantly above normal, z=2.52)"
WDV0573,2010-11-22,1,0.0066263490284085,0,"Flagged due to: unusual number of logins (significantly above normal, z=2.6); unusual email activity (significantly above normal, z=2.52)"
WDV0573,2010-11-23,1,0.0094617257155009,0,"Flagged due to: unusual number of logins (significantly above normal, z=2.6); unusual email activity (significantly above normal, z=2.52)"
WDV0573,2011-01-03,1,0.0066263490284085,0,"Flagged due to: unusual number of logins (significantly above normal, z=2.6); unusual email activity (significantly above normal, z=2.52)"
WDV0573,2011-01-25,1,0.0094617257155009,0,"Flagged due to: unusual number of logins (significantly above normal, z=2.6); unusual email activity (significantly above normal, z=2.52)"
WDV0573,2011-01-31,1,0.0066263490284085,0,"Flagged due to: unusual number of logins (significantly above normal, z=2.6); unusual email activity (significantly above normal, z=2.52)"
WDV0573,2011-03-07,1,0.0066263490284085,0,"Flagged due to: unusual number of logins (significantly above normal, z=2.6); unusual email activity (significantly above normal, z=2.52)"
WDV0573,2011-03-29,1,0.0066263490284085,0,"Flagged due to: unusual number of logins (significantly above normal, z=2.6); unusual email activity (significantly above normal, z=2.52)"
WIF0691,2010-01-18,1,0.0528279734702772,0,"Flagged due to: logins from unusual number of PCs (extremely above normal, z=5.79); unusual number of logins (significantly above normal, z=2.76)"
WIF0691,2010-03-23,1,0.0556017916836156,0,"Flagged due to: after-hours login activity (extremely above normal, z=18.55); logins from unusual number of PCs (extremely above normal, z=5.79)"
WIF0691,2010-06-02,1,0.0281044821971484,0,"Flagged due to: logins from unusual number of PCs (extremely above normal, z=5.79); unusual number of logins (significantly above normal, z=2.76)"
WIF0691,2010-07-19,1,0.0554405520181788,0,"Flagged due to: unusual email activity (extremely below normal, z=-7.72); unusual file access activity (extremely below normal, z=-3.06)"
WIF0691,2011-02-09,1,0.0121366047760693,0,"Flagged due to: logins from unusual number of PCs (extremely above normal, z=5.79); unusual number of logins (significantly above normal, z=2.76)"
WIF0691,2011-02-18,1,0.0347140679840838,0,"Flagged due to: unusual email activity (extremely below normal, z=-6.83); emails sent to external addresses (somewhat below normal, z=-1.65)"
WIF0691,2011-04-18,1,0.0629752274272111,0,"Flagged due to: unusual email activity (extremely below normal, z=-6.83); high USB device usage (significantly above normal, z=2.29)"
WIF0691,2011-05-16,1,0.0651175828525234,0,"Flagged due to: unusual email activity (extremely below normal, z=-6.83); emails sent to external addresses (significantly below normal, z=-2.07)"
WIQ0567,2010-08-28,1,0.0014133713465844,0,"Flagged due to: unusual email activity (extremely below normal, z=-6.34); emails sent to external addresses (somewhat below normal, z=-1.53)"
WIQ0567,2010-11-27,1,0.016804047504997,0,"Flagged due to: unusual email activity (extremely below normal, z=-7.28); unusual file access activity (somewhat below normal, z=-1.1)"
WIQ0567,2011-01-13,1,0.0374280351435053,0,"Flagged due to: unusual email activity (extremely below normal, z=-8.22); emails sent to external addresses (somewhat below normal, z=-1.53)"
WIQ0567,2011-03-27,1,0.0126519138575091,0,"Flagged due to: unusual email activity (extremely below normal, z=-6.34); emails sent to external addresses (somewhat below normal, z=-1.53)"
WKD0013,2010-03-06,1,0.055770287667292,0,"Flagged due to: unusual email activity (extremely below normal, z=-7.42); after-hours login activity (significantly above normal, z=2.71)"
WKD0013,2010-03-13,1,0.055770287667292,0,"Flagged due to: unusual email activity (extremely below normal, z=-7.42); after-hours login activity (significantly above normal, z=2.71)"
WKD0013,2010-04-17,1,0.055770287667292,0,"Flagged due to: unusual email activity (extremely below normal, z=-7.42); after-hours login activity (significantly above normal, z=2.71)"
WKD0013,2010-05-07,1,0.0261422399228128,0,"Flagged due to: unusual number of logins (extremely above normal, z=4.44); logins from unusual number of PCs (extremely above normal, z=3.95)"
WKD0013,2010-09-29,1,0.0261422399228128,0,"Flagged due to: unusual number of logins (extremely above normal, z=4.44); logins from unusual number of PCs (extremely above normal, z=3.95)"
WKD0013,2010-11-06,1,0.055770287667292,0,"Flagged due to: unusual email activity (extremely below normal, z=-7.42); after-hours login activity (significantly above normal, z=2.71)"
WKD0013,2010-11-08,1,0.0664992289846224,0,"Flagged due to: unusual number of logins (extremely above normal, z=4.44); logins from unusual number of PCs (extremely above normal, z=3.95)"
WKD0013,2010-11-23,1,0.0385846331764679,0,"Flagged due to: unusual number of logins (extremely above normal, z=4.44); logins from unusual number of PCs (extremely above normal, z=3.95)"
WPR0368,2010-03-15,1,0.0261229434929289,0,"Flagged due to: unusual email activity (extremely below normal, z=-5.1); after-hours login activity (somewhat below normal, z=-1.69)"
WPR0368,2010-03-18,1,0.0540709600768163,0,"Flagged due to: unusual email activity (extremely below normal, z=-7.11); emails sent to external addresses (somewhat below normal, z=-1.87)"
WPR0368,2010-10-07,1,0.0359663301084509,0,"Flagged due to: unusual email activity (extremely below normal, z=-7.11); emails sent to external addresses (somewhat below normal, z=-1.87)"
WPR0368,2010-10-19,1,0.003233411778539,0,"Flagged due to: unusual email activity (extremely below normal, z=-5.77); emails sent to external addresses (somewhat below normal, z=-1.87)"
WPR0368,2011-03-01,1,0.0189388220283955,0,"Flagged due to: unusual email activity (extremely below normal, z=-6.44); emails sent to external addresses (somewhat below normal, z=-1.87)"
WSR0241,2010-01-06,1,0.0317134890977602,0,"Flagged due to: unusual email activity (extremely below normal, z=-4.57); unusual number of logins (extremely above normal, z=3.6)"
WXH0872,2010-01-11,1,0.0517830490062757,0,"Flagged due to: after-hours login activity (extremely above normal, z=4.14); unusual number of logins (extremely above normal, z=3.04)"
WXH0872,2010-01-26,1,0.0685998266008695,0,"Flagged due to: unusual email activity (extremely below normal, z=-8.62); emails sent to external addresses (somewhat below normal, z=-1.8)"
WXH0872,2010-02-02,1,0.0344069806413386,0,"Flagged due to: after-hours login activity (extremely above normal, z=4.14); emails sent to external addresses (somewhat above normal, z=1.43)"
WXH0872,2010-03-01,1,0.0397788180388016,0,"Flagged due to: after-hours login activity (extremely above normal, z=4.14); unusual number of logins (extremely above normal, z=3.04)"
WXH0872,2010-04-09,1,0.0661808939810633,0,"Flagged due to: unusual email activity (extremely below normal, z=-9.98); emails sent to external addresses (significantly below normal, z=-2.07)"
WXH0872,2010-05-18,1,0.0808317126580406,0,"Flagged due to: after-hours login activity (extremely above normal, z=4.14); unusual number of logins (extremely above normal, z=3.04)"
WXH0872,2010-05-21,1,0.0486085182379392,0,"Flagged due to: after-hours login activity (extremely above normal, z=4.14); unusual number of logins (extremely above normal, z=3.04)"
WXH0872,2010-06-22,1,0.0191835452407124,0,"Flagged due to: after-hours login activity (extremely above normal, z=4.14); unusual number of logins (extremely above normal, z=3.04)"
WXH0872,2010-07-01,1,0.0210524155711783,0,"Flagged due to: unusual email activity (extremely below normal, z=-3.17); high USB device usage (somewhat below normal, z=-2.0)"
WXH0872,2010-07-06,1,0.0824630892490868,0,"Flagged due to: after-hours login activity (extremely above normal, z=4.14); unusual number of logins (extremely above normal, z=3.04)"
WXH0872,2010-08-10,1,0.0013650314045187,0,"Flagged due to: after-hours login activity (extremely above normal, z=4.14); unusual number of logins (somewhat above normal, z=1.17)"
WXH0872,2010-11-30,1,0.0015007642806902,0,"Flagged due to: after-hours login activity (extremely above normal, z=4.14); emails sent to external addresses (somewhat above normal, z=1.43)"
WXH0872,2011-01-07,1,0.0762921217472117,0,"Flagged due to: after-hours login activity (extremely above normal, z=4.14); unusual number of logins (extremely above normal, z=3.04)"
WXH0872,2011-01-18,1,0.0300106172437437,0,"Flagged due to: after-hours login activity (extremely above normal, z=4.14); unusual number of logins (somewhat above normal, z=1.17)"
WXH0872,2011-01-25,1,0.0194321518007742,0,"Flagged due to: after-hours login activity (extremely above normal, z=4.14); unusual number of logins (extremely above normal, z=3.04)"
WXH0872,2011-03-04,1,0.0632103718288604,0,"Flagged due to: unusual email activity (extremely below normal, z=-9.3); emails sent to external addresses (somewhat below normal, z=-1.8)"
WXH0872,2011-03-10,1,0.0550765666775322,0,"Flagged due to: after-hours login activity (extremely above normal, z=4.14); high USB device usage (significantly above normal, z=2.93)"
WXH0872,2011-03-23,1,0.0265685690416004,0,"Flagged due to: after-hours login activity (extremely above normal, z=4.14); emails sent to external addresses (somewhat below normal, z=-1.53)"
XAA0104,2010-03-05,1,0.0463168862104391,0,"Flagged due to: unusual email activity (extremely below normal, z=-8.92); unusual file access activity (somewhat above normal, z=1.86)"
XAA0104,2010-10-01,1,0.0315407562101789,0,"Flagged due to: unusual email activity (extremely below normal, z=-8.92); unusual number of logins (somewhat below normal, z=-1.97)"
XAA0104,2011-04-04,1,0.024572421251463,0,"Flagged due to: unusual file access activity (extremely above normal, z=3.04); high USB device usage (significantly above normal, z=2.37)"
XHW0498,2010-04-27,1,0.0093759816236855,0,"Flagged due to: unusual email activity (extremely below normal, z=-8.0); emails sent to external addresses (significantly below normal, z=-2.21)"
XHW0498,2010-08-10,1,0.020521417084257,1,"Flagged due to: unusual email activity (extremely below normal, z=-10.11); emails sent to external addresses (significantly below normal, z=-2.21)"
XHW0498,2010-09-08,1,0.0350362694068026,1,"Flagged due to: high USB device usage (extremely above normal, z=4.33); unusual file access activity (extremely above normal, z=4.15)"
ZJE0857,2010-12-10,1,0.045967254295135,0,"Flagged due to: unusual email activity (extremely below normal, z=-3.66); unusual number of logins (extremely above normal, z=3.62)"
ZKS0899,2010-03-01,1,0.0123158790761631,0,"Flagged due to: unusual number of logins (significantly above normal, z=2.8); logins from unusual number of PCs (significantly above normal, z=2.8)"
ZKS0899,2010-03-08,1,0.0246913658350889,0,"Flagged due to: unusual number of logins (significantly above normal, z=2.8); logins from unusual number of PCs (significantly above normal, z=2.8)"
ZKS0899,2010-04-26,1,0.0025820617030001,0,"Flagged due to: unusual number of logins (significantly above normal, z=2.8); logins from unusual number of PCs (significantly above normal, z=2.8)"
ZKS0899,2010-05-20,1,0.0062119018141296,0,"Flagged due to: unusual number of logins (significantly above normal, z=2.8); logins from unusual number of PCs (significantly above normal, z=2.8)"
ZKS0899,2010-08-09,1,0.0092721777181484,0,"Flagged due to: unusual number of logins (significantly above normal, z=2.8); logins from unusual number of PCs (significantly above normal, z=2.8)"
ZKS0899,2010-11-10,1,0.089165692304446,0,"Flagged due to: high USB device usage (extremely below normal, z=-10.01); unusual email activity (extremely below normal, z=-8.46)"
ZKS0899,2010-11-23,1,0.0034907305585618,0,"Flagged due to: unusual number of logins (significantly above normal, z=2.8); logins from unusual number of PCs (significantly above normal, z=2.8)"
ZKS0899,2010-11-29,1,0.0166820068337758,0,"Flagged due to: unusual number of logins (significantly above normal, z=2.8); logins from unusual number of PCs (significantly above normal, z=2.8)"
ZKS0899,2010-12-28,1,0.0139579162243403,0,"Flagged due to: unusual email activity (extremely below normal, z=-8.46); emails sent to external addresses (somewhat below normal, z=-1.67)"
ZKS0899,2011-01-25,1,0.008476933678314,0,"Flagged due to: unusual number of logins (significantly above normal, z=2.8); logins from unusual number of PCs (significantly above normal, z=2.8)"
ZKS0899,2011-03-28,1,0.089165692304446,0,"Flagged due to: high USB device usage (extremely below normal, z=-10.01); unusual email activity (extremely below normal, z=-8.46)"
